race_year,race_id,ego_driver_id,teammate_driver_id,n_laps,gap_slope_s_per_age,gap_level_s,quality
2024,2024_22,RUS,HAM,21,0.02586162652980687,0.716019047619049,0.5931246559187525
2024,2024_5,NOR,PIA,39,0.11390707684824908,2.23902564102564,0.6662099762013581
2024,2024_5,RUS,HAM,40,-0.08698381460613287,-0.22573749999999998,0.7031754420164517
2024,2024_5,VER,PER,42,-0.008851758486186715,0.6766666666666671,0.8043412673803719
2024,2024_7,LEC,SAI,57,0.03848993165935215,0.4949368421052631,0.7721230843303927
2018,2018_17,PER,OCO,42,-0.010981406870341008,0.10940000000000015,0.6798456204369021
2018,2018_2,RAI,VET,26,-0.02778218752259072,-0.00963846153846121,0.7840935375640126
2018,2018_3,BOT,HAM,21,0.0016382578455879176,0.26790000000000075,0.5323615460999969
2018,2018_5,RIC,VER,54,0.0033612935298400724,-0.1885703703703701,0.6537049705362358
2018,2018_7,VET,RAI,27,-0.05476617826617804,0.5132962962962987,0.7359963605284584
2018,2018_9,HAR,GAS,12,-0.04262237762237762,-0.2036666666666657,0.6782931641112545
2019,2019_3,NOR,SAI,26,-0.07607762473217025,-0.5897384615384618,0.6322770463920983
2020,2020_17,MAG,FIT,22,0.4319902168825092,1.2536772727272734,0.49871028697050035
2020,2020_2,BOT,HAM,23,0.0369397233201579,-0.28995652173912967,0.7710609869900718
2020,2020_5,VER,ALB,23,-0.17228744242752694,-0.4184086956521778,0.6056185955175374
2020,2020_9,LEC,VET,24,0.09767406809746647,1.6933916666666669,0.5954111772914993
2021,2021_15,SAI,LEC,12,-0.20861188811188852,0.4470833333333353,0.49752595223319657
2021,2021_2,BOT,HAM,22,0.2745454818673613,-3.5004545454545433,0.5171186044917838
2021,2021_7,BOT,HAM,48,0.0684905900305187,0.639008333333333,0.6611529128854982
2022,2022_11,MSC,MAG,52,-0.022692633122961423,-0.5382423076923081,0.6989157491902594
2022,2022_15,STR,VET,25,-0.3994070129870129,-1.1549759999999991,0.5086071317547127
2022,2022_17,SAI,LEC,41,0.02500922034564016,-0.725731707317073,0.6981401814058659
2022,2022_7,VER,PER,50,0.014597098343699703,0.1148599999999999,0.6723955049464956
2022,2022_9,TSU,GAS,25,-0.005089033112582705,-0.1965440000000001,0.7429493004626356
2023,2023_18,SAR,ALB,37,-0.2590173041444287,-1.245602702702702,0.6662102254119113
2023,2023_4,ALB,SAR,43,0.015197825430383604,0.5861395348837207,0.7282281842504481
2024,2024_11,TSU,RIC,8,-0.0010833333333329245,-0.15362500000000345,0.8518345021654581
2024,2024_15,GAS,OCO,65,-0.03548247541580666,0.19394153846153825,0.5822531963196277
2024,2024_16,GAS,OCO,28,0.06007264437689971,0.22962142857142961,0.5731992872316063
2024,2024_18,MAG,HUL,44,0.08398947930574095,-0.2735999999999983,0.6198896626025792
2018,2018_10,RIC,VER,30,0.1600381355932202,0.6017333333333321,0.7677058697807417
2018,2018_10,SAI,HUL,25,0.03289095744680866,-0.02399999999999977,0.6282122988431764
2018,2018_19,RIC,VER,39,0.010452428632296527,-0.5747692307692299,0.666438727837323
2018,2018_2,OCO,PER,24,0.14294857142857162,1.0431333333333341,0.4656719437661159
2018,2018_8,RIC,VER,40,0.030706482481442227,-0.6542574999999996,0.7250292687890308
2019,2019_10,HAM,BOT,35,-0.14585163321526914,-1.5495714285714273,0.6621751015724854
2019,2019_10,VET,LEC,25,-0.20426464134025552,-0.17588799999999993,0.712457743226784
2019,2019_16,VET,LEC,18,-0.009344685242518306,0.18572222222222162,0.852521257736552
2019,2019_17,LEC,VET,12,-0.324821407624634,-2.9601833333333354,0.62676967630964
2019,2019_2,LEC,VET,45,0.07002471564087558,0.675577777777778,0.6679532419721028
2019,2019_3,BOT,HAM,49,-0.03465874174390851,-0.45811428571428475,0.7046510458406621
2020,2020_14,LEC,VET,44,0.12148122231774612,0.819249999999998,0.5013149166947835
2020,2020_16,RIC,OCO,22,-0.2837363636363635,-1.6009681818181827,0.6959071648695064
2020,2020_1,NOR,SAI,49,0.00857160875629157,0.2638897959183679,0.7480088486784767
2020,2020_2,ALB,VER,20,0.03587593984962389,-0.9919500000000028,0.8412968735505226
2020,2020_3,PER,STR,46,0.10565995370370349,-0.40914130434782753,0.5377363387969628
2020,2020_3,VER,ALB,62,-0.07460960440610603,0.16197419354838732,0.6715657445645568
2021,2021_10,MSC,MAZ,45,0.09536029492080844,-0.41695555555555314,0.6540204714585504
2021,2021_1,BOT,HAM,39,-0.019115022485691253,-0.18259999999999985,0.7528323809952079
2021,2021_1,HAM,BOT,39,0.016047514428122057,0.18259999999999985,0.752832380995208
2021,2021_2,MSC,MAZ,36,0.05017927192641533,2.3243222222222233,0.32085189521414975
2021,2021_7,HAM,BOT,48,-0.06673073492074373,-0.6390083333333333,0.6611529128854984
2022,2022_11,ALO,OCO,14,0.17741428571428602,0.019107142857145782,0.6954915804738945
2022,2022_13,STR,VET,58,0.046261503260963885,0.8598413793103465,0.6370917214260735
2022,2022_18,RUS,HAM,21,0.0896132530120478,-1.1742857142857122,0.5341312970067708
2022,2022_21,OCO,ALO,19,0.35878268561080956,2.599757894736844,0.6396851534740415
2022,2022_9,LEC,SAI,15,-0.059039646133682934,-1.9378000000000015,0.6125682737652369
2023,2023_14,HUL,MAG,27,-0.2389852931578375,0.014466666666666373,0.6919819290341075
2023,2023_19,LEC,SAI,61,-0.03507737531284768,-0.20098360655737782,0.8302209627330559
2023,2023_19,SAR,ALB,51,-0.06647863095816162,-0.855517647058824,0.6500842163222701
2023,2023_1,PER,VER,45,0.08546401341334275,0.027246666666667984,0.6667711005605887
2023,2023_1,SAR,ALB,36,-0.024155680224403966,-0.06602777777777764,0.7697316152880023
2023,2023_21,HAM,RUS,36,-0.00923711434363268,-0.2332249999999997,0.5758798207118192
2023,2023_5,ZHO,BOT,13,-0.0247736263736272,0.04849230769230836,0.7790865007291424
2023,2023_7,HAM,RUS,40,0.15446732530751128,1.1275800000000005,0.6931630735834842
2024,2024_14,MAG,HUL,27,0.07492220203662092,1.0406962962962973,0.6169316930937297
2024,2024_19,BOT,ZHO,25,-0.04794728260869557,0.5195479999999987,0.6649219441832155
2024,2024_3,NOR,PIA,22,0.013711466865227862,0.08720454545454327,0.7594580859753006
2018,2018_2,VAN,ALO,17,-0.14550174365942042,-1.419958823529413,0.697076351069502
2018,2018_3,SIR,STR,22,-0.009563984339792803,0.1495181818181799,0.7796497870358081
2019,2019_15,VER,ALB,46,0.07094885103820195,1.0415695652173909,0.6468530744675993
2019,2019_16,RIC,HUL,12,-0.11005594405594495,-1.8448333333333338,0.6560236486882666
2019,2019_19,GIO,RAI,46,-0.09813267124230568,-0.5172826086956519,0.5894314536897621
2020,2020_12,GRO,MAG,51,0.19598171600138573,1.8499215686274517,0.5386935926643253
2020,2020_14,VER,ALB,11,0.4048480898876404,2.900636363636362,0.36975336654784224
2020,2020_9,PER,STR,29,-0.041070720000000414,-0.3438206896551718,0.6873305785551515
2021,2021_9,RIC,NOR,63,0.044769311983107504,-0.7361619047619047,0.7282447236373993
2022,2022_15,MSC,MAG,55,-0.07199284807885258,0.1413709090909084,0.645437588225823
2022,2022_15,TSU,GAS,26,0.026532989045383305,0.09027692307692146,0.7854511967493247
2022,2022_22,GAS,TSU,31,0.01761665103189492,-0.5225483870967728,0.6923412689391923
2022,2022_2,SAI,LEC,39,0.024701625615763525,-0.19948717948717914,0.7422344460876226
2023,2023_12,ZHO,BOT,37,-0.8003536924060194,-3.894078378378377,0.5214040284861552
2023,2023_15,ALB,SAR,54,-0.014629790867437167,-0.5704629629629636,0.6218981879522092
2023,2023_20,RIC,TSU,63,0.08906985480098119,0.7037999999999998,0.6431159537490353
2023,2023_21,OCO,GAS,33,-0.06145759356929531,-0.24572727272727257,0.6418260766052081
2023,2023_6,NOR,PIA,68,-0.4728968161965202,-6.043935294117645,0.537317234588559
2023,2023_7,HUL,MAG,50,0.025494400273309285,-0.17212600000000094,0.6004155592676121
2024,2024_12,BOT,ZHO,31,0.18217665656128212,-0.5207387096774198,0.44659346576221065
2024,2024_12,MAG,HUL,44,0.06644427512569306,-0.6716909090909094,0.6130142102695256
2024,2024_12,SAI,LEC,34,0.06346322652757058,0.09937647058823691,0.640685510671354
2024,2024_19,STR,ALO,43,-0.015038028802880077,-0.13091860465116198,0.6847318334618101
2024,2024_5,ALO,STR,18,0.23994209392503266,0.6034999999999991,0.6313509561643375
2024,2024_9,GAS,OCO,42,0.0035005140255543717,0.3023000000000008,0.5546066697305457
2018,2018_18,SAI,HUL,49,-0.040408164356803854,-0.31051836734693855,0.7451923557514912
2018,2018_1,HAM,BOT,13,0.09100000000000032,1.8307692307692316,0.6801515028326311
2018,2018_3,ERI,LEC,21,-0.017503889753278545,0.9920000000000011,0.752342847275194
2019,2019_10,LEC,VET,25,0.20327134261444144,0.17588799999999993,0.712457743226784
2019,2019_18,SAI,NOR,26,-0.09333238366571757,-0.10166153846153819,0.5300077465603396
2019,2019_6,MAG,GRO,8,-0.027309523809523777,0.7367500000000025,0.6868982871270334
2020,2020_15,LAT,RUS,37,-0.09810252299723161,-0.27347837837837774,0.6399432932668659
2020,2020_2,OCO,RIC,21,-0.021428571428571595,-0.07787619047618932,0.7975009103560037
2020,2020_3,GRO,MAG,63,-0.01937929848531681,-1.1507174603174604,0.5185024473161742
2020,2020_3,STR,PER,46,-0.10781462559745053,0.40914130434782753,0.5377363387969629
2020,2020_6,RIC,OCO,61,-0.006173112210340363,0.1051868852459018,0.5893117219374221
2020,2020_7,VER,ALB,38,-0.06051681876739849,0.20757368421052702,0.6987801129464465
2021,2021_14,PER,VER,20,0.04247443609022556,-0.1954500000000003,0.7730578552202874
2021,2021_19,LAT,RUS,57,-0.028407017135406776,-0.4537333333333322,0.6055646069083372
2021,2021_21,GAS,TSU,13,0.7463170784103111,-1.721761538461538,0.44189675543384344
2021,2021_21,RAI,GIO,14,-0.04410891719745227,-0.9597999999999993,0.4787330981713644
2021,2021_7,VER,PER,16,-0.040407352941176373,0.3386874999999998,0.8305268597231461
2022,2022_13,BOT,ZHO,44,0.05570780022446686,0.43048636363636467,0.7251630553128049
2022,2022_14,NOR,RIC,32,0.10602703030303066,0.4704468749999986,0.521373035584118
2022,2022_7,BOT,ZHO,49,0.09623784811938833,0.6942326530612235,0.5295500029647413
2023,2023_14,NOR,PIA,33,-0.0017803693570450998,0.01960606060605862,0.8433186464732888
2023,2023_17,LAW,TSU,42,0.14959106718070705,-0.4290547619047641,0.6010481609972042
2023,2023_22,PIA,NOR,46,-0.030772658554572067,-0.25753478260869495,0.6933631375415782
2023,2023_2,BOT,ZHO,24,0.08510259829395081,-0.6058083333333327,0.6180507779897618
2023,2023_2,PER,VER,44,-0.04515693380496664,0.39586363636363653,0.7154081688794226
2023,2023_6,SAR,ALB,36,-0.21624773986350884,-1.3925222222222213,0.3921229679145256
2024,2024_10,ALB,SAR,11,-0.017397744360903113,0.5659545454545413,0.6808327881730325
2024,2024_16,PIA,NOR,25,0.026433561979421427,0.03902400000000114,0.8088124702984513
2024,2024_3,BOT,ZHO,45,-0.10801627712196765,-0.2785822222222218,0.571756414091263
2024,2024_4,NOR,PIA,18,0.08509428571428566,0.5505444444444447,0.6787933085819058
2024,2024_6,SAR,ALB,20,-0.023065276211950998,-0.08833000000000268,0.7954192067123502
2018,2018_16,ERI,LEC,32,0.027262784090909282,-0.6844687500000015,0.6806084182435144
2018,2018_20,ERI,LEC,16,-0.10269411764705834,-1.6068750000000014,0.5540621665117302
2018,2018_4,BOT,HAM,17,-0.001916985951468207,-0.45688235294117624,0.7129193847940406
2018,2018_5,VER,RIC,54,-0.0025949766234532557,0.1885703703703701,0.6537049705362359
2019,2019_1,HAM,BOT,13,0.007302197802197144,-0.21299999999999933,0.8535442733673617
2019,2019_6,GIO,RAI,66,0.028454716548852954,0.3587181818181811,0.46188789158038834
2019,2019_7,RUS,KUB,33,-0.03250980797881135,0.7967272727272724,0.5647595187541973
2019,2019_9,GIO,RAI,66,-0.0038452574784539335,-0.09194696969696926,0.6835350680585828
2021,2021_14,OCO,ALO,42,0.0010524078047802262,-0.19540476190476075,0.7234816645749869
2021,2021_17,RIC,NOR,49,0.006739877639547965,0.04517142857142785,0.7009947059011131
2021,2021_18,SAI,LEC,25,0.01009153846153855,-0.06811999999999899,0.8380149396980184
2021,2021_1,OCO,ALO,19,0.020925827814569642,0.18766315789473778,0.6439355533234604
2021,2021_2,GAS,TSU,24,-0.21605606471285804,0.08855416666667064,0.40902818978674843
2021,2021_8,NOR,RIC,27,0.039097387661542145,1.0668888888888883,0.6735318668002206
2022,2022_5,PER,VER,35,-0.035366742679263236,-0.7853142857142862,0.7214549932376861
2022,2022_7,NOR,RIC,34,-0.12318940036569959,4.440014705882354,0.4713067327683009
2023,2023_12,TSU,RIC,21,-1.0498849515833546,-6.7577333333333325,0.40126186926027796
2023,2023_19,SAI,LEC,61,0.035919972413357676,0.20098360655737782,0.8302209627330559
2023,2023_5,SAR,ALB,18,-0.0013195046439628752,-0.01061111111111204,0.7562306747506714
2023,2023_6,OCO,GAS,51,-0.29610467011059904,-2.637894117647057,0.5558081426237181
2023,2023_8,SAI,LEC,58,0.007172614305249997,0.06864137931034607,0.7800401064695587
2024,2024_10,TSU,RIC,26,-0.1090753191489363,-0.3496538461538459,0.5203515213153646
2024,2024_12,ZHO,BOT,31,-0.14380733944954152,0.5207387096774198,0.4465934657622106
2024,2024_16,BOT,ZHO,13,0.022119780219781098,0.2188307692307719,0.7529085250299806
2024,2024_23,NOR,PIA,35,-0.004788584256059704,0.15268571428571412,0.7592938115823279
2024,2024_24,LAW,TSU,16,0.030340990990990992,0.23923749999999977,0.7064233130157641
2024,2024_6,SAI,LEC,17,-0.03540196078431408,-0.030882352941179313,0.8329284140711506
2018,2018_12,VAN,ALO,39,0.012316628083628746,-0.1781025641025633,0.7623344569054902
2018,2018_16,SAI,HUL,45,-0.04311295597484275,-1.3513777777777773,0.4621273436041437
2018,2018_16,VET,RAI,11,0.006554545454544582,0.29245454545454147,0.7773032690259091
2019,2019_14,KVY,GAS,26,-0.04683452991452985,0.5022692307692296,0.6408635539057623
2019,2019_5,LEC,VET,17,0.08344607843137304,0.4186470588235288,0.714154530201299
2020,2020_2,VER,ALB,20,-0.03587593984962389,0.9919500000000028,0.8412968735505226
2020,2020_4,RAI,GIO,34,-0.010286795926586443,-0.3545882352941188,0.6986136641086397
2021,2021_13,TSU,GAS,22,0.0579672501411634,-1.902499999999997,0.7431168257713586
2021,2021_4,RUS,LAT,42,0.04425188077325974,0.2697380952380958,0.7039983885301077
2022,2022_16,ZHO,BOT,14,-0.0715597837837838,0.5814285714285694,0.6868492944171551
2022,2022_17,MAG,MSC,22,-0.09604035036738784,0.24918181818181814,0.5204288312596481
2022,2022_18,GAS,TSU,18,-0.17626752503576573,-0.3779444444444443,0.4812349129692042
2022,2022_5,MSC,MAG,33,-0.011891307752544805,-0.011484848484847342,0.6352785088915103
2022,2022_8,VER,PER,41,0.018944931773879195,0.24875609756097417,0.6736142326531086
2023,2023_10,ZHO,BOT,36,0.15997151841868842,0.7450777777777774,0.6966405286763881
2023,2023_11,LEC,SAI,61,0.028423464315952073,0.13626721311475445,0.730863591083868
2023,2023_20,HAM,RUS,47,0.10383002130718262,0.09449574468085253,0.6787839640200184
2023,2023_2,TSU,DEV,45,-0.029097084548104866,0.33526666666666705,0.6460354353013388
2023,2023_8,PIA,NOR,57,-0.05216809467521201,-0.37786666666666857,0.7775908988674248
2024,2024_18,BOT,ZHO,57,0.022222004449624057,0.017929824561400614,0.6920554323518943
2024,2024_8,SAR,ALB,54,0.0035634076615209407,-0.3380000000000007,0.5471798604838821
2018,2018_10,MAG,GRO,27,0.02327880963778524,0.17988148148148067,0.7368336773177488
2018,2018_17,ALO,VAN,29,-0.04062712477396049,0.5225379310344832,0.5777823793136371
2018,2018_1,PER,OCO,45,-0.05001129943502823,-0.116044444444444,0.7350107296499705
2018,2018_21,RIC,VER,10,-0.0008742762613733724,0.11469999999999914,0.63835495672056
2018,2018_7,GRO,MAG,17,0.05488970588235342,0.015529411764706472,0.6875842919679492
2018,2018_9,RIC,VER,34,-0.015528631201434613,-0.14699999999999971,0.8291390567639221
2019,2019_12,NOR,SAI,65,0.028758293641343215,0.48892923076923167,0.7121872769896985
2019,2019_13,GIO,RAI,34,0.2458473413079542,0.44799999999999995,0.562601117764367
2019,2019_18,HAM,BOT,19,-0.06205438596491207,0.2503684210526311,0.6524124458436283
2020,2020_16,GIO,RAI,43,-0.0029637505111490127,0.16369767441860453,0.7228719430424486
2020,2020_8,GIO,RAI,35,0.07772079965691298,0.10298857142857197,0.6897415935559716
2020,2020_8,RAI,GIO,35,-0.07812740117746013,-0.10298857142857197,0.6897415935559721
2021,2021_14,VET,STR,39,0.14037086526858222,0.23514871794871647,0.624937811289069
2021,2021_19,MSC,MAZ,19,-0.2610652849740936,-1.686252631578947,0.5949127789450054
2021,2021_1,RUS,LAT,23,0.10429077558513106,0.32073043478261065,0.6941934354180017
2022,2022_12,ALB,LAT,32,-0.009116760494703158,0.30303124999999875,0.750836799561415
2022,2022_13,RUS,HAM,14,0.22027314949201743,1.395385714285715,0.6625043426081328
2022,2022_13,SAI,LEC,13,-0.03508791208791199,-0.03530769230769364,0.8110601555087718
2022,2022_19,TSU,GAS,38,0.0018994943929477146,-0.15978947368420984,0.6689023887459662
2022,2022_22,LEC,SAI,26,-0.027193513978494586,0.06717692307692257,0.7500904768557182
2023,2023_6,BOT,ZHO,71,0.04128408978588707,1.347863380281691,0.50738586706063
2024,2024_13,VER,PER,38,-0.15001474549588953,-0.3782526315789473,0.5110143461387
2024,2024_2,PER,VER,45,0.01052727926208268,-0.2027555555555529,0.7942460066560779
2018,2018_13,SIR,STR,36,-0.015113333333333206,0.019333333333332488,0.6253620241355241
2019,2019_9,STR,PER,64,0.011477731370615743,0.05463593749999873,0.6973219037499441
2020,2020_3,ALB,VER,62,0.07698737464643853,-0.16197419354838757,0.6715657445645569
2021,2021_11,RUS,LAT,62,0.10127793642193832,0.96291935483871,0.7661837710914953
2021,2021_16,NOR,RIC,19,-0.014371929824561641,1.110894736842106,0.6676831792292963
2021,2021_19,ALO,OCO,21,0.03884134023955971,-0.10609523809523716,0.7688587555226091
2021,2021_9,MSC,MAZ,21,0.0037147170546409096,0.2441428571428569,0.6223820078542701
2022,2022_10,STR,VET,12,-0.10844775044991074,0.1172000000000016,0.5455906451407374
2022,2022_13,ALB,LAT,43,-0.11235073120795565,0.16301162790697582,0.6251592583427489
2022,2022_18,ZHO,BOT,8,-1.2221601731601734,-1.0621249999999964,0.35971499799582207
2022,2022_1,PER,VER,36,-0.04400345928006092,-0.061141666666668947,0.6355600797175223
2022,2022_20,MSC,MAG,22,0.31838023715415037,2.5104545454545444,0.5954311971711472
2022,2022_20,RIC,NOR,29,0.0074822660098523884,-0.10362068965517275,0.7864565924260688
2022,2022_20,SAI,LEC,65,-0.0013789874052845695,0.12608461538461532,0.7540298480175829
2023,2023_6,HUL,MAG,58,-0.1707459274906339,0.31775344827586277,0.548124965028087
2024,2024_10,LEC,SAI,12,0.007206024744486566,-0.023666666666665986,0.8832852796701318
2024,2024_13,RUS,HAM,14,0.1497384615384623,-0.8179285714285699,0.7062797111034492
2024,2024_15,RIC,TSU,50,0.12728244783049192,1.4257360000000006,0.6195134874488432
2024,2024_6,RUS,HAM,44,-0.5669697115609369,-2.893334090909092,0.4977551013122287
2018,2018_11,ALO,VAN,18,-0.1762378670682454,1.7907777777777751,0.3162365278492143
2018,2018_11,SAI,HUL,32,-0.27080674645462727,-1.8425437500000013,0.5998808301941462
2018,2018_1,RIC,VER,43,-0.3853804822924881,-1.853348837209301,0.5949465280388501
2018,2018_6,ERI,LEC,64,-0.01810661064945914,-0.210031250000001,0.7086832690028636
2018,2018_8,SIR,STR,43,0.0033634853518572845,-0.03637209302325334,0.7133403003509469
2019,2019_1,VET,LEC,11,0.04944993324432576,0.7422727272727265,0.6852364846980711
2019,2019_3,HUL,RIC,8,-0.002892857142856576,-0.401625000000001,0.816663796617081
2019,2019_4,STR,PER,46,0.0120799750852471,-0.5122173913043475,0.6129361470189468
2021,2021_18,BOT,HAM,24,-0.0018169565217390608,-4.711324999999998,0.5764300683497239
2021,2021_18,GIO,RAI,11,-0.08442727272727239,0.34828181818181747,0.6806970306852441
2021,2021_5,BOT,HAM,27,0.013633699633699559,0.6785703703703682,0.7272279749109484
2021,2021_8,LEC,SAI,53,-0.07867867582226741,-0.01618113207547206,0.6929238457534533
2022,2022_12,GAS,TSU,9,0.16006666666666852,-0.8797999999999999,0.7219591619570507
2022,2022_7,OCO,ALO,54,0.02421946144920572,-0.3087962962962944,0.6189998253165828
2023,2023_10,LEC,SAI,16,-0.00259411764705886,0.10737500000000022,0.7575736754763598
2023,2023_19,STR,ALO,36,0.017250109412790583,0.26121111111111106,0.6354677162403712
2023,2023_21,SAR,ALB,37,0.028155675457698273,0.01665945945945981,0.6517863689916081
2024,2024_11,SAI,LEC,13,0.10793736263736263,0.5775999999999973,0.7687893539209735
2024,2024_3,HUL,MAG,25,0.027593333333333067,-0.12056000000000268,0.6542534107550791
2019,2019_18,NOR,SAI,26,0.09029014347681065,0.10166153846153819,0.5300077465603396
2020,2020_15,RAI,GIO,26,0.19787227479845795,0.2914615384615375,0.5992399145632479
2023,2023_3,ZHO,BOT,44,-0.005415325714693787,0.3595909090909098,0.6196496621135779
2019,2019_1,BOT,HAM,13,-0.007302197802197144,0.21299999999999933,0.8535442733673617
2019,2019_3,HAM,BOT,49,0.04650488731324381,0.45811428571428475,0.7046510458406621
2019,2019_3,SAI,NOR,26,0.043653423120089734,0.5897384615384612,0.6322770463920983
2019,2019_4,HUL,RIC,24,-0.05401088257292426,-0.8021749999999989,0.5450298064933502
2020,2020_10,ALB,VER,41,0.07366092328767143,-2.785585365853657,0.42629251667109463
2020,2020_15,KVY,GAS,8,0.2925142857142847,1.2578500000000048,0.6537489748587277
2020,2020_2,RUS,LAT,59,-0.08602166038159059,-0.3055220338983053,0.6796393353580904
2020,2020_5,SAI,NOR,10,0.11129090909090891,-0.19830000000000042,0.7676712396334058
2021,2021_10,MAZ,MSC,45,-0.08296290231507639,0.41695555555555347,0.6540204714585507
2024,2024_8,RIC,TSU,74,-0.0024102184376156577,-0.5225405405405418,0.516491693140917
2018,2018_13,PER,OCO,37,-0.023871374331350666,0.13568648648648482,0.7212707457183635
2019,2019_10,VER,GAS,15,-0.09752321428571363,0.24776666666666547,0.7427178940335531
2019,2019_11,VET,LEC,10,0.2193454545454556,-1.7708,0.5182749565138829
2019,2019_13,RAI,GIO,34,-0.21369347469668826,-0.4480000000000004,0.5626011177643672
2020,2020_5,VET,LEC,16,-0.0434014705882349,-0.9925624999999991,0.6927752620149894
2020,2020_7,ALB,VER,38,0.06051681876739848,-0.20757368421052702,0.6987801129464465
2020,2020_7,GIO,RAI,8,0.02421428571428528,-0.054000000000002046,0.7799440406775945
2021,2021_14,LAT,RUS,41,-0.005218077257428312,0.08978048780487764,0.7005924178538617
2021,2021_15,VER,PER,26,0.008171060027809793,0.17653846153846223,0.617810207055071
2021,2021_16,RUS,LAT,53,0.04682133364443274,-0.1636773584905654,0.5929771562675809
2021,2021_7,MSC,MAZ,13,0.041243956043954956,-0.7777846153846151,0.5253374037581263
2021,2021_8,MSC,MAZ,19,0.01708421052631557,-0.021578947368419376,0.7448693757378737
2022,2022_2,PER,VER,38,0.005311480623996812,-0.009184210526314766,0.7332519021747204
2023,2023_5,NOR,PIA,52,-0.0009221492244724191,0.7423461538461544,0.6580601132426642
2024,2024_4,RUS,HAM,42,0.08623308430003519,0.349257142857144,0.6403983200294756
2018,2018_4,VAN,ALO,15,-0.08676258833922312,-1.1151333333333326,0.44181597818358437
2018,2018_9,GAS,HAR,12,0.04262237762237762,0.2036666666666657,0.6782931641112545
2019,2019_15,SAI,NOR,17,-0.0361632352941184,-1.4055294117647061,0.4888447176825779
2019,2019_16,HUL,RIC,12,0.11005594405594495,1.8448333333333338,0.6560236486882666
2019,2019_19,KVY,GAS,32,-0.2386022405411116,-0.9591500000000002,0.5924676281608842
2020,2020_11,RAI,GIO,26,0.1936235978529878,0.804692307692307,0.6680696419743357
2020,2020_11,RUS,LAT,9,0.008283333333333337,0.2038888888888882,0.7795055409460223
2021,2021_10,SAI,LEC,42,0.05184828482556168,-0.5825952380952386,0.7809603383501537
2021,2021_15,RAI,GIO,14,0.03468968105065644,1.4301428571428565,0.5805637363814825
2021,2021_22,OCO,ALO,13,-0.0714659340659346,0.22528461538461586,0.7868311040291732
2022,2022_4,BOT,ZHO,56,-0.027548925290344934,1.0326249999999992,0.6329930032128068
2022,2022_4,MAG,MSC,42,-0.07229475295870222,0.4936190476190473,0.6200614012852749
2022,2022_5,MAG,MSC,33,0.009384269662921135,0.011484848484847342,0.6352785088915103
2023,2023_11,HUL,MAG,47,0.055144020846238546,0.46277234042553245,0.616981946886304
2023,2023_13,PIA,NOR,13,0.5503943560057871,-2.826184615384616,0.30580835635373227
2018,2018_13,BOT,HAM,16,0.1935014705882355,-2.651437500000001,0.6282977370860934
2018,2018_6,VAN,ALO,48,-0.006724285183809714,-0.4596666666666656,0.537087590467157
2019,2019_19,ALB,VER,9,-0.268008333333333,-0.9742222222222223,0.606899059420155
2019,2019_9,VER,GAS,23,-0.058147233201580856,0.02426086956522078,0.6866858292446317
2020,2020_5,HUL,STR,34,-0.00750714285714246,0.2434411764705887,0.7250539676524967
2022,2022_3,MSC,MAG,8,0.029057142857144135,1.1325749999999957,0.7028674860463763
2023,2023_13,LEC,SAI,28,-0.09671073256221553,-2.0676214285714303,0.634834791131136
2023,2023_18,SAI,LEC,14,-0.016242487046631646,-0.20214285714285601,0.69351268208179
2021,2021_5,GIO,RAI,31,-0.018772580645161404,0.4606064516129024,0.7126266343418253
2022,2022_11,MAG,MSC,52,0.02253466216598469,0.5382423076923086,0.6989157491902591
2022,2022_16,HAM,RUS,19,0.10364182067077347,-1.1907947368421055,0.6755651835787506
2022,2022_5,LEC,SAI,45,0.010848953292587444,0.4597333333333334,0.714782396095969
2022,2022_6,ZHO,BOT,8,0.0038571428571425805,-2.0753500000000003,0.8280012356742853
2024,2024_17,OCO,GAS,46,0.08769131467072674,0.5372521739130428,0.6255746757315271
2024,2024_22,NOR,PIA,20,0.11673932107496474,0.06746000000000052,0.6265661607480105
2018,2018_15,LEC,ERI,33,0.010656417112299619,0.24996969696969726,0.7272807987058254
2018,2018_21,SIR,STR,28,-0.04271062716486108,-0.561749999999999,0.6182103370533676
2018,2018_8,SAI,HUL,20,-0.2121808270676685,-2.1755749999999985,0.6161845874280565
2019,2019_18,STR,PER,16,0.02173382352941178,-0.25643749999999965,0.6500658516380134
2019,2019_1,RIC,HUL,10,0.14571515151515232,0.15450000000000016,0.6578590973133264
2019,2019_8,GAS,VER,44,0.05403287477789947,-1.634331818181819,0.6444818057943524
2021,2021_8,RAI,GIO,21,0.013536363636363603,-0.12024761904762031,0.737677252185224
2022,2022_16,MAG,MSC,18,-0.048620388084175827,-0.24694444444444408,0.6651268974399808
2022,2022_21,HAM,RUS,30,-0.06464177157033905,-0.7825066666666658,0.739764947146104
2023,2023_18,TSU,RIC,14,-0.07864615384615378,0.2135714285714272,0.7687070902162741
2024,2024_11,ALB,SAR,9,0.014533333333332621,-0.16977777777777842,0.8256873708001927
2018,2018_15,GRO,MAG,11,-0.3791272727272728,0.50536363636364,0.6235351781341203
2018,2018_20,VER,RIC,33,-0.018998328877005567,0.21254545454545484,0.7167574238266958
2019,2019_10,PER,STR,11,-0.026199999999998884,0.13509090909090948,0.8479339978455056
2019,2019_21,RIC,HUL,9,-0.004900000000000186,0.012555555555555506,0.8559058197215863
2019,2019_7,STR,PER,9,-0.03561666666666478,-0.7929333333333344,0.7512332215570411
2020,2020_8,STR,PER,43,-0.07496121986983263,-0.43397674418604654,0.6975503399879317
2021,2021_14,HAM,BOT,22,-0.04105194805194791,0.19259090909091015,0.6209561349260309
2021,2021_15,LAT,RUS,42,0.07866198190698541,-0.29664285714285554,0.6197433899426538
2021,2021_15,LEC,SAI,12,0.20861188811188794,-0.44708333333333644,0.49752595223319657
2024,2024_19,COL,ALB,24,0.025387339672711142,0.7499291666666666,0.6601259237979585
2019,2019_10,RAI,GIO,15,-0.05197142857142925,0.3828000000000022,0.6774121022716723
2019,2019_16,VER,ALB,44,0.2240206634040237,2.224318181818182,0.5088944209700276
2019,2019_7,ALB,KVY,9,-0.11805000000000138,-1.3262222222222197,0.7080779993372923
2021,2021_18,VER,PER,28,-0.01754679802955659,0.40807142857142764,0.771176643462319
2022,2022_22,BOT,ZHO,13,-0.0566879120879124,-1.3022615384615375,0.6518370486526924
2023,2023_18,PIA,NOR,8,0.08691666666666635,-0.6946250000000003,0.6651281355989015
2024,2024_17,RIC,TSU,10,-0.07754848484848402,0.9743500000000012,0.4488231043739762
2024,2024_18,RUS,HAM,15,-0.029092857142856483,-0.6238000000000009,0.8174978144083588
2024,2024_6,VER,PER,40,-0.5636440450325891,-3.9791750000000006,0.6003707697952544
2018,2018_11,VAN,ALO,18,0.2878096661036766,-1.7907777777777751,0.3162365278492143
2018,2018_9,LEC,ERI,10,-0.04883415977961355,-0.5685599999999994,0.6993602277370021
2019,2019_16,HAM,BOT,45,-0.03302943623881828,0.3283333333333328,0.7423561969224047
2019,2019_18,GAS,KVY,37,0.0662819967860661,-0.029199999999998776,0.6070726436829165
2019,2019_9,VET,LEC,44,0.022036634295354178,0.08832727272727196,0.7899591090343361
2020,2020_14,VET,LEC,44,-0.10142267547639564,-0.8192499999999974,0.5013149166947836
2020,2020_15,HAM,BOT,24,0.3558692870201097,0.598808333333336,0.5775753590730868
2020,2020_8,VER,ALB,20,0.07336838799720861,0.013189999999998748,0.6632501363051149
2021,2021_15,VET,STR,11,-0.02635405405405336,-0.30263636363636565,0.6006560434232519
2021,2021_17,GAS,TSU,9,0.022869705882353566,-0.49253333333333493,0.5320578672856766
2021,2021_18,PER,VER,28,0.01754679802955659,-0.40807142857142764,0.771176643462319
2021,2021_19,SAI,LEC,56,0.01786911656105154,0.048682142857144485,0.7842917629729038
2021,2021_1,GIO,RAI,44,-0.0817312492901761,-0.18995000000000092,0.7261586533198133
2021,2021_1,RIC,NOR,45,0.02069735909472461,-0.34540888888888777,0.7431052227134873
2021,2021_20,PER,VER,46,-0.01896095172818908,-1.3111521739130436,0.6060422603217538
2021,2021_20,RAI,GIO,23,0.12861788691554937,0.523391304347826,0.6704129645214512
2021,2021_20,SAI,LEC,51,0.06149524353375869,0.2028823529411769,0.6365502310380676
2021,2021_22,NOR,RIC,40,0.04378332870241744,0.5650750000000009,0.8049855425046228
2021,2021_2,STR,VET,39,-0.5048166041275798,-1.6429384615384623,0.4103632726522231
2021,2021_2,TSU,GAS,24,0.42455397071247547,-0.08855416666667064,0.40902818978674843
2021,2021_9,BOT,HAM,46,-0.012835526369127407,0.14482608695652188,0.7873470069864082
2022,2022_15,ALO,OCO,22,0.36378412107285746,2.175281818181816,0.5171453774580235
2022,2022_1,ZHO,BOT,44,-0.09022112245788552,-0.6986000000000019,0.5982104430575517
2023,2023_13,SAI,LEC,28,0.09367750078100616,2.0676214285714294,0.634834791131136
2023,2023_18,PER,VER,47,-0.004617214175904054,-0.3733659574468078,0.7339229097810828
2023,2023_1,SAI,LEC,31,-0.0018548961980990966,-0.056806451612904006,0.7441922542877367
2023,2023_4,BOT,ZHO,24,-0.04747471698113226,-0.23424999999999882,0.6770617309461023
2023,2023_9,ALO,STR,23,-0.11927263177294513,0.34326956521739205,0.7365044286623464
2023,2023_9,PER,VER,50,-0.10829483189319809,-1.1385900000000022,0.6131124029304391
2024,2024_10,HUL,MAG,23,-0.0787235241099601,0.3409130434782606,0.6859670278541907
2024,2024_19,PER,VER,47,0.040905150072952194,-0.8687404255319146,0.7380471886669632
2018,2018_10,BOT,HAM,19,-0.17745263157894758,0.08500000000000123,0.7016916460600576
2018,2018_12,GAS,HAR,16,-0.11468235294117674,0.7460000000000022,0.6878010130414349
2018,2018_15,SAI,HUL,10,-0.0974666666666674,-0.025600000000007127,0.757613534680631
2018,2018_19,VET,RAI,39,0.0646040932788501,0.4989743589743577,0.6607648076531284
2018,2018_20,HUL,SAI,21,0.021164935064935043,0.0033333333333323317,0.7644811890971233
2018,2018_20,STR,SIR,60,-0.044385938486895524,-0.5567299999999998,0.5967315337315892
2018,2018_6,SIR,STR,13,-0.022970667113644434,0.3227692307692317,0.4631766122487714
2019,2019_20,GIO,RAI,53,0.026327773566223293,-0.16131320754716844,0.7153358865763135
2019,2019_7,KVY,ALB,9,0.11805000000000138,1.3262222222222197,0.7080779993372923
2019,2019_9,MAG,GRO,9,0.0007499999999995474,0.4181111111111101,0.5986560411743278
2020,2020_11,SAI,NOR,36,-0.04928669656203288,0.4778888888888887,0.6065313880689811
2020,2020_12,RAI,GIO,9,-0.6025333333333334,0.27531111111111134,0.5280311482633652
2020,2020_14,KVY,GAS,25,0.18079334990677431,0.5076400000000012,0.5104899015828854
2020,2020_5,MAG,GRO,22,-0.47102427790788415,-2.262563636363638,0.47303949675069923
2021,2021_5,VET,STR,29,-0.11645812807881788,1.2363448275862083,0.6999087031618149
2021,2021_6,BOT,HAM,39,-0.05992699350507584,-1.1307692307692305,0.6233400963831774
2021,2021_9,GIO,RAI,24,-0.044030629991126974,-0.7579750000000031,0.7514218223962453
2021,2021_9,SAI,LEC,30,0.127842491657397,1.0939999999999979,0.7606591259804919
2022,2022_13,OCO,ALO,60,-0.013732632802285507,-0.34123666666666563,0.6630112770669532
2022,2022_13,ZHO,BOT,44,-0.048010247933884254,-0.43048636363636467,0.7251630553128049
2022,2022_16,RIC,NOR,15,-0.0010499999999998377,0.00539999999999831,0.8161453533958896
2022,2022_21,STR,VET,31,-0.0326082717509114,-0.33851612903225714,0.5767707821195731
2022,2022_7,ZHO,BOT,49,-0.16436471547125067,-0.6942326530612238,0.5295500029647411
2023,2023_13,MAG,HUL,13,-1.8274523121387274,4.474653846153846,0.42870281168583424
2023,2023_13,SAR,ALB,13,0.3316263736263738,-3.1921538461538477,0.36022580496491324
2023,2023_14,MAG,HUL,27,0.21673474240422716,-0.014466666666666898,0.6919819290341074
2023,2023_15,PIA,NOR,55,0.013284201560292074,-0.8757818181818195,0.6438738527787464
2023,2023_18,BOT,ZHO,48,-0.022663182083264642,-0.08627083333333314,0.7087799307626156
2023,2023_4,ALO,STR,46,-0.03326344647610203,-0.14495652173913087,0.7353717198397165
2024,2024_11,VER,PER,55,-0.08078072758770037,0.5388581818181811,0.7431273512621335
2024,2024_22,TSU,LAW,24,0.05315905923344985,0.3918916666666661,0.6331246451838954
2018,2018_11,HUL,SAI,32,0.2607815614617939,1.8425437500000013,0.5998808301941463
2018,2018_7,MAG,GRO,17,-0.05488970588235342,-0.015529411764706472,0.6875842919679492
2019,2019_11,KUB,RUS,32,0.07496026248632902,-0.29550000000000143,0.4975194058494592
2019,2019_19,HUL,RIC,19,-0.4997298245614037,-3.5029894736842087,0.5767029836118108
2019,2019_1,MAG,GRO,25,0.0695670599339305,0.3628880000000015,0.667599134093733
2019,2019_4,PER,STR,46,-0.009537974968251699,0.5122173913043475,0.6129361470189468
2019,2019_5,PER,STR,39,-0.011866701201823477,0.011528205128205954,0.8017275059228093
2020,2020_10,HAM,BOT,10,-0.3317303030303029,-1.1684499999999987,0.6687861129002212
2020,2020_17,OCO,RIC,8,0.36391190476190666,1.045325,0.5781376018074251
2020,2020_7,RUS,LAT,8,0.12483333333333253,0.722999999999999,0.6687840062636986
2021,2021_17,STR,VET,29,-0.18200204523580332,-0.8108931034482759,0.5593712969706138
2021,2021_19,HAM,BOT,52,-0.07901007031799924,0.04040769230768996,0.6464560276722904
2021,2021_22,ALO,OCO,13,0.0714659340659346,-0.22528461538461586,0.7868311040291732
2021,2021_7,LAT,RUS,48,-0.022412815557618232,-0.7287958333333334,0.6445797293516896
2022,2022_10,PER,VER,15,0.23921148708815637,0.7090333333333357,0.5551777382477696
2022,2022_11,OCO,ALO,14,-0.17741428571428602,-0.019107142857145782,0.6954915804738945
2022,2022_4,NOR,RIC,20,0.1483531300160511,1.735600000000001,0.5172188957195449
2022,2022_8,PER,VER,41,-0.0072378749999999995,-0.24875609756097417,0.6736142326531086
2023,2023_13,RUS,HAM,13,-0.022738038277511124,0.5980076923076927,0.3406576223439726
2023,2023_22,STR,ALO,10,-0.01682121212121121,-0.42835000000000034,0.844105848794497
2023,2023_3,BOT,ZHO,44,0.0054153257146937785,-0.3595909090909098,0.6196496621135776
2023,2023_9,OCO,GAS,26,0.46750580975478334,2.961042307692309,0.6111565412107501
2024,2024_10,MAG,HUL,23,0.07671493294672033,-0.3409130434782606,0.6859670278541907
2024,2024_10,OCO,GAS,59,0.0599901241317985,0.06756271186440672,0.7259453124514047
2024,2024_16,ALB,COL,46,-0.032321675299457224,-0.08812391304347747,0.7177153019740767
2024,2024_24,HAM,RUS,22,-0.5347691699604741,-5.1027,0.6056744743050907
2024,2024_5,ALB,SAR,37,0.08056841985964776,1.0543351351351369,0.669994877820943
2018,2018_11,OCO,PER,33,-0.0865017960474696,-1.7425151515151525,0.5540638841380318
2018,2018_17,OCO,PER,42,0.011697344716847979,-0.10939999999999982,0.679845620436902
2018,2018_17,VER,RIC,42,-0.09080430577984767,-0.5189357142857128,0.5764435701832417
2019,2019_11,LEC,VET,10,-0.2193454545454556,1.7708,0.5182749565138829
2019,2019_20,RUS,KUB,35,-0.007603979366248928,0.2462457142857139,0.6675696440578506
2019,2019_4,RIC,HUL,24,0.0624353592359451,0.8021749999999989,0.5450298064933502
2019,2019_7,MAG,GRO,32,0.001271334310850281,-2.2855624999999993,0.5175561225885632
2019,2019_8,RUS,KUB,28,0.04038613779200771,0.3274928571428565,0.6660142878462569
2020,2020_15,RUS,LAT,37,0.07080071980805137,0.27347837837837813,0.6399432932668656
2020,2020_6,OCO,RIC,61,0.007040187971218913,-0.10518688524590157,0.5893117219374221
2021,2021_16,GIO,RAI,51,0.06337139027805562,-0.029141176470588448,0.6027327469327253
2021,2021_16,LEC,SAI,34,-0.047665546218487176,0.8019117647058823,0.6915491624582232
2021,2021_17,MAZ,MSC,15,-0.3479230519480519,-1.4621399999999976,0.44041638837216107
2021,2021_5,MSC,MAZ,60,-0.18187310165039247,-1.5121533333333337,0.5044647388054259
2022,2022_10,MAG,MSC,29,0.023702422427871336,-0.2988896551724143,0.6514289930508373
2022,2022_12,OCO,ALO,47,-0.009637996547704478,-0.3799148936170206,0.7586235576016012
2022,2022_16,LEC,SAI,21,-0.116008599254041,0.48739047619047443,0.7285969144009103
2022,2022_18,BOT,ZHO,8,0.41476890756302626,1.0621249999999964,0.35971499799582207
2022,2022_18,HAM,RUS,21,-0.08961325301204773,1.1742857142857108,0.5341312970067702
2022,2022_19,OCO,ALO,34,-0.009087442713107234,-0.021999999999999718,0.680671684530423
2022,2022_19,RUS,HAM,35,-0.01932994711939901,-0.588471428571428,0.7194497841689529
2022,2022_1,HAM,RUS,16,0.18652279584311104,0.6377187500000012,0.5829620860848506
2022,2022_4,ALB,LAT,54,-0.013357275151792794,0.2085555555555553,0.6624812365821755
2022,2022_5,RIC,NOR,16,0.0433132352941178,-0.4223124999999994,0.6060048847206229
2022,2022_6,BOT,ZHO,8,-0.0038571428571425805,2.0753500000000003,0.8280012356742853
2022,2022_9,GAS,TSU,25,0.007074321231431956,0.1965440000000001,0.7429493004626356
2023,2023_12,MAG,HUL,21,0.8980365550022632,4.76830476190476,0.432049581691532
2024,2024_16,HAM,RUS,10,-0.18149875666074636,-0.11885999999999797,0.7591810727132235
2024,2024_16,RUS,HAM,10,0.1618060952380955,0.11885999999999797,0.7591810727132235
2024,2024_17,HUL,BEA,45,-0.047011906849848885,0.0006088888888895225,0.591063223558137
2024,2024_18,RIC,TSU,8,0.05849999999999985,-0.2797499999999964,0.7455138742201093
2024,2024_1,PIA,NOR,39,0.015362849640369962,0.018730769230768666,0.828523351480204
2024,2024_24,TSU,LAW,16,-0.031757690464781975,-0.23923749999999977,0.7064233130157641
2024,2024_4,OCO,GAS,42,-0.1170346032092568,-0.6318880952380942,0.49614214527289285
2024,2024_6,BOT,ZHO,32,0.11310002666844474,0.93566875,0.6013754477195774
2024,2024_9,VER,PER,38,-0.1196510676190296,1.7958157894736846,0.554995159824971
2018,2018_20,VAN,ALO,13,0.0965274725274726,-0.12892307692307708,0.6684825231569724
2019,2019_2,KUB,RUS,45,-0.05523956405510994,-0.7874444444444452,0.5036960892108866
2019,2019_5,GRO,MAG,52,-0.05535943404365466,0.015521153846153405,0.7097443167237755
2019,2019_5,RUS,KUB,53,0.018307420064223406,0.3536981132075479,0.5520938891069784
2019,2019_8,GRO,MAG,14,0.049302197802197974,-0.36793571428571425,0.6292965206469489
2019,2019_8,LEC,VET,19,-0.07984035087719303,0.30036842105263273,0.7923466631824989
2020,2020_11,BOT,HAM,9,-0.044800000000000034,-0.03188888888889115,0.8312093901538005
2020,2020_11,PER,HUL,47,0.013430476916781195,1.549004255319148,0.6296637769718955
2020,2020_15,OCO,RIC,38,0.40383657850028326,2.59096052631579,0.5246440837529885
2020,2020_16,STR,PER,35,-0.2961103641456581,-3.331785714285713,0.6497970323518955
2020,2020_3,GAS,KVY,10,-0.30256363636363526,-0.8148999999999986,0.6158635405834837
2020,2020_7,MAG,GRO,28,0.010452191964830786,-0.2557142857142881,0.6956191805220564
2021,2021_17,VET,STR,29,0.23827721408899796,0.8108931034482759,0.5593712969706138
2022,2022_12,ZHO,BOT,19,-0.07684695283518807,-0.07007894736842209,0.773355112420118
2022,2022_17,LEC,SAI,41,-0.02740159826361477,0.725731707317073,0.6981401814058658
2023,2023_12,PER,VER,35,0.05544016653449572,-0.19105142857142954,0.6892499218804453
2023,2023_20,ALO,STR,38,-0.024147647436891607,-0.12089473684210474,0.7463637826350058
2023,2023_8,OCO,GAS,55,-0.08843321350292244,-0.5209218181818187,0.7838460732841954
2023,2023_9,GAS,OCO,26,-0.5768198941232789,-2.961042307692309,0.6111565412107501
2024,2024_10,HAM,RUS,21,-0.0030769839177430727,-0.08461904761904632,0.7949147847379814
2024,2024_10,NOR,PIA,57,-0.05703378112584091,-0.04463157894736513,0.6977792963816056
2024,2024_12,SAR,ALB,44,-0.011069474863526095,-0.23272272727272797,0.7189035680838228
2024,2024_14,LEC,SAI,16,0.07939337349397706,0.4063812500000017,0.6852834627124842
2024,2024_21,PIA,NOR,54,-0.0554092653794861,-0.9753703703703717,0.6959237601213709
2018,2018_10,VAN,ALO,20,-0.02615829584060278,-0.5524999999999991,0.6371127699887873
2018,2018_11,GAS,HAR,22,0.8396192720926811,10.188845454545456,0.3998497266658545
2018,2018_2,GRO,MAG,20,-0.23299543230016273,-1.8429100000000012,0.5314892519701944
2019,2019_12,BOT,HAM,23,0.0395494229536228,-0.8648260869565195,0.5346383215697176
2019,2019_18,RUS,KUB,53,-0.027535975782007453,-0.4107320754716984,0.5352344061173551
2019,2019_19,MAG,GRO,15,-0.04782464454976251,-0.04259999999999972,0.6032531103601247
2019,2019_20,KUB,RUS,35,-0.02582904054301954,-0.2462457142857139,0.6675696440578507
2020,2020_12,VER,ALB,15,-0.07750367047308314,0.9031666666666723,0.6419131775309438
2020,2020_6,ALB,VER,38,-0.03463182697649462,-1.2353578947368418,0.7010184773432725
2021,2021_11,TSU,GAS,17,-0.10982843137254944,0.3925882352941197,0.676427377001242
2021,2021_14,GIO,KUB,44,0.01970750148303926,0.5886954545454547,0.7551953178341773
2021,2021_16,RIC,NOR,19,0.014371929824561641,-1.110894736842106,0.6676831792292963
2021,2021_22,STR,VET,26,0.004387660771704068,-0.049653846153846035,0.7153703786090061
2021,2021_4,ALO,OCO,51,0.10020679522063158,0.5588784313725487,0.6933475569887738
2021,2021_6,TSU,GAS,37,0.05320826812176592,0.6459918918918912,0.6868788844738445
2022,2022_16,OCO,ALO,16,0.0395941176470589,-0.23403749999999857,0.7628033146288102
2022,2022_17,RUS,HAM,25,0.0700538469244637,-2.595199999999997,0.40531895209730656
2022,2022_19,ALB,LAT,34,0.007313731618251887,0.6530294117647064,0.6573125504727915
2022,2022_21,ALB,LAT,25,0.19747523869573091,0.5239280000000002,0.6131427370099819
2022,2022_6,VET,STR,12,-0.03603846153846125,0.27324999999999616,0.7393744194263167
2023,2023_15,PER,VER,51,-0.006331455762697565,-0.5640196078431364,0.6470457275715812
2023,2023_17,HUL,MAG,22,0.27285940776780465,1.2446818181818187,0.5352093424255162
2023,2023_2,ALB,SAR,19,0.22070033670033676,0.8792631578947363,0.6349955628504018
2023,2023_4,VER,PER,46,0.026215900795039708,0.19789130434782348,0.8090057539916151
2023,2023_8,LEC,SAI,58,-0.006529891356544342,-0.06864137931034583,0.7800401064695589
2023,2023_9,NOR,PIA,40,0.2615834892942108,2.278007499999999,0.5479740211214064
2024,2024_12,PER,VER,31,-0.10611898301574145,-1.761103225806452,0.55347062347471
2024,2024_12,RIC,TSU,43,-0.0872959667852907,-0.35780465116279125,0.6307381201881501
2024,2024_13,NOR,PIA,61,0.057274984599815094,0.42046885245901666,0.7463599096195679
2024,2024_15,BOT,ZHO,36,0.012006632324532963,0.5400972222222215,0.662799337147004
2024,2024_2,BEA,LEC,46,0.0374350629975924,-0.6525652173913047,0.7172370584770387
2024,2024_7,PER,VER,18,0.05026966292134856,-1.455677777777778,0.7423156422630204
2024,2024_9,STR,ALO,53,-0.009131779641872851,-0.5489207547169798,0.5981229408206625
2018,2018_20,HAR,GAS,20,0.05313496240601508,0.5893750000000011,0.6467669683069734
2018,2018_3,HAR,GAS,16,-0.8518828276877759,-23.754075000000004,0.2631562679247231
2019,2019_12,VET,LEC,25,0.010853076923076644,0.03623999999999796,0.826161009888304
2019,2019_17,KUB,RUS,26,-0.010212102720569579,-1.6958076923076926,0.6258817434712666
2019,2019_18,HUL,RIC,14,0.01900769230769215,-0.04616428571428547,0.7267135844244242
2019,2019_5,RIC,HUL,22,0.03661072840203273,1.030681818181818,0.7036683923692293
2019,2019_8,KVY,ALB,23,-0.24457984189723314,-1.7479173913043473,0.642259799267162
2020,2020_12,NOR,SAI,16,-0.020036764705882414,-0.4957624999999988,0.5634265514171838
2020,2020_7,OCO,RIC,38,-0.03346272556103113,-0.6013157894736845,0.7169325473839564
2021,2021_13,SAI,LEC,65,0.08626367000281955,0.9889292307692308,0.6772104655313022
2021,2021_16,TSU,GAS,33,-0.060233622994652423,-1.5467878787878795,0.5816660481056503
2022,2022_17,VER,PER,40,-0.027612443018740555,-1.7015250000000008,0.6396342313489142
2022,2022_19,MAG,MSC,20,-0.007281288723667735,-0.20645000000000097,0.6978646440254865
2022,2022_1,RUS,HAM,16,-0.11127457831325308,-0.6377187500000012,0.5829620860848507
2022,2022_3,ZHO,BOT,45,-0.014276112191249723,-0.2057777777777763,0.6122124918753618
2022,2022_4,MSC,MAG,42,0.07229475295870225,-0.4936190476190473,0.6200614012852752
2022,2022_5,ALB,LAT,14,0.09086373626373723,1.3711857142857156,0.6637838217629531
2023,2023_11,SAR,ALB,37,-0.15998503334156622,-1.2815405405405391,0.6087891621638162
2023,2023_14,ALO,STR,45,0.0028760717008727604,0.37162222222222124,0.708388603892967
2023,2023_14,SAR,ALB,45,0.02822832795313833,-0.21982222222222433,0.7457659833547469
2023,2023_15,HAM,RUS,52,0.012233659630875825,0.02840384615384486,0.6644748119577505
2023,2023_21,RUS,HAM,36,-0.00018590580349235242,0.2332249999999997,0.5758798207118193
2024,2024_14,ALO,STR,39,-0.01852023871983212,-0.21887179487179417,0.7351177167509879
2024,2024_9,LEC,SAI,31,-0.0030050436965413565,-0.3011935483870978,0.5775090642429932
2018,2018_11,STR,SIR,20,0.10311578947368434,0.5507999999999988,0.5876368910157036
2018,2018_3,ALO,VAN,20,0.0009370242630840196,0.8381450000000029,0.5459383750207935
2020,2020_11,OCO,RIC,14,-0.008683516483516422,-0.3763571428571422,0.7801079974998358
2020,2020_16,RUS,BOT,44,-0.031037423598399085,0.48914090909090907,0.8054153573724264
2020,2020_17,VER,ALB,50,-0.07155011559571513,1.014403999999999,0.7446946109697269
2021,2021_15,NOR,RIC,21,0.011828183716075235,0.39252380952380994,0.7263840951509086
2021,2021_1,TSU,GAS,9,0.17319999999999897,0.24435555555555608,0.6635680941529054
2021,2021_5,LAT,RUS,29,0.005254187192118386,0.005689655172413518,0.8111186415846269
2022,2022_3,OCO,ALO,11,0.16223259668508294,1.6278090909090925,0.6858294808029897
2023,2023_15,GAS,OCO,37,-0.009868200738973768,-0.16427027027027075,0.7016107610284557
2023,2023_6,PER,VER,40,0.3298191685527892,0.7001825000000022,0.48593204674224894
2024,2024_10,SAI,LEC,12,-0.007206024744486566,0.023666666666665986,0.8832852796701318
2024,2024_18,LEC,SAI,11,0.02132727272727379,0.2967272727272736,0.7644552832477511
2024,2024_1,SAR,ALB,15,-0.12164672131147519,-0.2643266666666638,0.6351714556116719
2024,2024_22,VER,PER,9,-0.33785000000000004,0.22015555555555327,0.6055859193189409
2024,2024_5,GAS,OCO,20,-0.02967618270799351,-0.0013500000000000512,0.7623691382037551
2018,2018_10,HUL,SAI,25,0.01060904255319146,0.02399999999999977,0.6282122988431764
2018,2018_10,SIR,STR,19,-0.226040350877193,-0.9090526315789454,0.6060458840957829
2018,2018_3,GRO,MAG,20,-0.32083381048030213,-5.406025,0.47268035965656513
2018,2018_5,SIR,STR,13,-0.035209890109889445,-1.143630769230768,0.7848796090830247
2018,2018_9,ERI,LEC,10,0.04883415977961355,0.5685599999999994,0.6993602277370021
2019,2019_18,PER,STR,16,-0.02173382352941178,0.25643749999999965,0.6500658516380134
2021,2021_18,RAI,GIO,11,0.08442727272727239,-0.34828181818181747,0.6806970306852441
2021,2021_3,VET,STR,14,-0.004667700987306436,0.8337142857142865,0.7024186434242364
2022,2022_10,LEC,SAI,16,0.015255882352940897,0.05987500000000079,0.693767318540943
2022,2022_10,TSU,GAS,18,-0.12508256513025945,-0.6405333333333351,0.5284004757312404
2022,2022_22,OCO,ALO,12,-0.029472027972027783,-0.0002500000000011937,0.8714205978325475
2022,2022_2,ALB,LAT,8,-0.07945744680851054,0.0442499999999999,0.6174224085135707
2023,2023_9,STR,ALO,23,0.11927263177294517,-0.34326956521739205,0.7365044286623464
2024,2024_17,HAM,RUS,46,-0.014849394892025717,-0.6422608695652182,0.6034108984388744
2019,2019_15,ALB,VER,46,-0.0703532786885248,-1.0415695652173913,0.6468530744675997
2019,2019_21,BOT,HAM,49,0.03583603392568673,-0.9190306122448986,0.5875693337931894
2019,2019_2,HUL,RIC,10,0.05565454545454584,-0.09809999999999804,0.680874854569599
2019,2019_5,KVY,ALB,33,0.013247365827774102,0.2770757575757607,0.7956677082756838
2019,2019_6,ALB,KVY,25,-0.010834215500945155,-0.2030799999999971,0.7410089675162562
2019,2019_6,VER,GAS,8,0.245238095238096,2.9350000000000005,0.7522340927132919
2019,2019_7,HAM,BOT,61,0.0015840536887435802,0.9415409836065569,0.6985550629950591
2020,2020_13,LEC,VET,10,-0.040284848484848604,1.389500000000001,0.7712366425510384
2020,2020_15,GAS,KVY,8,-0.2925142857142847,-1.2578500000000048,0.6537489748587277
2023,2023_4,HUL,MAG,8,0.003854761904761475,-0.6947749999999981,0.6415614494463269
2023,2023_7,SAR,ALB,58,0.379818682610101,2.1077741379310364,0.5899248950615162
2024,2024_19,ALO,STR,43,0.010479865370231628,0.13091860465116198,0.6847318334618102
2019,2019_12,ALB,KVY,19,-0.04277894736842105,-0.12857894736842168,0.752142725704408
2019,2019_6,BOT,HAM,73,-1.37593903649632,-31.722309589041096,0.42609842159097167
2019,2019_6,VET,LEC,8,-1.311658333333332,4.651187499999995,0.6484373171640435
2020,2020_3,KVY,GAS,10,0.30256363636363526,0.8148999999999986,0.6158635405834837
2018,2018_15,ALO,VAN,33,0.015126002673796783,1.0191212121212112,0.69466943133775
2020,2020_1,RIC,OCO,9,-0.10665147058823558,0.997155555555559,0.7125627057881362
2020,2020_2,HAM,BOT,23,-0.0369397233201579,0.28995652173912967,0.7710609869900718
2020,2020_2,NOR,SAI,28,0.018882594417077174,-0.23046428571428734,0.6880357245961023
2021,2021_13,GIO,KUB,25,-0.09555692307692297,-0.3946199999999993,0.7217572241460217
2021,2021_16,PER,VER,54,-0.028886612860598883,-0.36262962962962875,0.6555852668636469
2021,2021_21,HAM,BOT,30,-0.3859217261904758,-3.441293333333331,0.5567193193771308
2022,2022_20,NOR,RIC,29,-0.0074822660098523884,0.10362068965517275,0.7864565924260688
2022,2022_20,TSU,GAS,27,0.14812466422466394,1.591592592592591,0.6172523451670338
2022,2022_4,STR,VET,54,-0.02601189651189644,-0.4337962962962968,0.7469531298589757
2023,2023_10,BOT,ZHO,36,-0.1431957697642165,-0.7450777777777774,0.6966405286763881
2023,2023_17,MAG,HUL,22,0.10747739930060904,-1.2446818181818187,0.535209342425516
2023,2023_19,RIC,TSU,37,0.22757150972318232,4.689335135135137,0.5490081376182324
2023,2023_5,SAI,LEC,52,-0.011200802781502968,0.16138461538461477,0.7416225904148513
2023,2023_8,ZHO,BOT,35,0.11562210570666182,0.7324685714285697,0.7062176824227371
2024,2024_16,ZHO,BOT,13,-0.022119780219781098,-0.21883076923077083,0.7529085250299814
2024,2024_20,PIA,NOR,22,0.07104193920738745,-1.0281363636363636,0.6585500397507844
2024,2024_21,BEA,HUL,23,0.054155138339921076,-0.5070869565217402,0.5635761477624246
2018,2018_10,LEC,ERI,16,-0.0857485294117646,1.2283125000000004,0.7369740292913555
2018,2018_17,LEC,ERI,29,0.053079414779302586,0.4502689655172443,0.5765617910797775
2018,2018_21,HAR,GAS,22,0.0037546376337556173,-0.7057727272727287,0.5280934787407039
2018,2018_7,LEC,ERI,14,-0.08222857142857125,1.1870000000000007,0.6716444794378816
2019,2019_1,HUL,RIC,10,-0.14571515151515232,-0.15450000000000016,0.6578590973133264
2019,2019_20,BOT,HAM,25,0.059743802382002484,-0.9114320000000004,0.7657930334544386
2021,2021_21,STR,VET,26,-0.023288893574112842,1.2438653846153827,0.4130030162680338
2022,2022_22,LAT,ALB,42,-0.13252218167850974,-1.1741952380952376,0.7031247894291571
2023,2023_12,STR,ALO,8,0.05732142857142959,-0.9383750000000006,0.5129079944057712
2023,2023_14,PIA,NOR,33,0.0017803693570450985,-0.01960606060605862,0.8433186464732888
2024,2024_10,PIA,NOR,57,0.05882665903890176,0.04463157894736538,0.697779296381606
2018,2018_21,ALO,VAN,20,-0.04953829615694736,0.23539999999999922,0.7629949108543481
2018,2018_21,ERI,LEC,18,0.1345653434656533,0.15199999999999786,0.5693899781979455
2019,2019_13,KVY,GAS,8,-0.9070952380952381,-2.0305,0.6324635989158448
2019,2019_14,KUB,RUS,21,-0.05119220779220808,-0.6115238095238115,0.6538684480609178
2019,2019_1,GRO,MAG,25,-0.0541465934065927,-0.3628880000000015,0.667599134093733
2019,2019_3,GAS,VER,27,0.05590024420024358,-0.6137148148148165,0.8119561072562784
2021,2021_8,BOT,HAM,61,0.03342157014894297,-0.3127901639344263,0.7515559521278428
2022,2022_11,NOR,RIC,48,-0.018945005200503667,-0.5461124999999987,0.6655746535572294
2018,2018_11,HAM,BOT,12,1.031013986013985,17.484833333333338,0.4177765670134675
2018,2018_12,HAR,GAS,16,0.11468235294117674,-0.7460000000000022,0.6878010130414349
2018,2018_15,SIR,STR,35,-0.20032773109243687,-2.4668571428571426,0.6481214557662529
2018,2018_15,VAN,ALO,33,-0.015126002673796783,-1.0191212121212112,0.69466943133775
2018,2018_1,MAG,GRO,17,-0.011727941176471067,-0.0329411764705867,0.739022440754167
2018,2018_20,VET,RAI,25,-8.38461538462053e-05,-0.1303600000000006,0.7174214824738735
2018,2018_2,HAR,GAS,8,-0.05556722689075614,-0.845125000000003,0.7016500796705385
2018,2018_7,OCO,PER,35,-0.03221459545103928,0.22328571428571625,0.6675177767991569
2021,2021_21,RIC,NOR,16,0.3958802883665814,1.759556250000002,0.5714064981967952
2021,2021_4,BOT,HAM,18,-0.020790902919212286,-1.273466666666668,0.7400432745319089
2022,2022_20,ZHO,BOT,37,0.0031090564248457964,-0.5057297297297291,0.7549886678627653
2018,2018_17,BOT,HAM,42,0.026009031294983113,0.20308095238095294,0.6764941535530548
2019,2019_12,RIC,HUL,34,0.732309014514897,8.90187352941177,0.5089779592685971
2019,2019_15,GRO,MAG,16,0.05278382352941166,-0.6026874999999992,0.6625331304260454
2019,2019_20,PER,STR,15,0.04088571428571431,-0.1613333333333325,0.785015278688779
2019,2019_3,RIC,HUL,8,0.002892857142856576,0.401625000000001,0.816663796617081
2020,2020_17,KVY,GAS,49,-0.0052433337015354315,-0.36620408163265256,0.6523669039358316
2020,2020_2,SAI,NOR,28,-0.018882594417077174,0.23046428571428734,0.6880357245961023
2020,2020_6,MAG,GRO,26,-0.10396170940170914,-0.24620000000000067,0.7075475731460065
2023,2023_5,TSU,DEV,13,-0.01663626373626343,0.3924923076923079,0.8012304655150927
2024,2024_8,RUS,HAM,48,-0.015548523664785083,0.05258333333333276,0.6559183741261175
2018,2018_11,MAG,GRO,33,0.04435448167944312,0.37606969696969844,0.6137462087141947
2018,2018_9,BOT,HAM,11,0.03622727272727376,-0.03754545454545166,0.7544503406582841
2019,2019_3,LEC,VET,15,-0.020564285714285393,-0.15120000000000006,0.7903981379138305
2022,2022_21,RUS,HAM,30,0.06823194676395773,0.7825066666666658,0.739764947146104
2022,2022_4,HAM,RUS,56,0.0016672473565609027,-0.7828750000000007,0.6564489970849797
2023,2023_14,GAS,OCO,8,0.010833333333333292,-0.041749999999996845,0.8552788216918675
2023,2023_20,ZHO,BOT,13,-0.0017704576043063166,-0.19749230769230708,0.7600029112631823
2023,2023_4,SAR,ALB,43,-0.01541203399261479,-0.5861395348837211,0.7282281842504479
2024,2024_6,HUL,MAG,35,0.012855990783410171,0.14012857142856935,0.6807058872524617
2018,2018_10,ERI,LEC,16,0.0857485294117646,-1.2283125000000004,0.7369740292913555
2022,2022_13,LEC,SAI,13,0.03508791208791199,0.03530769230769364,0.8110601555087718
2022,2022_18,RIC,NOR,19,-0.19574736842105228,-1.7903157894736874,0.594693946384526
2022,2022_2,HAM,RUS,14,-0.14743186813186743,-2.1989071428571387,0.6480968250949772
2024,2024_21,ZHO,BOT,56,0.014653036438605266,-0.3052857142857149,0.6451201553085687
2024,2024_4,GAS,OCO,42,0.1378434912458559,0.6318880952380942,0.49614214527289296
2018,2018_12,GRO,MAG,56,0.09297284593897741,-0.13653571428571354,0.579021994060758
2018,2018_13,OCO,PER,37,0.027918830274299974,-0.13568648648648482,0.7212707457183637
2018,2018_5,LEC,ERI,13,0.07693516483516498,1.4254307692307686,0.8087296603022184
2018,2018_9,HAM,BOT,11,-0.03622727272727376,0.03754545454545166,0.7544503406582841
2019,2019_14,GIO,RAI,20,0.07707309094307858,0.08204999999999885,0.5437702099175514
2019,2019_18,KVY,GAS,37,-0.06702656247231237,0.029199999999998776,0.6070726436829165
2020,2020_13,PER,STR,49,0.06683109916630081,0.4465918367346944,0.6934494717733485
2021,2021_22,GAS,TSU,22,0.038495318311091396,-0.554736363636361,0.7083966063624499
2021,2021_6,RAI,GIO,11,0.043096363636362864,-0.47730909090909085,0.5814159811628122
2022,2022_12,HAM,RUS,47,-0.055079481258967,-0.15353191489361812,0.6995271970751693
2022,2022_12,VER,PER,42,0.05096715097915345,1.092404761904763,0.7400537171008387
2022,2022_15,LAT,ALB,22,0.007290209790210016,-0.40955000000000036,0.6645861792302538
2022,2022_17,RIC,NOR,44,0.06388842780602683,-1.1923863636363634,0.6282510744237934
2022,2022_2,ALO,OCO,27,-0.0014671201814062545,0.2729629629629637,0.6968767825866723
2022,2022_6,VER,PER,14,-0.05154209115281506,-0.0034285714285695284,0.6409199432894574
2023,2023_14,BOT,ZHO,9,-0.07728333333333381,-0.18626666666666994,0.7954317198445745
2023,2023_18,ALB,SAR,37,0.22194155133794624,1.2456027027027023,0.6662102254119112
2023,2023_19,OCO,GAS,60,-0.5260881977572641,-4.301666666666667,0.5333581420597171
2023,2023_2,MAG,HUL,38,0.03510774630976773,0.9218710526315773,0.6376012152360521
2023,2023_2,VER,PER,44,0.04515693380496664,-0.39586363636363653,0.7154081688794227
2023,2023_5,BOT,ZHO,13,0.0247736263736272,-0.04849230769230836,0.7790865007291424
2024,2024_10,ALO,STR,30,-0.07293232571518228,-0.3072333333333333,0.6852103692765522
2024,2024_12,LEC,SAI,34,-0.02836504065040636,-0.09937647058823691,0.6406855106713542
2024,2024_12,STR,ALO,45,-0.022460667114394275,0.09924888888888922,0.737112020822129
2024,2024_12,TSU,RIC,43,0.08513833115702697,0.35780465116279125,0.6307381201881499
2024,2024_21,LEC,SAI,26,-0.06678116896070194,1.131076923076923,0.5552033733612771
2024,2024_23,BOT,ZHO,33,-0.08560794243070363,-0.7540909090909097,0.6488481705360342
2024,2024_2,VER,PER,45,-0.010527279262082688,0.2027555555555529,0.7942460066560781
2024,2024_9,SAI,LEC,31,0.02575462403288195,0.3011935483870978,0.5775090642429932
2018,2018_10,GRO,MAG,27,-0.02360087821127544,-0.17988148148148067,0.7368336773177488
2018,2018_19,VER,RIC,39,-0.010702445492908191,0.5747692307692299,0.666438727837323
2018,2018_9,VET,RAI,68,-0.0015639516525951336,0.04705882352941243,0.7642512424790089
2019,2019_18,LEC,VET,11,0.030390909090908476,0.0921818181818178,0.7763733128208511
2020,2020_1,LAT,RUS,17,-0.079307589067838,-0.4679411764705848,0.7625160245259913
2020,2020_6,GAS,KVY,57,0.040686732456139796,0.05074736842105266,0.6074342979754064
2020,2020_8,MAG,GRO,15,-0.03910714285714237,0.5389999999999986,0.7219614828955307
2021,2021_14,LEC,SAI,45,-0.0031452186853001504,0.30844444444444497,0.7603597513986068
2021,2021_20,OCO,ALO,48,-0.053757404422275695,-0.5430291666666683,0.6628323202522665
2022,2022_12,RUS,HAM,47,0.05350967731615751,0.1535319148936172,0.6995271970751686
2022,2022_14,SAI,LEC,21,-0.0701576555023916,0.03232380952381269,0.5398125490047335
2022,2022_22,ALO,OCO,12,0.029472027972027783,0.0002500000000011937,0.8714205978325475
2023,2023_19,GAS,OCO,60,0.5654044177637213,4.301666666666665,0.5333581420597171
2023,2023_22,GAS,OCO,26,-0.016848901098900772,-0.020746153846154414,0.7749838259345176
2023,2023_5,DEV,TSU,13,0.01663626373626343,-0.3924923076923079,0.8012304655150927
2024,2024_11,OCO,GAS,61,-0.026691869524608912,-0.1356049180327881,0.7897536948596665
2024,2024_15,STR,ALO,67,0.01882791206063354,0.057541791044775054,0.707257191089862
2024,2024_3,OCO,GAS,41,0.009371411828923532,0.2688048780487826,0.621190298335036
2024,2024_7,PIA,NOR,58,-0.03619578026394276,-0.3892482758620676,0.8152214319008775
2018,2018_3,VET,RAI,21,-0.018073432255276366,-1.6568999999999998,0.4509939910318233
2018,2018_6,LEC,ERI,64,0.016710851648351607,0.21003125000000078,0.7086832690028633
2019,2019_11,VER,GAS,36,-0.24679513343799092,2.1067777777777783,0.4720581237648478
2019,2019_1,STR,PER,11,0.016527272727272578,-0.09110909090909237,0.8595878894022846
2019,2019_2,RUS,KUB,45,0.04800591110230494,0.7874444444444448,0.5036960892108866
2019,2019_6,HAM,BOT,73,1.3670832005447315,31.722309589041096,0.4260984215909717
2019,2019_9,SAI,NOR,23,-0.07669960474308311,-1.6281304347826113,0.6330162989514961
2020,2020_14,GRO,MAG,31,0.10996015505846454,-1.6900967741935466,0.47614263010310404
2020,2020_3,NOR,SAI,30,-0.008466778805719081,-0.9257666666666661,0.5423296032970109
2020,2020_3,SAI,NOR,30,0.008163515016685163,0.9257666666666656,0.5423296032970106
2020,2020_4,SAI,NOR,36,-0.018282734374265693,0.01997222222222285,0.8348477207020819
2021,2021_14,MSC,MAZ,27,-0.002759734093067378,0.38125925925926074,0.7703997622736438
2021,2021_20,RIC,NOR,44,-0.22534788505659697,-2.838363636363638,0.5206339579571314
2021,2021_4,VER,PER,52,0.09497921314124122,1.7799346153846163,0.6062518904294392
2021,2021_5,TSU,GAS,27,0.07997442126321809,-3.00532962962963,0.6352545598094888
2021,2021_8,MAZ,MSC,19,-0.01708421052631557,0.021578947368419376,0.7448693757378737
2022,2022_12,MAG,MSC,30,-0.14744214639725473,0.4593666666666654,0.6339500169116319
2022,2022_13,VER,PER,30,0.030500137132408962,0.5562933333333339,0.6677583053154454
2022,2022_19,ALO,OCO,34,0.021471453502867145,0.021999999999999718,0.680671684530423
2022,2022_21,GAS,TSU,36,0.11677034988940274,0.5490638888888889,0.5925599770787249
2022,2022_6,GAS,TSU,35,0.12136575654938811,0.22449142857142956,0.6356525184510781
2022,2022_6,TSU,GAS,35,-0.08657544412356684,-0.22449142857142956,0.6356525184510782
2023,2023_10,PER,VER,40,0.08540322817314745,-0.40859000000000023,0.6993305365197886
2023,2023_11,PER,VER,35,0.04459476018852235,-0.18913428571428514,0.740690038114418
2023,2023_19,PIA,NOR,43,0.03658568589147556,-0.1304651162790691,0.5873596768753687
2023,2023_1,MAG,HUL,33,-0.18230421221864987,-0.6761363636363636,0.6439442139810754
2023,2023_2,ZHO,BOT,24,-0.07627183326588459,0.6058083333333327,0.6180507779897618
2023,2023_7,TSU,DEV,29,-0.10715841724981501,-0.13124137931034327,0.6761286344931164
2024,2024_11,HUL,MAG,62,-0.029882546953733297,-0.18413870967741938,0.7561459581631643
2024,2024_15,ALB,SAR,10,0.014460606060606293,0.23659999999999712,0.7951848512310943
2024,2024_5,SAI,LEC,40,0.1632456957227937,1.8329000000000004,0.6858354756552315
2019,2019_14,BOT,HAM,17,0.009012254901960453,-0.05694117647059011,0.8536557548694091
2019,2019_17,ALB,VER,12,-0.038384615384616086,1.6558333333333337,0.7557301287333654
2019,2019_18,GRO,MAG,24,0.06361695652173924,-0.21737500000000112,0.5833384034427945
2019,2019_18,MAG,GRO,24,-0.06361695652173924,0.21737500000000112,0.5833384034427945
2019,2019_20,VET,LEC,29,0.2909495951823351,1.7337793103448287,0.677487943918788
2020,2020_16,GAS,KVY,62,0.021352449125724562,0.5002080645161292,0.7757461828111394
2020,2020_16,LAT,AIT,18,-0.3807024197301071,-2.188205555555556,0.5530847808158561
2020,2020_8,RUS,LAT,38,-0.043581796725180685,0.2780789473684205,0.6157988986773915
2021,2021_15,ALO,OCO,14,-0.055887931034482634,0.015857142857143458,0.6393648111258337
2021,2021_15,TSU,GAS,12,-0.08879752066115684,-2.2491250000000007,0.5591182083970467
2021,2021_19,RUS,LAT,57,0.12031192303296469,0.453733333333332,0.6055646069083372
2022,2022_14,MSC,MAG,17,-0.24587499999999948,-0.8947647058823562,0.5193064798729248
2022,2022_14,VER,PER,32,-0.26829737583656177,-0.045271874999996964,0.5362272985454409
2022,2022_5,NOR,RIC,16,-0.0433132352941178,0.4223124999999994,0.6060048847206229
2022,2022_6,ALO,OCO,33,0.029646018858040923,-0.6716484848484853,0.6641928514066361
2022,2022_9,RIC,NOR,52,-0.02419888334947363,-0.1733538461538455,0.6722794310596194
2023,2023_10,ALO,STR,40,0.009858685706363494,-0.04279500000000027,0.6990434642709247
2023,2023_13,STR,ALO,13,-0.0502335931963149,-1.2673692307692312,0.36215670037892883
2023,2023_1,HAM,RUS,46,0.04934330402757674,0.35860000000000053,0.7332786016011859
2023,2023_1,LEC,SAI,31,0.0028409466607890316,0.056806451612904006,0.7441922542877367
2023,2023_21,BOT,ZHO,38,0.21473211075441387,-0.42592105263157864,0.5483957454960958
2024,2024_11,NOR,PIA,53,0.04880410652479479,0.6330037735849048,0.7739855454742264
2024,2024_16,ALO,STR,21,0.10891111895517049,0.5530285714285703,0.6057592646956911
2024,2024_18,ALO,STR,56,0.13083763780741642,1.6213464285714285,0.589459673591758
2024,2024_23,TSU,LAW,42,-0.03562621102169576,0.04614285714285652,0.6949402844444214
2018,2018_11,VET,RAI,23,-0.5961916996047427,-6.713869565217393,0.5169370718900608
2018,2018_16,HUL,SAI,45,0.039454350282485846,1.3513777777777773,0.4621273436041437
2018,2018_6,OCO,PER,70,-0.004005408572136976,0.5196285714285718,0.6376804553788448
2018,2018_9,RAI,VET,68,0.0015639516525951336,-0.04705882352941243,0.7642512424790089
2019,2019_12,HAM,BOT,23,-0.021784911814447975,0.8648260869565201,0.5346383215697176
2019,2019_16,RAI,GIO,26,0.14428369070825225,1.248153846153845,0.5547068015401414
2019,2019_17,HAM,BOT,15,-0.020492857142856424,-0.3372666666666665,0.8002277726921416
2019,2019_20,STR,PER,15,-0.04088571428571431,0.1613333333333325,0.785015278688779
2019,2019_2,VET,LEC,45,-0.06344396221310361,-0.6755777777777783,0.6679532419721023
2021,2021_17,SAI,LEC,45,0.1173216376932926,-0.00677111111111041,0.6724516830605697
2021,2021_1,VER,PER,27,-0.04681443298969144,0.3735222222222242,0.5945431839610121
2021,2021_2,RIC,NOR,49,-0.031053135838150274,-0.8006530612244901,0.6453675098777104
2021,2021_3,VER,PER,27,-0.08422236965663654,-0.261666666666665,0.6469050512323119
2021,2021_5,RAI,GIO,31,0.01877258064516136,-0.46060645161290287,0.712626634341825
2022,2022_10,VER,PER,15,-0.20876382488479217,-0.7090333333333357,0.5551777382477695
2022,2022_11,LAT,ALB,35,-0.056336284449521705,-0.6681142857142858,0.7024562215686658
2022,2022_16,GAS,TSU,40,-0.002689466484268212,0.22685000000000138,0.724248727463405
2022,2022_19,BOT,ZHO,12,-0.006834012219958905,0.35637499999999633,0.7018248282812455
2022,2022_19,PER,VER,34,-0.025726409774436347,-0.5622088235294121,0.6934675063812169
2022,2022_20,RUS,HAM,27,0.01567338217338216,-0.11155555555555663,0.8571592562190482
2022,2022_6,SAI,LEC,8,-0.7298333333333328,-2.4461499999999994,0.5416886408855724
2022,2022_7,PER,VER,50,-0.014597098343699703,-0.1148599999999999,0.6723955049464956
2023,2023_10,NOR,PIA,38,0.0023049010612805113,0.010321052631579014,0.7213490135617382
2023,2023_18,NOR,PIA,8,-0.08691666666666635,0.6946250000000003,0.6651281355989015
2024,2024_11,MAG,HUL,62,0.029526117128589418,0.18413870967741894,0.7561459581631644
2024,2024_14,PIA,NOR,21,-0.0008647630619679358,0.005138095238097305,0.7033229700358997
2024,2024_14,SAI,LEC,16,-0.11732282608695786,-0.4063812500000017,0.6852834627124842
2024,2024_17,SAI,LEC,45,0.02692481559329988,-0.033315555555554335,0.6624473772710716
2024,2024_1,RIC,TSU,44,-0.0023690612633264145,0.3611795454545472,0.7747984186834938
2024,2024_22,HUL,MAG,26,-0.08808559370180957,0.638376923076925,0.5238378721468412
2024,2024_23,HUL,MAG,21,0.05999118795315112,0.0888095238095229,0.7040474258497776
2018,2018_13,GRO,MAG,35,0.05334767907162863,0.10796285714285675,0.7745435612972341
2018,2018_18,LEC,ERI,25,-0.0408024119241193,-0.37849599999999783,0.6801267025789093
2019,2019_21,HUL,RIC,9,0.004900000000000186,-0.012555555555555506,0.8559058197215863
2019,2019_21,LEC,VET,50,-0.07572673543319525,0.2674860000000012,0.6493251690665757
2019,2019_6,LEC,VET,8,-0.8211051948051953,-4.651187499999995,0.6484373171640435
2020,2020_16,FIT,MAG,38,-0.2550584050438784,-1.968247368421053,0.5513260600113924
2020,2020_3,GIO,RAI,15,-0.26711013986013943,-0.4923999999999988,0.5218056271533112
2021,2021_21,ALO,OCO,15,-0.03253043165467603,-2.9935933333333327,0.5164406902467004
2021,2021_22,VET,STR,26,-0.0029133419689118013,0.049653846153846035,0.715370378609006
2021,2021_7,TSU,GAS,47,0.05320582783116695,0.07986595744681022,0.6078152013643853
2022,2022_11,GAS,TSU,9,-0.04323918918918867,-0.18105555555555478,0.8164622820748288
2022,2022_11,VET,STR,14,0.18170295047418314,0.49087857142856606,0.6809847175369879
2022,2022_13,LAT,ALB,43,0.11765723197407521,-0.16301162790697582,0.6251592583427489
2022,2022_14,RIC,NOR,32,0.040999737573325035,-0.47044687499999815,0.5213730355841181
2022,2022_3,RIC,NOR,44,-0.00795384561056575,-0.17779545454545473,0.790151540003621
2022,2022_6,NOR,RIC,52,-0.2664649950003846,-0.9958692307692311,0.44915465752295697
2023,2023_15,SAI,LEC,54,0.03813504218635358,0.38627777777777794,0.6724204130224449
2023,2023_16,HAM,RUS,10,-0.03298701298701328,0.07899999999999778,0.6892760081947114
2023,2023_16,NOR,PIA,23,-0.0634293375394321,0.5330217391304362,0.6959673681735422
2023,2023_6,ALB,SAR,36,0.22068446745562154,1.3925222222222213,0.3921229679145256
2024,2024_10,STR,ALO,30,0.07184480746791154,0.30723333333333375,0.6852103692765522
2024,2024_6,ALO,STR,17,0.3911986394557819,1.5916764705882325,0.567357498574705
2024,2024_6,HAM,RUS,44,0.5768091696182603,2.893334090909094,0.4977551013122286
2018,2018_19,PER,OCO,30,0.10120383997998703,-0.6097666666666669,0.592213144734827
2018,2018_20,SIR,STR,60,0.043637986290031086,0.5567299999999996,0.596731533731589
2018,2018_3,PER,OCO,22,-0.23951410075558122,-3.391659090909091,0.5111139312377468
2018,2018_4,RAI,VET,24,0.12499086956521742,-2.147708333333331,0.5598010364152125
2019,2019_4,GAS,VER,12,-0.7528720279720287,-4.647416666666668,0.35219062165761045
2020,2020_2,GRO,MAG,27,-0.031018315018314972,0.04937037037036926,0.6501778471572073
2021,2021_18,ALO,OCO,9,-0.08148333333333325,0.8459111111111102,0.5473679589590584
2022,2022_18,VET,STR,10,0.6346909090909094,2.440000000000002,0.5193245512498887
2022,2022_4,TSU,GAS,55,0.008444311906339777,0.5187090909090903,0.72943788898001
2024,2024_15,VER,PER,67,0.04491472627968183,0.6311164179104485,0.778892923672633
2024,2024_18,STR,ALO,56,-0.1294485590953306,-1.6213464285714287,0.5894596735917579
2024,2024_7,RIC,TSU,57,0.020825969869234743,0.18530526315789492,0.6514571636721586
2018,2018_16,OCO,PER,47,0.048095172623515044,0.5446595744680831,0.6194109446487264
2019,2019_8,RAI,GIO,20,0.1001139801773604,0.7203749999999978,0.6651617131630471
2020,2020_10,VET,LEC,41,-0.02425235829324394,-1.2232634146341463,0.6162689082415692
2020,2020_15,NOR,SAI,36,0.06524221502043104,0.42997777777777874,0.7107581734120265
2020,2020_7,LEC,VET,17,-0.026607874617736595,0.07554705882353119,0.6624187457044945
2021,2021_10,OCO,ALO,15,-0.2709285714285711,0.11859999999999786,0.637239005306082
2021,2021_5,GAS,TSU,27,-0.07997442126321809,3.00532962962963,0.6352545598094888
2021,2021_6,HAM,BOT,39,0.059926993505075826,1.1307692307692305,0.6233400963831776
2021,2021_8,GIO,RAI,21,-0.013536363636363603,0.12024761904762031,0.737677252185224
2021,2021_8,HAM,BOT,61,-0.03106896168586502,0.3127901639344263,0.751555952127843
2022,2022_12,TSU,GAS,9,-0.16006666666666852,0.8797999999999999,0.7219591619570507
2023,2023_13,OCO,GAS,47,0.07545431497243434,-0.055525531914892186,0.5681967694418365
2023,2023_2,HAM,RUS,46,0.43599006644629196,2.2783413043478267,0.6066397759844311
2023,2023_5,OCO,GAS,12,0.06425892597967911,-0.09179999999999922,0.6343859915436671
2024,2024_5,ZHO,BOT,15,0.056864999999999964,-0.5843000000000018,0.7178045885870231
2018,2018_17,ERI,LEC,29,-0.054088078817734156,-0.4502689655172438,0.5765617910797775
2018,2018_7,RAI,VET,27,0.05476617826617804,-0.5132962962962987,0.7359963605284584
2019,2019_16,NOR,SAI,41,0.03035931139433153,-0.29997560975609566,0.5936922980233149
2019,2019_18,VET,LEC,11,-0.030390909090908476,-0.0921818181818178,0.7763733128208511
2019,2019_20,NOR,SAI,45,-0.043473654229564215,-0.34031111111111095,0.6898271658139269
2019,2019_21,GAS,KVY,37,-0.0656706970128024,-0.7504459459459469,0.5665766839274585
2019,2019_4,RAI,GIO,44,0.010967577282530635,0.48147727272727375,0.4773857296357391
2021,2021_5,RIC,NOR,26,0.050174209350292126,-1.4217846153846134,0.7056063173333799
2021,2021_9,VER,PER,54,-0.030157608135752922,1.0669074074074072,0.7399935041407523
2022,2022_6,STR,VET,12,0.03603846153846125,-0.27324999999999616,0.7393744194263167
2023,2023_16,SAI,LEC,33,-0.015040641928494105,-0.3833878787878795,0.7290609426037308
2023,2023_17,GAS,OCO,38,-0.01895894892672047,-0.245331578947369,0.6615338277934558
2023,2023_19,MAG,HUL,25,-0.03437928880746239,-0.2560399999999987,0.7493335592351501
2023,2023_21,STR,ALO,39,-0.009061193476649208,0.14701025641025686,0.585365547954548
2023,2023_2,HUL,MAG,38,-0.035155837264151044,-0.9218710526315773,0.6376012152360522
2024,2024_13,ALB,SAR,23,0.10424876518621828,0.7402956521739104,0.6936610167510758
2024,2024_17,ALO,STR,8,0.09020000000000057,1.0412000000000035,0.7095414715910502
2024,2024_20,OCO,GAS,21,0.03171558441558441,-0.9546476190476192,0.7085179824089389
2019,2019_16,BOT,HAM,45,0.03302943623881828,-0.3283333333333328,0.7423561969224047
2019,2019_8,SAI,NOR,46,0.04814769898583339,0.11910869565217483,0.7611346626071251
2020,2020_10,LEC,VET,41,0.03043247349622977,1.2232634146341463,0.6162689082415693
2024,2024_19,ZHO,BOT,25,0.05714486872002018,-0.5195479999999987,0.6649219441832153
2024,2024_20,MAG,HUL,61,0.010559958017416158,0.22373442622950848,0.7846664942988567
2018,2018_4,HAR,GAS,9,0.8658545918367349,0.2978888888888902,0.38171670689869563
2018,2018_6,VET,RAI,71,0.015758606219977083,0.23085915492957734,0.7499674621334426
2018,2018_7,HAM,BOT,11,-0.04976363636363576,-0.5606363636363638,0.7700413562196815
2018,2018_8,MAG,GRO,22,-0.016772444946358087,0.44763636363636555,0.6130575041705615
2019,2019_12,VER,GAS,60,0.08202940261435354,3.2745766666666665,0.6662896278165794
2019,2019_14,RUS,KUB,21,0.05119220779220808,0.6115238095238115,0.6538684480609178
2019,2019_1,ALB,KVY,12,-0.09887342657342618,-0.04358333333333656,0.7043089417633269
2019,2019_20,GRO,MAG,45,-0.029140787648513536,0.29378222222222394,0.6818145477278892
2019,2019_5,STR,PER,39,0.02535966952264375,-0.011528205128206683,0.8017275059228095
2020,2020_13,VER,ALB,30,-0.14721269648416754,-0.200233333333333,0.7196960973002452
2020,2020_15,SAI,NOR,36,-0.06261004549590522,-0.42997777777777874,0.7107581734120264
2020,2020_1,RUS,LAT,17,0.079307589067838,0.4679411764705848,0.7625160245259913
2021,2021_11,GAS,TSU,17,0.10982843137254944,-0.3925882352941197,0.676427377001242
2018,2018_6,PER,OCO,70,0.004418738790004828,-0.519628571428572,0.6376804553788448
2020,2020_6,KVY,GAS,57,-0.03024970760233868,-0.05074736842105291,0.6074342979754064
2021,2021_9,RUS,LAT,62,0.06735717491888982,1.6332548387096746,0.650738876127607
2022,2022_14,OCO,ALO,17,-0.11341190476190448,-0.9976352941176463,0.628989154594811
2022,2022_17,TSU,GAS,22,0.12914983853606044,0.6577272727272733,0.6321587990728257
2022,2022_22,MAG,MSC,11,-0.13053636363636334,-0.8677090909090918,0.6081703335900457
2023,2023_4,NOR,PIA,44,-0.02635513979221226,-0.0809772727272731,0.7323407386277122
2024,2024_16,SAI,LEC,12,0.023101667563205346,-0.2188333333333349,0.8603599838397678
2024,2024_4,SAI,LEC,11,-0.021854545454545554,0.509454545454544,0.7455679598952394
2018,2018_13,VER,RIC,21,-0.24426363636363702,-1.0421809523809524,0.6109167480630598
2018,2018_21,VAN,ALO,20,0.04953829615694736,-0.23539999999999922,0.7629949108543481
2018,2018_5,PER,OCO,27,-0.046043606728841766,-0.0979777777777776,0.634057147139397
2018,2018_9,SIR,STR,12,-0.12060139860139837,-0.2773333333333312,0.6801503314283507
2019,2019_12,GAS,VER,60,-0.0710769272118651,-3.2745766666666665,0.6662896278165794
2019,2019_14,HAM,BOT,17,-0.009012254901960453,0.05694117647059011,0.8536557548694091
2019,2019_20,HAM,BOT,25,-0.06466519437853611,0.9114320000000004,0.7657930334544385
2019,2019_5,RAI,GIO,18,-0.06633832679500026,-0.3132444444444455,0.562348586750225
2020,2020_11,LAT,RUS,9,-0.008283333333333337,-0.2038888888888882,0.7795055409460223
2020,2020_7,BOT,HAM,39,-0.007930089192025376,-0.22112820512820427,0.743810859064724
2020,2020_8,PER,STR,43,0.07284274898722701,0.43397674418604654,0.6975503399879317
2021,2021_10,RIC,NOR,43,0.060020932661691014,-0.16125581395348965,0.7329031428870677
2021,2021_18,OCO,ALO,9,0.08148333333333325,-0.8459111111111102,0.5473679589590584
2021,2021_3,LAT,RUS,51,0.09332760408949481,0.8187058823529437,0.5896613578121157
2022,2022_16,MSC,MAG,18,0.048620388084175827,0.24694444444444408,0.6651268974399808
2022,2022_18,NOR,RIC,19,0.19574736842105223,1.7903157894736874,0.5946939463845254
2023,2023_3,PER,VER,44,0.06791958921902916,-0.21326136363636358,0.6656449969923841
2023,2023_5,HUL,MAG,12,0.04616293706293683,-0.2157499999999999,0.6466714935412299
2024,2024_23,RUS,HAM,22,-0.0648520168668952,1.0153181818181787,0.7056456313825961
2024,2024_9,ZHO,BOT,28,0.20565219969168758,-1.709142857142856,0.5476280466389147
2019,2019_1,KVY,ALB,12,0.09887342657342618,0.04358333333333656,0.7043089417633269
2019,2019_4,VER,GAS,12,0.7528720279720283,4.647416666666667,0.3521906216576105
2021,2021_10,RAI,GIO,13,0.4052121320890172,-0.8153076923076904,0.5649985972846883
2021,2021_15,MAZ,MSC,11,-0.03906521739130486,0.21636363636363723,0.6155973911381603
2021,2021_1,RAI,GIO,44,0.0765812560386474,0.1899500000000006,0.7261586533198133
2021,2021_2,HAM,BOT,22,-0.27919706380575954,3.5004545454545433,0.5171186044917838
2022,2022_12,BOT,ZHO,19,0.0800259488084728,0.07007894736842209,0.7733551124201179
2023,2023_16,OCO,GAS,11,-0.4693459105779721,-2.4167727272727264,0.6176289093428861
2018,2018_20,HAM,BOT,54,-0.0387113336074336,-0.17672962962962893,0.6751021786936947
2019,2019_1,SAI,NOR,8,0.04859523809524005,-0.5667999999999935,0.7333215173217992
2019,2019_5,GIO,RAI,18,0.05080393208221606,0.3132444444444455,0.5623485867502249
2020,2020_16,AIT,LAT,18,0.3807024197301072,2.1882055555555566,0.5530847808158561
2021,2021_19,GAS,TSU,14,0.03924091784702514,2.2789642857142858,0.6881781374142315
2021,2021_5,STR,VET,29,0.11645812807881796,-1.236344827586208,0.6999087031618149
2022,2022_3,NOR,RIC,44,0.008066092340826529,0.17779545454545473,0.7901515400036208
2022,2022_6,LEC,SAI,8,0.7298333333333328,2.4461499999999994,0.5416886408855724
2023,2023_5,ALB,SAR,18,0.0013195046439628752,0.01061111111111204,0.7562306747506714
2018,2018_18,BOT,HAM,8,0.15983333333333133,-0.6107499999999977,0.7798346076563669
2018,2018_9,ALO,VAN,11,-0.11390454545454558,-0.8757000000000013,0.4374713572259829
2019,2019_16,KUB,RUS,23,-0.0025948616600785877,-1.4953043478260881,0.6563406544969459
2019,2019_8,HAM,BOT,47,0.011813980465082675,0.02890851063829785,0.7374205049805291
2022,2022_2,RUS,HAM,14,0.1474318681318672,2.19890714285714,0.6480968250949778
2023,2023_8,PER,VER,8,-0.092477358490566,-1.4856250000000006,0.7410302468383461
2024,2024_17,BOT,ZHO,9,-0.010033333333333637,0.36201111111111417,0.73703750785516
2018,2018_10,OCO,PER,11,0.1546545454545461,0.27418181818181736,0.6096798055172999
2019,2019_15,NOR,SAI,17,0.0361632352941184,1.4055294117647061,0.4888447176825779
2021,2021_21,PER,VER,8,-0.023154761904764693,0.27992499999999687,0.6856297351688668
2023,2023_7,GAS,OCO,11,0.17634545454545503,-0.30390909090909124,0.6785628365450633
2024,2024_17,COL,ALB,8,0.045854761904760344,0.600225,0.7936025885990798
2024,2024_24,GAS,DOO,9,-0.02313333333333293,0.8395555555555521,0.7852257593279276
2018,2018_1,VET,RAI,12,-0.04418531468531518,-0.245250000000001,0.7545300555714701
2019,2019_10,KUB,RUS,46,0.027480668574699395,-0.054900000000000414,0.6868438235573204
2019,2019_13,GRO,MAG,11,-0.12785454545454616,-1.9936363636363617,0.5641091046655186
2019,2019_9,HAM,BOT,19,0.03873333333333294,0.0661052631578925,0.8424638335037808
2021,2021_10,GIO,RAI,13,-0.4052121320890172,0.8153076923076904,0.5649985972846883
2021,2021_22,LAT,RUS,24,0.009882608695652032,0.14008333333333192,0.6575707877125488
2021,2021_8,OCO,ALO,25,0.007791538461538522,-0.6175599999999969,0.7527851072981675
2024,2024_18,PIA,NOR,28,0.03367733990147754,-0.9817500000000007,0.7696901902311696
2024,2024_8,LEC,SAI,76,0.0008894736842105116,0.0840394736842109,0.5919841182133675
2024,2024_9,ALO,STR,53,0.013147090028683379,0.54892075471698,0.5981229408206624
2018,2018_17,STR,SIR,20,-0.049528015564201326,0.4476699999999987,0.5402481682447319
2018,2018_18,ERI,LEC,25,0.04250276307754939,0.37849599999999783,0.6801267025789093
2018,2018_19,BOT,HAM,50,0.006503125000000077,-0.2007600000000008,0.6683862218219383
2018,2018_1,BOT,HAM,13,-0.09100000000000032,-1.8307692307692316,0.6801515028326311
2018,2018_20,BOT,HAM,54,0.039035655186234974,0.1767296296296292,0.6751021786936948
2018,2018_2,LEC,ERI,16,0.4447046704722368,3.2180125000000004,0.6185381516399764
2018,2018_5,STR,SIR,13,0.035209890109889445,1.143630769230768,0.7848796090830247
2019,2019_14,RAI,GIO,20,0.2619761486040887,-0.08204999999999885,0.5437702099175514
2019,2019_9,RUS,KUB,17,-0.06773774509803977,0.44023529411764756,0.6501124378806934
2020,2020_6,RAI,GIO,58,0.042313954778191616,0.2685034482758613,0.5989255534974279
2020,2020_7,LAT,RUS,8,-0.12483333333333253,-0.722999999999999,0.6687840062636986
2021,2021_13,NOR,RIC,28,0.16302512315270942,1.0699928571428583,0.7140732349258672
2021,2021_14,SAI,LEC,45,0.0031452186853001556,-0.30844444444444497,0.7603597513986068
2021,2021_15,GIO,RAI,14,0.012055702917771895,-1.4301428571428565,0.5805637363814825
2021,2021_16,STR,VET,51,0.03943230108164173,0.0957921568627463,0.6640771630967626
2021,2021_2,VER,PER,50,-0.5699717631130277,-1.3996879999999994,0.46905769597316893
2022,2022_15,RIC,NOR,26,-0.08545155906895002,-0.8588307692307703,0.5979622839256764
2022,2022_15,VET,STR,25,0.2887968632823766,1.1549759999999991,0.5086071317547126
2022,2022_1,LEC,SAI,42,0.05341653405474248,0.31357619047619034,0.6259733816834043
2022,2022_21,TSU,GAS,36,-0.1225528745772683,-0.5490638888888889,0.5925599770787248
2022,2022_22,HAM,RUS,29,-0.009392572695489498,-0.09882068965517267,0.67073482716309
2022,2022_3,PER,VER,25,0.0407063548732592,-0.4423600000000022,0.7333119175549103
2022,2022_6,RIC,NOR,52,0.5207388125099788,0.9958692307692314,0.449154657522957
2022,2022_9,HAM,RUS,24,-0.006734072790294554,0.39814999999999934,0.7792911916329648
2023,2023_11,SAI,LEC,61,-0.010763557922509296,-0.13626721311475423,0.7308635910838678
2023,2023_12,BOT,ZHO,37,0.7762224725305065,3.894078378378378,0.521404028486155
2023,2023_18,VER,PER,47,0.006680434942596291,0.37336595744680806,0.7339229097810824
2023,2023_19,BOT,ZHO,53,-0.3941753831055588,-4.863943396226417,0.6307886564759552
2023,2023_20,PER,VER,16,-0.3860117647058818,0.3256250000000005,0.5867641664521321
2024,2024_10,GAS,OCO,59,-0.06021227239621277,-0.06756271186440672,0.7259453124514047
2024,2024_11,PER,VER,55,0.08123467231671225,-0.5388581818181815,0.7431273512621333
2024,2024_17,RUS,HAM,46,0.014849394892025723,0.6422608695652182,0.6034108984388744
2024,2024_21,GAS,OCO,58,-0.02547370463313699,-0.9010000000000005,0.7154858939498041
2024,2024_9,PER,VER,38,0.14192029662865338,-1.7958157894736846,0.5549951598249709
2024,2024_9,RUS,HAM,49,-0.0702438508007067,0.050151020408163986,0.6068185401321666
2018,2018_19,LEC,ERI,21,0.1379953662842008,-0.020857142857141617,0.5447188657994556
2018,2018_19,SIR,STR,17,0.05828683241252321,-0.13400000000000284,0.6355956519528705
2018,2018_19,STR,SIR,17,-0.08451264755480631,0.13400000000000284,0.6355956519528705
2018,2018_1,OCO,PER,45,0.048569546687330434,0.11604444444444369,0.7350107296499705
2018,2018_2,MAG,GRO,20,0.23299543230016267,1.8429100000000012,0.5314892519701944
2018,2018_5,OCO,PER,27,0.050538185305204784,0.0979777777777776,0.634057147139397
2019,2019_11,KVY,ALB,40,-0.020846636349380446,-0.980575,0.527077791600816
2019,2019_12,HUL,RIC,34,-0.732309014514897,-8.901873529411766,0.5089779592685968
2019,2019_2,ALB,KVY,18,-0.26777578796561574,-0.5204999999999984,0.6964139109548012
2019,2019_7,BOT,HAM,61,0.002358220884703783,-0.9415409836065567,0.698555062995059
2020,2020_1,VET,LEC,45,0.017016279358767178,-1.2346888888888885,0.6596476991785531
2020,2020_2,GIO,RAI,49,-0.009769615904483015,0.04822448979591836,0.8056311852569906
2020,2020_5,BOT,HAM,27,0.0940630638018701,0.38866666666666666,0.7037404242346357
2021,2021_11,LAT,RUS,62,-0.10389751285640722,-0.9629193548387103,0.7661837710914955
2021,2021_17,LEC,SAI,45,-0.12566351768794362,0.00677111111111041,0.6724516830605697
2021,2021_22,RAI,GIO,15,0.032921428571428525,-0.223999999999999,0.8109285155374166
2021,2021_2,PER,VER,50,0.5587249289022506,1.3996879999999996,0.46905769597316904
2021,2021_4,GIO,RAI,31,0.05167913036714393,0.676429032258065,0.5463899391800797
2021,2021_4,NOR,RIC,37,0.05695552517928591,-0.4556162162162165,0.7212521132205345
2021,2021_6,VER,PER,36,0.0560574766355141,0.23694999999999944,0.6948692902744842
2021,2021_8,PER,VER,47,0.01184487184527054,-0.54876595744681,0.8161614151208749
2021,2021_9,STR,VET,39,0.1712534897360708,0.5216717948717936,0.6856620791308549
2021,2021_9,VET,STR,39,-0.14988288648031994,-0.5216717948717936,0.6856620791308549
2022,2022_2,ZHO,BOT,19,0.07218807947019824,-0.5567368421052611,0.691557581640382
2022,2022_3,BOT,ZHO,45,0.01556357007928963,0.2057777777777763,0.6122124918753618
2022,2022_7,HAM,RUS,46,0.05708305200512826,1.114749999999999,0.5393538344164215
2023,2023_13,VER,PER,38,0.04582751031088194,0.9734342105263138,0.6980830819164292
2023,2023_17,NOR,PIA,38,-0.05349798820928572,-0.3745894736842111,0.6861722499544247
2023,2023_18,ALO,STR,37,0.02522413793103431,-0.17921891891891825,0.699273648848187
2023,2023_20,BOT,ZHO,13,-0.014981562167906965,0.19749230769230708,0.7600029112631823
2023,2023_5,PIA,NOR,52,0.0010607335296355512,-0.7423461538461542,0.6580601132426641
2024,2024_13,TSU,RIC,43,0.011224018547380301,-0.5678046511627897,0.6168543118427171
2024,2024_14,ALB,SAR,37,0.029734557519882816,0.5623135135135139,0.6958961903660473
2024,2024_24,MAG,HUL,22,-0.03334053630233638,-0.41148181818182006,0.7338926983813926
2024,2024_5,HUL,MAG,30,-0.16405119214586258,-0.6933000000000011,0.6360487058422997
2024,2024_6,TSU,RIC,48,-0.27698679149797556,-1.8010479166666657,0.5047715473855764
2024,2024_9,TSU,RIC,40,-0.014020968275731805,-0.5701250000000009,0.5151170650099355
2019,2019_10,ALB,KVY,15,0.03172857142857164,0.8227333333333349,0.7063885475953733
2019,2019_10,STR,PER,11,0.026199999999998884,-0.13509090909090948,0.8479339978455056
2019,2019_15,KVY,GAS,25,0.24067377302509602,-0.253747999999996,0.4588246078536604
2019,2019_1,GAS,VER,23,-0.010316600790513776,-1.7150086956521746,0.6499972534735341
2019,2019_3,MAG,GRO,46,0.005054118136439449,-0.13764782608695747,0.5339933444595772
2019,2019_6,SAI,NOR,23,-0.14121356422796671,-0.9330956521739114,0.5618069147457195
2019,2019_7,KUB,RUS,33,0.032509807978811346,-0.7967272727272724,0.5647595187541974
2020,2020_14,MAG,GRO,31,-0.09263835346314994,1.6900967741935466,0.47614263010310404
2020,2020_17,FIT,MAG,22,-0.4777444444444453,-1.253677272727274,0.49871028697050046
2020,2020_1,GAS,KVY,41,0.24831765611304712,1.3905804878048782,0.7167384249738745
2020,2020_1,GIO,RAI,36,-0.018150839732783957,-0.23638888888888981,0.7468095912413122
2020,2020_9,VET,LEC,24,-0.0443629422458396,-1.6933916666666669,0.5954111772914993
2021,2021_10,RUS,LAT,45,0.060519142143770875,0.07544444444444245,0.6886267067929894
2021,2021_13,BOT,HAM,19,0.0597132590900438,-0.5272894736842114,0.7524187350191202
2021,2021_17,BOT,HAM,44,0.07173996310850869,-1.4075363636363634,0.5741228148451851
2021,2021_19,NOR,RIC,19,0.08280166919575103,-0.8298947368421046,0.6180981174623524
2021,2021_4,MSC,MAZ,33,-0.03493138711549584,0.6356272727272728,0.5484513193283126
2021,2021_7,GAS,TSU,47,-0.03200677907267865,-0.07986595744680931,0.6078152013643853
2021,2021_8,VER,PER,47,0.006347214145648999,0.54876595744681,0.8161614151208747
2022,2022_19,LAT,ALB,34,-0.007313731618251889,-0.6530294117647064,0.6573125504727915
2022,2022_3,MAG,MSC,8,-0.029057142857144152,-1.1325749999999957,0.7028674860463763
2023,2023_13,HUL,MAG,13,2.1661012353706104,-4.474653846153846,0.42870281168583424
2023,2023_16,HUL,MAG,9,0.17838484848484787,0.25932222222221907,0.6857424583750965
2023,2023_17,TSU,LAW,42,-0.21631347969107528,0.4290547619047637,0.6010481609972042
2024,2024_11,RUS,HAM,41,-0.10201820311468925,-0.016836585365854886,0.786186305492156
2024,2024_12,HAM,RUS,28,0.002200026098871137,0.12403571428571425,0.7677772542530266
2024,2024_13,SAI,LEC,34,0.0836599999999999,0.027588235294116883,0.7896015085955419
2024,2024_15,RUS,HAM,42,0.01767467532467514,0.06371428571428711,0.6794301600257923
2024,2024_17,VER,PER,43,0.041125577665279925,-0.1401255813953496,0.6884924702833447
2024,2024_19,ALB,COL,24,-0.028629716021349907,-0.7499291666666673,0.6601259237979589
2019,2019_15,HAM,BOT,20,0.007133834586466291,0.17790000000000106,0.6573937502123772
2019,2019_17,RIC,HUL,17,-0.09734215686274565,-1.178882352941178,0.7789656625704653
2019,2019_19,RAI,GIO,46,0.10585370741482977,0.5172826086956516,0.589431453689762
2019,2019_4,HAM,BOT,45,-0.038539294768379695,-0.08211111111111065,0.6698959196273309
2020,2020_10,OCO,RIC,40,-0.022695235955056223,-1.0087449999999998,0.7286045627460763
2020,2020_13,NOR,SAI,16,0.016111464968152966,-0.20968750000000025,0.7188603131202047
2020,2020_2,STR,PER,28,0.003884513697474377,-0.06325000000000257,0.7546589632056947
2021,2021_3,LEC,SAI,14,-0.19801208791208813,-1.9746785714285733,0.7372276705843206
2021,2021_4,OCO,ALO,51,-0.09874229953330496,-0.5588784313725489,0.6933475569887739
2021,2021_6,MSC,MAZ,35,0.1704969037855825,1.0462200000000008,0.5414539124039731
2022,2022_19,NOR,RIC,26,0.020235847499587446,0.9105576923076943,0.7236656967940812
2022,2022_1,SAI,LEC,42,0.10387038043478258,-0.31357619047619034,0.6259733816834042
2022,2022_20,VER,PER,64,-0.04906566262907791,-0.3961406249999999,0.7660973041713423
2023,2023_11,RUS,HAM,33,0.003952755102040623,-0.7715969696969704,0.6402108764382572
2023,2023_13,PER,VER,38,-0.04458778884783786,-0.973434210526315,0.6980830819164282
2023,2023_16,LEC,SAI,33,0.026273224043715897,0.3833878787878795,0.7290609426037307
2023,2023_18,RUS,HAM,45,0.005822312146335261,-0.37538888888888855,0.6970894035549968
2023,2023_2,GAS,OCO,42,0.0402091880604348,0.23878571428571455,0.7857357876997878
2023,2023_9,HAM,RUS,51,-0.04341614199598132,-0.09643529411764731,0.7199048614931648
2024,2024_10,ZHO,BOT,22,0.26468501326259963,0.42365909090908943,0.7046971050163312
2024,2024_12,NOR,PIA,44,-0.03014255084660877,0.3069090909090907,0.7369335945999839
2024,2024_12,VER,PER,31,0.14057646300869753,1.7611032258064516,0.5534706234747102
2024,2024_16,VER,PER,30,-0.00505073170731679,0.1915333333333341,0.8080788640032234
2024,2024_23,PER,VER,30,0.011488987764182265,-0.9735000000000004,0.7900133356400129
2018,2018_17,HAR,GAS,42,0.09270771927902256,-0.42333333333333406,0.5765592634356103
2018,2018_20,SAI,HUL,21,-0.021164935064935043,-0.0033333333333323317,0.7644811890971233
2018,2018_4,GAS,HAR,9,-0.8658545918367347,-0.2978888888888902,0.3817167068986957
2019,2019_10,NOR,SAI,11,-0.08049090909090857,0.3428363636363617,0.785220490757832
2019,2019_1,RUS,KUB,45,0.08313179038534665,0.8741022222222218,0.46863174256266876
2019,2019_6,GAS,VER,8,-0.245238095238096,-2.9350000000000005,0.7522340927132919
2019,2019_8,RIC,HUL,14,0.16640989010988982,1.5895500000000038,0.7502167768946985
2020,2020_5,NOR,SAI,10,-0.11129090909090891,0.19830000000000042,0.7676712396334058
2020,2020_7,HAM,BOT,39,0.007930089192025376,0.22112820512820427,0.743810859064724
2021,2021_13,STR,VET,8,-0.03127380952380828,0.2951249999999952,0.7939459716115898
2021,2021_15,MSC,MAZ,11,0.03906521739130486,-0.21636363636363723,0.6155973911381603
2021,2021_17,PER,VER,45,-0.11262495635406619,-0.7261977777777777,0.7032311667225806
2021,2021_2,SAI,LEC,50,0.0912815472720827,-0.5300199999999995,0.6153830079345343
2021,2021_7,VET,STR,47,-0.005036434546107735,0.15787234042553225,0.6371411467745547
2021,2021_9,GAS,TSU,32,-0.040980853499870136,-0.06279374999999998,0.7653464009726384
2022,2022_12,MSC,MAG,30,0.13936417668512732,-0.4593666666666654,0.633950016911632
2022,2022_7,ALB,LAT,13,0.4432220793739523,-1.7116923076923052,0.34197606788030854
2023,2023_12,OCO,GAS,22,-1.1439637826117364,-6.236827272727272,0.4383477138432662
2023,2023_15,RUS,HAM,52,-0.012233659630875828,-0.02840384615384486,0.6644748119577506
2023,2023_15,SAR,ALB,54,0.02255238986516932,0.5704629629629636,0.6218981879522091
2023,2023_16,MAG,HUL,9,-0.17217333333333257,-0.25932222222221907,0.6857424583750965
2023,2023_18,ZHO,BOT,48,0.021470771394134395,0.08627083333333314,0.7087799307626156
2023,2023_19,ALO,STR,36,-0.01723473078503902,-0.26121111111111106,0.6354677162403712
2023,2023_1,VER,PER,45,-0.05353330097087377,-0.027246666666667984,0.6667711005605887
2023,2023_20,TSU,RIC,63,-0.02695150414367665,-0.7037999999999998,0.6431159537490353
2023,2023_21,GAS,OCO,33,0.05674051354401812,0.24572727272727343,0.6418260766052085
2023,2023_3,HAM,RUS,11,3.5925306122448983,-2.157727272727274,0.3656370065615808
2024,2024_6,PIA,NOR,31,-0.017678042993403847,-0.10845806451612908,0.720388400855684
2024,2024_7,SAI,LEC,57,-0.03843240089691067,-0.4949368421052631,0.7721230843303927
2018,2018_4,HAM,BOT,17,0.01609136212624548,0.45688235294117624,0.7129193847940406
2018,2018_6,RAI,VET,71,-0.01619014770948193,-0.23085915492957734,0.7499674621334426
2018,2018_9,VAN,ALO,11,0.11390454545454558,0.8757000000000013,0.4374713572259829
2019,2019_14,RIC,HUL,48,0.0017349217347485601,-0.07314583333333236,0.7222851977329708
2019,2019_18,BOT,HAM,19,0.06205438596491207,-0.2503684210526311,0.6524124458436283
2019,2019_20,SAI,NOR,45,0.03517679169243236,0.34031111111111095,0.6898271658139269
2019,2019_6,GRO,MAG,8,0.027309523809523777,-0.7367500000000025,0.6868982871270334
2019,2019_6,HUL,RIC,70,-1.2842572717419958,-31.608214285714283,0.34264104800436335
2019,2019_8,STR,PER,16,-0.10030294117647044,-0.836174999999999,0.7857102619888856
2019,2019_9,KVY,ALB,64,-0.006685500818416983,-0.31037812500000084,0.6472757259086921
2020,2020_13,VET,LEC,10,0.040284848484848604,-1.389500000000001,0.7712366425510384
2020,2020_15,VER,ALB,32,-0.011472723484059434,0.4259999999999997,0.7256525440408753
2020,2020_17,ALB,VER,50,0.07155011559571513,-1.014403999999999,0.7446946109697269
2020,2020_1,SAI,NOR,49,-0.008130174745479656,-0.2638897959183679,0.7480088486784767
2020,2020_3,RAI,GIO,15,0.25402499999999956,0.4923999999999988,0.5218056271533112
2020,2020_5,GRO,MAG,22,0.45305641751437387,2.2625636363636388,0.47303949675069906
2020,2020_8,HAM,BOT,41,-0.2626895412997438,-0.4563219512195114,0.6229744407132369
2021,2021_19,TSU,GAS,14,-0.032878726135086925,-2.2789642857142858,0.6881781374142315
2021,2021_1,GAS,TSU,9,-0.17319999999999897,-0.24435555555555608,0.6635680941529054
2021,2021_20,GAS,TSU,23,-0.1720236232569131,0.38483478260869775,0.6434783885175281
2021,2021_22,TSU,GAS,22,-0.038495318311091396,0.554736363636361,0.7083966063624499
2021,2021_6,SAI,LEC,37,-0.0509975527258255,-0.5441162162162159,0.6600310789313324
2022,2022_10,MSC,MAG,29,-0.03715577489687685,0.2988896551724138,0.6514289930508377
2022,2022_16,NOR,RIC,15,0.0010499999999998377,-0.00539999999999831,0.8161453533958896
2022,2022_22,ZHO,BOT,13,0.0566879120879124,1.3022615384615375,0.6518370486526924
2022,2022_3,HAM,RUS,46,0.01534106028312581,0.11947826086956388,0.7153712250473206
2022,2022_6,HAM,RUS,23,0.3339652144772117,1.3390260869565238,0.5457104080923074
2023,2023_10,PIA,NOR,38,0.001093591888965302,-0.010321052631579388,0.7213490135617382
2023,2023_10,TSU,DEV,25,-0.030758563462560035,0.060519999999999075,0.6719483899925135
2023,2023_22,HAM,RUS,50,-0.018574155405405555,-0.41426400000000085,0.7195308977869014
2023,2023_3,MAG,HUL,44,0.0485110634204101,-0.25631818181818194,0.654868140635471
2023,2023_3,OCO,GAS,45,0.25195739558769314,2.8100777777777792,0.6022657304617307
2023,2023_4,HAM,RUS,42,0.027232785540800563,0.6359285714285708,0.7320099787848432
2023,2023_9,RUS,HAM,51,0.04531995231863586,0.09643529411764676,0.7199048614931643
2024,2024_16,NOR,PIA,25,-0.012771208791208284,-0.03902400000000114,0.8088124702984513
2024,2024_16,PER,VER,30,0.006967912488605003,-0.1915333333333341,0.8080788640032234
2024,2024_1,PER,VER,28,0.02253568295577698,-0.20742142857142756,0.6908711214504742
2024,2024_22,OCO,GAS,9,0.06300714285714182,0.21902222222222179,0.7412946147087454
2024,2024_3,PIA,NOR,22,-0.012549734748011297,-0.08720454545454327,0.7594580859753006
2018,2018_11,SIR,STR,20,-0.10311578947368434,-0.5507999999999988,0.5876368910157036
2018,2018_21,GAS,HAR,22,-0.003754637633755619,0.7057727272727287,0.5280934787407039
2018,2018_7,PER,OCO,35,0.034231812491306184,-0.22328571428571625,0.6675177767991569
2019,2019_5,VER,GAS,51,-0.010516761979885715,0.7481921568627466,0.7339563324971086
2020,2020_13,SAI,NOR,16,-0.017684959349593465,0.20968750000000025,0.7188603131202047
2020,2020_17,SAI,NOR,39,-0.025892294233540034,0.4721333333333338,0.6969595531547105
2020,2020_1,STR,PER,12,-0.236458774758176,-1.119333333333331,0.6512255005790956
2021,2021_18,STR,VET,41,-0.016675825699430685,0.11479268292682905,0.49011824200105036
2021,2021_9,NOR,RIC,63,-0.029697749465655236,0.7361619047619047,0.7282447236373994
2022,2022_1,ALB,LAT,41,0.17877402538186815,0.9930585365853669,0.5548146061205693
2022,2022_21,ALO,OCO,19,-0.5174145395044416,-2.599757894736844,0.6396851534740412
2023,2023_2,STR,ALO,10,-0.1057939393939389,-0.5988000000000013,0.6081703933163733
2023,2023_7,OCO,GAS,11,-0.17634545454545503,0.30390909090909124,0.6785628365450633
2024,2024_13,RIC,TSU,43,-0.01050919721703912,0.5678046511627907,0.6168543118427169
2024,2024_1,LEC,SAI,47,0.07912447319445227,0.07450000000000076,0.7231826495638599
2024,2024_21,LAW,TSU,56,-0.0023860731840524025,-0.2554107142857145,0.7764411591438887
2024,2024_7,HUL,MAG,11,-0.06349090909090814,0.4285454545454544,0.7757046658625637
2024,2024_8,SAI,LEC,76,-0.0008894736842105116,-0.0840394736842109,0.5919841182133675
2018,2018_16,STR,SIR,45,0.07743410969196102,1.155955555555555,0.5249083020702141
2019,2019_9,GRO,MAG,9,-0.0007499999999995474,-0.4181111111111101,0.5986560411743278
2020,2020_12,OCO,RIC,11,0.09513636363636405,-0.4458272727272714,0.5974823966058874
2020,2020_13,STR,PER,49,-0.06683109916630081,-0.4465918367346941,0.6934494717733483
2020,2020_7,GRO,MAG,28,-0.010452191964830786,0.2557142857142881,0.6956191805220564
2021,2021_17,HAM,BOT,44,-0.07642091114118128,1.4075363636363634,0.574122814845185
2021,2021_3,SAI,LEC,14,0.19801208791208813,1.9746785714285733,0.7372276705843206
2021,2021_7,RUS,LAT,48,0.023316882588741077,0.7287958333333338,0.6445797293516896
2022,2022_18,PER,VER,21,0.02758906560636182,-1.0822380952380968,0.6547932551976287
2023,2023_11,ALB,SAR,37,0.1471472274497794,1.2815405405405391,0.6087891621638161
2024,2024_10,VER,PER,11,-0.16335454545454503,1.0634545454545437,0.7152266910232845
2024,2024_18,COL,ALB,9,0.055416666666667426,0.48133333333333106,0.7505502459491069
2024,2024_6,GAS,OCO,10,-0.09515151515151492,0.18859999999999957,0.6972697357069582
2018,2018_17,RIC,VER,42,0.08404467502850645,0.5189357142857132,0.5764435701832413
2018,2018_3,GAS,HAR,16,0.8364482706788242,23.754075,0.26315626792472324
2021,2021_19,RIC,NOR,19,-0.08280166919575115,0.8298947368421038,0.6180981174623524
2021,2021_2,VET,STR,39,0.5271223426573428,1.6429384615384623,0.4103632726522231
2021,2021_7,GIO,RAI,25,-0.0049504985754986585,0.1206800000000004,0.6413723288027708
2022,2022_14,ALO,OCO,17,0.13034816849816847,0.9976352941176463,0.628989154594811
2022,2022_19,VER,PER,34,0.01887532780168021,0.5622088235294121,0.693467506381217
2024,2024_14,VER,PER,16,-0.04417954545454513,-0.03218749999999737,0.7807216473972732
2024,2024_19,MAG,HUL,12,-0.07010583446404318,0.22199999999999775,0.7289598110715323
2024,2024_20,PER,VER,10,-0.09237142857142805,-1.3881000000000028,0.60704783172377
2019,2019_17,RUS,KUB,26,-0.02144884656084653,1.6958076923076926,0.6258817434712666
2019,2019_4,RUS,KUB,23,0.09527857142857064,0.6214695652173934,0.5392202384173791
2019,2019_6,RUS,KUB,8,0.08421428571428502,-0.16324999999999967,0.7559331617944408
2023,2023_5,ALO,STR,21,-0.005436905478627835,0.7429333333333356,0.7142738065739958
2023,2023_5,VER,PER,18,0.037936429308566076,0.2060222222222205,0.7932529441249216
2023,2023_6,DEV,TSU,71,-0.014894440365288489,0.510028169014085,0.5876141915655347
2024,2024_15,HUL,MAG,11,0.0005285714285722282,0.2695090909090926,0.6800983640914194
2024,2024_19,TSU,LAW,12,-0.09889580419580464,0.34578333333333333,0.7263051532487054
2018,2018_8,HUL,SAI,20,0.21218082706766836,2.1755749999999976,0.6161845874280565
2019,2019_4,NOR,SAI,32,0.08238941865246417,1.0509374999999994,0.6325735379964035
2020,2020_11,MAG,GRO,11,-0.13199145527369763,1.029454545454544,0.6823297717501734
2018,2018_12,MAG,GRO,56,-0.09790147266548274,0.1365357142857133,0.5790219940607579
2019,2019_12,STR,PER,44,0.073426560636183,0.18209090909091072,0.6050451232923705
2019,2019_13,PER,STR,22,0.2618974430239015,1.8814090909090917,0.49710877569412043
2020,2020_3,RIC,OCO,27,0.1019945864200235,1.9003703703703698,0.588369450708259
2021,2021_13,KUB,GIO,25,0.09555692307692297,0.3946199999999999,0.721757224146022
2021,2021_21,VER,PER,8,0.023154761904764693,-0.27992499999999687,0.6856297351688668
2021,2021_2,ALO,OCO,48,0.029626863481629313,0.032520833333334664,0.6463810730109772
2022,2022_4,RIC,NOR,20,-0.038664761360388586,-1.735600000000001,0.5172188957195448
2022,2022_5,HAM,RUS,20,0.008048120300751745,1.4991000000000008,0.7232518633412442
2024,2024_10,RUS,HAM,21,0.005200089525514637,0.08461904761904632,0.7949147847379814
2024,2024_8,PIA,NOR,75,-0.003890554765291626,0.00654666666666761,0.7192177817883896
2018,2018_19,ERI,LEC,21,-0.1882030420940925,0.020857142857141617,0.5447188657994556
2018,2018_20,PER,OCO,52,-0.6950417891055855,-4.830730769230769,0.5096036648632937
2018,2018_6,HAM,BOT,10,0.060224242424242846,0.2956999999999965,0.8574787682547222
2019,2019_10,GIO,RAI,15,0.05197142857142925,-0.3828000000000022,0.6774121022716723
2019,2019_19,KUB,RUS,9,-0.2729833333333334,-0.8952222222222225,0.6642734398718882
2019,2019_2,BOT,HAM,29,0.7505897314768772,2.5470862068965503,0.5359077482836744
2019,2019_4,SAI,NOR,32,-0.07048010446259989,-1.0509374999999994,0.6325735379964035
2019,2019_9,GAS,VER,23,0.058147233201580856,-0.02426086956522078,0.6866858292446317
2020,2020_4,LAT,RUS,40,0.016608957746478765,-0.06912500000000002,0.7521681227768516
2021,2021_13,OCO,ALO,66,0.037592814643682325,0.47898181818181745,0.7050428475767453
2021,2021_22,LEC,SAI,13,-0.05489560439560416,-0.4740769230769206,0.7933798468802847
2022,2022_5,OCO,ALO,12,-0.04942151694459436,-1.4621166666666667,0.6966146434916202
2022,2022_6,RUS,HAM,23,-0.21573895243828997,-1.3390260869565238,0.5457104080923075
2023,2023_11,PIA,NOR,57,0.025154830355136774,-0.1790596491228088,0.7414982472078566
2023,2023_15,BOT,ZHO,16,0.10211617647058867,-0.6736875000000007,0.7563934422035331
2024,2024_17,PIA,NOR,13,-0.1054428571428567,1.5201384615384632,0.7190505397654908
2024,2024_22,LAW,TSU,24,-0.0554459896507119,-0.3918916666666661,0.6331246451838953
2024,2024_6,STR,ALO,17,-0.5600929487179479,-1.5916764705882325,0.5673574985747049
2024,2024_8,STR,ALO,39,0.032164372469635404,0.4638461538461539,0.5989395835680121
2018,2018_8,VER,RIC,40,0.009253724907602264,0.6542574999999996,0.7250292687890305
2019,2019_12,GRO,MAG,17,-0.09884950980392175,0.1339176470588228,0.7357259694238171
2021,2021_11,ALO,OCO,62,-0.030576242320830272,-0.5824677419354841,0.7069187059454846
2022,2022_16,BOT,ZHO,14,0.0715597837837838,-0.5814285714285694,0.6868492944171551
2022,2022_17,MSC,MAG,22,0.2714398219814242,-0.2491818181818188,0.5204288312596482
2022,2022_2,BOT,ZHO,19,-0.07218807947019823,0.5567368421052611,0.691557581640382
2022,2022_7,LAT,ALB,13,-0.4432220793739523,1.7116923076923052,0.34197606788030854
2023,2023_14,HAM,RUS,16,-0.02676112531969305,-0.862350000000002,0.768945875996111
2018,2018_18,VET,RAI,16,0.20953697183098582,-0.21968750000000004,0.6162168257845057
2018,2018_21,OCO,PER,11,-0.13891418355184834,-0.22218181818181584,0.6311513179067137
2018,2018_21,STR,SIR,28,0.04271062716486108,0.561749999999999,0.6182103370533676
2021,2021_5,ALO,OCO,35,0.2028507002801122,1.8778571428571398,0.6788212174980016
2022,2022_11,STR,VET,14,-0.18170295047418342,-0.49087857142856706,0.6809847175369877
2022,2022_16,DEV,LAT,11,-0.14818390941597054,0.7688454545454614,0.6235037811666033
2023,2023_12,ALO,STR,8,-0.05732142857142959,0.9383750000000006,0.5129079944057712
2024,2024_8,ZHO,BOT,12,0.011881118881121009,-0.21866666666666745,0.8301350099304368
2024,2024_9,ALB,SAR,14,0.13023144876325038,0.07221428571428845,0.5033874442285694
2018,2018_18,HAM,BOT,8,-0.15983333333333133,0.6107499999999977,0.7798346076563669
2019,2019_13,LEC,VET,10,-0.02593333333333452,0.26270000000000093,0.7777343716659487
2021,2021_13,RIC,NOR,28,-0.1630251231527095,-1.0699928571428587,0.714073234925867
2021,2021_18,RIC,NOR,33,0.048619585561497265,-2.2946727272727294,0.583100938802699
2018,2018_12,SIR,STR,23,0.2105583003952572,1.1065652173913034,0.6579781362511851
2020,2020_8,LAT,RUS,38,0.043581796725180685,-0.2780789473684205,0.6157988986773915
2021,2021_3,STR,VET,14,0.004667700987306084,-0.8337142857142875,0.7024186434242362
2022,2022_16,ALO,OCO,16,-0.0395941176470589,0.23403749999999857,0.7628033146288102
2023,2023_2,NOR,PIA,13,0.05058791208791252,-0.3059769230769208,0.7467737620493342
2024,2024_18,ALB,COL,9,-0.055416666666667426,-0.48133333333333106,0.7505502459491069
2018,2018_2,HAM,BOT,14,0.08087032967033081,1.454899999999998,0.7395062911055831
2019,2019_13,GAS,KVY,8,0.9070952380952381,2.0305,0.6324635989158448
2019,2019_14,NOR,SAI,19,0.1423808988764042,-0.7271894736842102,0.6575043157935442
2019,2019_15,PER,STR,11,0.0037090909090907904,-0.31581818181818344,0.5899552745053733
2019,2019_15,STR,PER,11,-0.0037090909090907904,0.31581818181818344,0.5899552745053733
2020,2020_17,GIO,RAI,8,0.14771428571428405,-0.18675000000000175,0.6957891101897544
2020,2020_2,MAG,GRO,27,0.031018315018314972,-0.04937037037036926,0.6501778471572073
2023,2023_13,ALB,SAR,13,-0.3316263736263738,3.1921538461538477,0.36022580496491324
2023,2023_15,ZHO,BOT,16,-0.10211617647058867,0.6736875000000007,0.7563934422035331
2023,2023_4,MAG,HUL,8,-0.003854761904761475,0.6947749999999981,0.6415614494463269
2024,2024_20,BOT,ZHO,36,0.016388803088803094,0.32897222222222156,0.6929865977909709
2024,2024_5,STR,ALO,18,0.05641382488479218,-0.6034999999999991,0.6313509561643375
2024,2024_6,LEC,SAI,17,0.03540196078431408,0.030882352941179313,0.8329284140711506
2018,2018_11,GRO,MAG,33,-0.044413787545509814,-0.37606969696969844,0.6137462087141949
2018,2018_15,BOT,HAM,54,-0.11542654425706018,-1.6436111111111105,0.5807627279964683
2018,2018_19,RAI,VET,39,-0.0684115206042963,-0.4989743589743577,0.6607648076531282
2018,2018_8,ALO,VAN,34,0.16048097784568405,3.013605882352941,0.6173706643082937
2018,2018_8,HAM,BOT,27,-0.15204139194139163,-0.6015222222222218,0.6024837589039443
2019,2019_11,GIO,RAI,40,0.015465031429081028,-0.29877500000000123,0.482603461000277
2019,2019_12,RUS,KUB,62,0.08203048121559578,1.8516709677419343,0.5018324930993872
2019,2019_14,VER,ALB,46,-0.09321770464862274,0.10354782608695585,0.6404361062239681
2019,2019_3,VER,GAS,27,-0.05513039199606293,0.6137148148148165,0.8119561072562786
2019,2019_5,MAG,GRO,52,0.057848387971073535,-0.015521153846153678,0.7097443167237754
2020,2020_4,BOT,HAM,38,-0.023110806955997796,-0.22339473684210537,0.7836214586516408
2020,2020_9,HAM,BOT,43,0.040997649388990906,0.23178604651162607,0.6689693658011947
2021,2021_14,MAZ,MSC,27,0.03907480517256141,-0.38125925925926074,0.7703997622736438
2021,2021_20,GIO,RAI,23,-0.14253458765209578,-0.523391304347826,0.6704129645214512
2021,2021_21,NOR,RIC,16,-0.3693538037486215,-1.759556250000001,0.5714064981967952
2021,2021_7,OCO,ALO,16,0.0030102941176466157,-0.26801249999999666,0.5929338320746063
2022,2022_10,RIC,NOR,29,-0.15784657567339083,-0.4630482758620698,0.5568234094213191
2022,2022_5,ALO,OCO,12,0.04942151694459436,1.4621166666666667,0.6966146434916202
2022,2022_5,VET,STR,44,-0.022323753105460725,-0.005200000000000154,0.612132951913293
2022,2022_6,ALB,LAT,34,-0.005219597669374301,-0.2932941176470591,0.6763480501326598
2023,2023_12,RIC,TSU,21,0.9898244129272258,6.757733333333334,0.40126186926027796
2023,2023_3,TSU,DEV,36,-0.006061206267588491,0.6468194444444456,0.6132153574471236
2023,2023_4,PER,VER,46,-0.026823550713391427,-0.19789130434782348,0.809005753991615
2023,2023_8,RUS,HAM,32,0.013350746955993063,-0.8001249999999986,0.7112023306870171
2024,2024_13,PIA,NOR,61,-0.05703800067868789,-0.4204688524590169,0.7463599096195678
2024,2024_20,LEC,SAI,58,-0.018503813158250677,-0.0714793103448265,0.7783353336675964
2024,2024_24,STR,ALO,20,0.048460686015831596,-0.11944999999999979,0.7563090190790513
2024,2024_7,ALB,SAR,24,0.07884142857142859,1.5852874999999997,0.6089120628622908
2018,2018_17,HAM,BOT,42,-0.02600903129498315,-0.20308095238095328,0.6764941535530551
2018,2018_1,GAS,HAR,9,0.3706250000000018,-2.1509444444444465,0.49265636782524336
2019,2019_12,KUB,RUS,62,-0.08349635040804049,-1.851670967741934,0.5018324930993872
2019,2019_18,VER,ALB,8,-0.3101134920634913,-0.39561250000000214,0.5356868253183695
2019,2019_21,KUB,RUS,22,0.0038690005646529356,0.11845454545454649,0.7298120246953808
2019,2019_4,GIO,RAI,44,-0.011082705217680287,-0.48147727272727275,0.4773857296357391
2019,2019_6,PER,STR,8,0.007047619047618525,0.00975000000000037,0.7477473609784049
2019,2019_9,LEC,VET,44,-0.01959714089031681,-0.08832727272727196,0.7899591090343361
2020,2020_13,GIO,RAI,8,0.005630952380949998,0.22787499999999916,0.7737488927897661
2020,2020_14,OCO,RIC,23,-0.11013566350710845,-0.8930000000000026,0.5396222651284474
2020,2020_3,LEC,VET,14,0.03049167733674764,0.40500000000000214,0.6680395286732992
2020,2020_5,OCO,RIC,12,-0.09520629370629317,-1.4659500000000019,0.7895673622735188
2021,2021_19,GIO,RAI,30,0.04196040038633786,-0.17459333333333357,0.6341204845197969
2021,2021_4,LAT,RUS,42,-0.04297617386638043,-0.26973809523809544,0.7039983885301075
2022,2022_1,RIC,NOR,21,-0.01758233766233798,-0.45340000000000136,0.6427169192184364
2022,2022_22,MSC,MAG,11,0.13053636363636334,0.8677090909090918,0.6081703335900457
2022,2022_22,VET,STR,10,-0.01958218549127614,0.16850000000000165,0.8637591213825457
2023,2023_15,NOR,PIA,55,-0.013284201560292074,0.8757818181818195,0.6438738527787464
2023,2023_5,LEC,SAI,52,0.011697670855041472,-0.16138461538461504,0.7416225904148513
2023,2023_6,STR,ALO,49,0.0010584693877552067,-1.8037346938775518,0.6201528114712674
2023,2023_8,NOR,PIA,57,0.051112764570247424,0.37786666666666885,0.7775908988674252
2024,2024_12,ALB,SAR,44,0.011069474863526088,0.23272272727272797,0.7189035680838227
2024,2024_12,PIA,NOR,44,0.031763889668069395,-0.3069090909090907,0.7369335945999836
2024,2024_21,HUL,BEA,23,-0.054155138339921076,0.5070869565217402,0.5635761477624246
2024,2024_21,OCO,GAS,58,0.02547370463313699,0.9010000000000005,0.7154858939498041
2024,2024_4,ALO,STR,32,0.5875256436377105,2.822728125000001,0.525352235123447
2018,2018_12,SAI,HUL,38,0.009314738779555388,-0.0019473684210522067,0.548526201985191
2018,2018_19,GAS,HAR,55,0.001736894967513771,0.25160000000000066,0.5847100786781668
2019,2019_17,SAI,NOR,27,-0.6574312348293132,-3.935481481481484,0.428748971670112
2019,2019_9,RAI,GIO,66,0.003792744406276106,0.09194696969696926,0.6835350680585832
2020,2020_10,RUS,LAT,38,0.7715852562208169,6.759031578947368,0.45133165881965853
2020,2020_1,MAG,GRO,15,0.07940708931917594,0.4875333333333335,0.6523260595334641
2020,2020_4,GIO,RAI,34,0.010286795926586444,0.3545882352941188,0.6986136641086399
2020,2020_5,LEC,VET,16,0.0434014705882349,0.9925624999999991,0.6927752620149894
2020,2020_8,GAS,KVY,38,-0.11195683375405692,-0.26755263157894743,0.7898282905031442
2020,2020_9,STR,PER,29,0.04105485148514883,0.3438206896551723,0.6873305785551519
2021,2021_9,TSU,GAS,32,0.04064829856747951,0.06279374999999998,0.7653464009726385
2022,2022_11,LEC,SAI,43,0.026336287263341997,0.44933023255813964,0.76688011523517
2022,2022_12,PER,VER,42,-0.05202363471789192,-1.092404761904763,0.7400537171008387
2022,2022_12,RIC,NOR,45,0.002963280184932863,-0.2861333333333347,0.8062795124810763
2022,2022_13,VET,STR,58,-0.05162618676477219,-0.8598413793103465,0.6370917214260735
2022,2022_16,STR,VET,9,-0.01836666666666673,0.1957777777777794,0.715065159984719
2022,2022_4,GAS,TSU,55,-0.008230468381261416,-0.5187090909090909,0.72943788898001
2022,2022_9,BOT,ZHO,31,0.04368114993842363,-0.06654838709677473,0.6525608717385959
2023,2023_11,BOT,ZHO,61,-0.042594620211024475,-0.3690983606557384,0.6522553290747265
2023,2023_11,ZHO,BOT,61,0.0721023603381499,0.3690983606557379,0.6522553290747265
2023,2023_15,LEC,SAI,54,-0.041333573264781445,-0.38627777777777794,0.6724204130224448
2023,2023_20,PIA,NOR,43,0.0569900028401024,2.558590697674418,0.5178321610081046
2024,2024_12,ALO,STR,45,0.025141416388579734,-0.09924888888888922,0.737112020822129
2024,2024_19,LEC,SAI,16,-0.00789467831612432,0.5478125000000009,0.7255405868874121
2024,2024_1,HUL,MAG,8,-0.08574047619047591,0.6558250000000037,0.7081815178273156
2024,2024_1,OCO,GAS,34,0.058383213779476556,0.018182352941177354,0.7456494551643333
2024,2024_3,RUS,HAM,10,-0.09785555555555638,-0.03674999999999784,0.7408924249309508
2018,2018_1,HUL,SAI,44,-0.13951728798288104,-0.6643181818181819,0.7126327308933379
2018,2018_3,LEC,ERI,21,0.017503889753278545,-0.9920000000000011,0.752342847275194
2018,2018_5,ERI,LEC,13,-0.07693516483516498,-1.4254307692307686,0.8087296603022184
2019,2019_11,BOT,HAM,31,-0.01838386541182257,-0.28245161290322535,0.5680323052440215
2019,2019_18,KUB,RUS,53,0.027939706932208777,0.4107320754716989,0.5352344061173553
2019,2019_20,ALB,VER,45,-0.051028771502511845,-0.7071733333333318,0.7089750263697885
2019,2019_20,LEC,VET,29,-0.26242731139348185,-1.7337793103448291,0.677487943918788
2019,2019_3,GRO,MAG,46,0.007057069318671717,0.13764782608695716,0.5339933444595772
2021,2021_10,TSU,GAS,35,-0.02298479729729755,-0.14854285714285667,0.691017920965841
2021,2021_14,ALO,OCO,42,-0.0006685291262131484,0.19540476190476075,0.7234816645749866
2021,2021_16,OCO,ALO,28,0.010517788724685197,0.5863571428571416,0.6893947692358683
2021,2021_19,MAZ,MSC,19,0.13017890326254983,1.686252631578947,0.5949127789450055
2021,2021_3,TSU,GAS,16,-0.11075740618828205,-2.3469375,0.5174560782099444
2021,2021_7,MAZ,MSC,13,-0.041243956043954956,0.7777846153846151,0.5253374037581263
2022,2022_13,RIC,NOR,35,-0.02914217687074852,-0.5795285714285732,0.6892927096676855
2022,2022_3,ALO,OCO,11,-0.16223259668508294,-1.6278090909090925,0.6858294808029897
2023,2023_10,SAR,ALB,39,0.0041983896383944825,-0.502928205128205,0.7192118479257568
2023,2023_21,LEC,SAI,35,0.10326514964517117,2.798397142857143,0.5239866552807547
2023,2023_3,ALO,STR,45,0.0008433524569718449,0.214866666666665,0.7186502521226333
2023,2023_7,BOT,ZHO,27,-0.16127839966832494,-3.2130740740740746,0.48500478837242444
2023,2023_8,ALO,STR,17,0.03710895170789152,1.4085294117647056,0.7875265499027224
2023,2023_8,GAS,OCO,55,0.08471000022389409,0.5209218181818189,0.7838460732841954
2023,2023_9,ALB,SAR,26,0.09418983628922221,0.30205384615384534,0.6865723989517087
2024,2024_17,STR,ALO,8,-0.09020000000000057,-1.0412000000000035,0.7095414715910502
2024,2024_1,ZHO,BOT,46,0.07966524875909013,0.6499173913043486,0.6066549239656195
2024,2024_23,ZHO,BOT,33,0.06018520495303172,0.7540909090909097,0.648848170536034
2024,2024_24,LEC,SAI,15,-0.008151658767772574,-0.5820000000000003,0.8251493291597172
2024,2024_9,MAG,HUL,20,-0.11128704422032583,0.1408999999999999,0.5075241063755902
2018,2018_11,HAR,GAS,22,0.12022672651933608,-10.188845454545456,0.3998497266658545
2018,2018_1,SAI,HUL,44,0.1350889447236181,0.6643181818181823,0.712632730893338
2018,2018_3,VER,RIC,21,-0.027402744498698398,-0.5395238095238087,0.514062374085304
2019,2019_11,GRO,MAG,19,0.23225938697318013,0.8094210526315777,0.4795669188575156
2019,2019_2,HAM,BOT,29,-0.7343838501291994,-2.547086206896551,0.5359077482836743
2019,2019_3,PER,STR,39,-0.01966261113710822,0.4066923076923085,0.7596453431993244
2019,2019_5,GAS,VER,51,0.019158740396227978,-0.7481921568627466,0.7339563324971082
2020,2020_14,HAM,BOT,36,-0.06912387063153429,1.3838611111111108,0.3448875293766968
2020,2020_9,BOT,HAM,43,-0.03816901520263588,-0.2317860465116264,0.668969365801195
2021,2021_15,RIC,NOR,21,-0.011319211822660167,-0.39252380952380994,0.7263840951509086
2021,2021_18,HAM,BOT,24,0.0018169565217390608,4.711324999999998,0.5764300683497239
2021,2021_19,STR,VET,13,0.051010130631831636,-0.6951538461538467,0.7225377633180398
2021,2021_20,RUS,LAT,44,0.03765773864689529,0.34099545454545516,0.6146169430097271
2021,2021_22,HAM,BOT,12,-0.047559440559440745,1.9543333333333344,0.737399650981815
2021,2021_4,LEC,SAI,17,0.02713215859030844,1.049117647058824,0.7656638800128768
2021,2021_6,GIO,RAI,11,-0.03893250564333968,0.47730909090909085,0.5814159811628122
2022,2022_11,VER,PER,9,-0.03039333333333255,2.0986111111111065,0.616178169317743
2022,2022_2,LEC,SAI,39,-0.024701625615763518,0.19948717948717914,0.7422344460876225
2022,2022_7,ALO,OCO,54,-0.02421946144920573,0.3087962962962944,0.6189998253165828
2022,2022_9,ZHO,BOT,31,-0.043681149938423626,0.06654838709677473,0.652560871738596
2023,2023_10,HAM,RUS,37,-0.15215690078037883,-1.4519621621621626,0.6670931692363552
2023,2023_13,ZHO,BOT,8,-3.245055749128918,7.837474999999996,0.2791035664988879
2023,2023_19,ZHO,BOT,53,0.33026531826293876,4.863943396226418,0.6307886564759552
2023,2023_2,ALO,STR,10,0.1057939393939389,0.5988000000000013,0.6081703933163733
2023,2023_2,SAI,LEC,41,0.02094849703211399,0.5107219512195105,0.7120170015695695
2023,2023_3,DEV,TSU,36,0.006061206267588512,-0.6468194444444452,0.6132153574471239
2023,2023_3,GAS,OCO,45,-0.27350526088374827,-2.8100777777777792,0.6022657304617307
2023,2023_7,PIA,NOR,14,-0.3705615384615393,-1.8643500000000006,0.5768287844065279
2024,2024_13,HAM,RUS,14,-0.1497384615384623,0.8179285714285699,0.7062797111034492
2024,2024_18,PER,VER,55,-0.011310683117664548,-1.1251672727272715,0.7438840401463467
2024,2024_1,TSU,RIC,44,-0.02263799769580753,-0.36117954545454756,0.7747984186834939
2024,2024_5,MAG,HUL,30,0.18692827225130887,0.6933000000000007,0.6360487058422997
2024,2024_9,NOR,PIA,53,-0.000674824610194895,0.19330188679245158,0.5972446554053608
2018,2018_13,HAM,BOT,16,-0.1935014705882355,2.651437500000001,0.6282977370860934
2018,2018_17,RAI,VET,11,0.0023772925764188185,2.2123636363636376,0.3886108826719248
2018,2018_18,PER,OCO,28,0.0186717641301687,-0.15621428571428556,0.680849085123894
2018,2018_5,HAM,BOT,12,-0.08784265734265706,0.55758333333333,0.7402838443034542
2020,2020_11,VET,LEC,28,-0.15311537104699546,-1.5264214285714282,0.6341762680001678
2020,2020_12,SAI,NOR,16,0.020036764705882414,0.4957624999999988,0.5634265514171838
2020,2020_8,SAI,NOR,43,-0.027361725301204932,0.20237209302325412,0.8321714258158177
2021,2021_3,MSC,MAZ,29,-0.0049607622942576274,0.5626896551724132,0.617684501844901
2021,2021_8,VET,STR,59,-0.14672024443089932,1.1129152542372884,0.6325282835161707
2022,2022_20,STR,VET,43,0.08695205365083387,0.4949651162790692,0.5281546482855043
2022,2022_3,TSU,GAS,41,0.06046000451724885,0.14397560975609702,0.6084299325956233
2022,2022_4,LAT,ALB,54,0.013867641996557684,-0.2085555555555553,0.6624812365821756
2022,2022_6,LAT,ALB,34,0.0010110041765025656,0.2932941176470591,0.6763480501326601
2022,2022_7,LEC,SAI,48,-0.12479243016423293,2.2487604166666677,0.6028680028459933
2022,2022_7,MSC,MAG,12,-0.3301577540106966,-0.6829166666666708,0.43556464203162726
2022,2022_8,NOR,RIC,16,-0.1885550077841208,-0.8130625,0.6665806220161309
2022,2022_9,OCO,ALO,31,0.05061595597290655,-0.21680645161290288,0.7425610895333916
2023,2023_10,RUS,HAM,37,0.15911013407570926,1.4519621621621617,0.6670931692363555
2023,2023_1,GAS,OCO,8,-0.05032142857142875,-0.9881499999999974,0.6704926948187828
2024,2024_15,OCO,GAS,65,0.03659861769178693,-0.19394153846153825,0.5822531963196278
2024,2024_6,NOR,PIA,31,0.0090626486086312,0.10845806451612908,0.7203884008556838
2018,2018_13,MAG,GRO,35,-0.04880342571208618,-0.10796285714285717,0.7745435612972338
2019,2019_10,RUS,KUB,46,-0.02729382114996825,0.0549000000000001,0.6868438235573204
2019,2019_16,KVY,GAS,43,0.012520020491236027,0.4158558139534893,0.6307946064699329
2019,2019_6,RIC,HUL,70,1.3514374513559837,31.608214285714276,0.34264104800436335
2020,2020_12,ALB,VER,15,0.07750367047308314,-0.9031666666666723,0.6419131775309438
2020,2020_14,RAI,GIO,8,-0.0014310776942358184,1.4212500000000041,0.45290198209920207
2020,2020_16,BOT,RUS,44,0.013251118623466444,-0.48914090909090907,0.8054153573724266
2020,2020_17,RUS,LAT,28,-0.015183874923360008,0.6102749999999995,0.6649878132638272
2020,2020_1,BOT,HAM,45,-0.014495902234756101,-0.16530222222222335,0.7757533594109578
2020,2020_4,VER,ALB,14,-0.09400948616600827,1.300857142857142,0.7071743460359123
2020,2020_4,VET,LEC,39,0.030076309749392956,-0.41732051282051014,0.7070510705920658
2020,2020_6,NOR,SAI,56,0.00699834210635422,-0.34080714285714137,0.6379302381035823
2020,2020_8,GRO,MAG,15,0.03910714285714237,-0.5389999999999986,0.7219614828955307
2021,2021_22,GIO,RAI,15,-0.032921428571428525,0.223999999999999,0.8109285155374166
2021,2021_22,SAI,LEC,13,0.05489560439560416,0.4740769230769206,0.7933798468802847
2021,2021_2,NOR,RIC,49,0.03143308060939844,0.8006530612244901,0.6453675098777104
2021,2021_2,RAI,GIO,26,0.07648815086782364,-0.010153846153847632,0.6312254981320056
2022,2022_15,ALB,LAT,22,-0.01060909090909111,0.40955000000000036,0.664586179230254
2022,2022_1,MAG,MSC,36,-0.005172666666667021,0.7959000000000004,0.6244591879535126
2022,2022_22,STR,VET,10,0.01958218549127614,-0.16850000000000165,0.8637591213825457
2022,2022_4,RUS,HAM,56,-0.0016672473565609027,0.7828750000000007,0.6564489970849797
2023,2023_12,RUS,HAM,10,0.7899939393939409,0.23109999999999645,0.5439869338498922
2023,2023_18,STR,ALO,37,-0.0022188684092220466,0.17921891891891864,0.6992736488481868
2023,2023_4,SAI,LEC,47,-0.014979786623608844,-0.5142553191489353,0.7950241632444863
2024,2024_19,HUL,MAG,12,0.07010583446404318,-0.22199999999999775,0.7289598110715323
2018,2018_12,STR,SIR,23,-0.2105583003952572,-1.1065652173913034,0.6579781362511851
2018,2018_15,HAR,GAS,9,-0.005250000000000671,-0.39299999999999913,0.7811441619874097
2018,2018_21,BOT,HAM,9,0.18545872641509392,0.20233333333333312,0.7234149793705867
2020,2020_13,RIC,OCO,23,0.005761739915713453,0.6679130434782613,0.689178744331024
2020,2020_4,OCO,RIC,40,-0.00044289832024646666,-0.2124500000000001,0.7717772183919303
2020,2020_6,VER,ALB,38,0.03503505188001865,1.2353578947368422,0.7010184773432726
2021,2021_15,PER,VER,26,-0.0022540802329161728,-0.17653846153846223,0.6178102070550711
2021,2021_20,NOR,RIC,44,0.23801658389221186,2.838363636363638,0.5206339579571315
2021,2021_21,GIO,RAI,14,0.5363336515513113,0.9597999999999993,0.4787330981713644
2021,2021_21,OCO,ALO,15,0.07173869565217389,2.993593333333334,0.5164406902467005
2022,2022_10,OCO,ALO,19,0.4929456140350879,4.037610526315788,0.4633009631339007
2022,2022_14,LEC,SAI,21,0.28196171003717413,-0.03232380952381269,0.5398125490047335
2022,2022_15,SAI,LEC,37,-0.04659099599534944,-0.28887567567567685,0.6632077834177673
2023,2023_11,VER,PER,35,0.006477129829613686,0.18913428571428598,0.7406900381144179
2023,2023_15,VER,PER,51,0.00541378346342226,0.5640196078431362,0.6470457275715809
2023,2023_16,ALO,STR,9,0.07106637168141504,0.7503777777777745,0.6757435990845575
2024,2024_21,PER,VER,57,0.02754834191950626,-1.5459649122807015,0.5934493981379066
2024,2024_4,PER,VER,43,0.09445135037438719,0.15197441860465133,0.7292347310013412
2018,2018_12,PER,OCO,14,-0.024742857142857486,-1.4092142857142826,0.883544689361264
2018,2018_16,BOT,HAM,47,0.043111975460461714,0.3454680851063841,0.7358647008760933
2018,2018_2,BOT,HAM,14,-0.08087032967033081,-1.454899999999998,0.7395062911055831
2018,2018_8,LEC,ERI,25,-0.08644692307692316,0.896479999999999,0.5817428886687498
2019,2019_17,VET,LEC,12,0.29699090909091,2.9601833333333354,0.62676967630964
2019,2019_21,VET,LEC,50,0.07572673543319525,-0.2674860000000012,0.6493251690665757
2021,2021_3,BOT,HAM,53,-0.0054609386481324195,-0.014245283018867839,0.7401265999722592
2022,2022_15,VER,PER,24,0.24022749003984048,1.252666666666667,0.6235254991993112
2022,2022_18,OCO,ALO,13,0.0637274024738343,0.921384615384616,0.5375033600593258
2023,2023_13,TSU,LAW,18,-0.0197067745197175,-0.0999555555555555,0.413216657770942
2023,2023_5,PER,VER,18,-0.037936429308566076,-0.2060222222222205,0.7932529441249216
2023,2023_9,SAR,ALB,26,-0.07151092436974774,-0.30205384615384534,0.6865723989517087
2024,2024_17,PER,VER,43,-0.04206632829260634,0.1401255813953496,0.6884924702833445
2019,2019_15,VET,LEC,46,0.054112024727166946,0.6419608695652185,0.7205548986771835
2019,2019_19,GRO,MAG,15,0.04782464454976251,0.04259999999999972,0.6032531103601247
2019,2019_20,MAG,GRO,45,0.02382306617775467,-0.29378222222222394,0.6818145477278892
2020,2020_16,PER,STR,35,0.2961103641456581,3.3317857142857124,0.6497970323518955
2024,2024_15,SAR,ALB,10,-0.014460606060606293,-0.23659999999999712,0.7951848512310943
2024,2024_18,NOR,PIA,28,-0.03367733990147754,0.9817500000000007,0.7696901902311696
2018,2018_9,OCO,PER,13,-0.04075274725274781,-0.004538461538463532,0.7246991691286866
2019,2019_15,GIO,RAI,13,-0.057186813186812104,0.301076923076921,0.7550357044341038
2019,2019_16,STR,PER,40,0.1183111503558252,-0.2882749999999987,0.6147785130978963
2019,2019_18,RAI,GIO,11,-0.01767272727272678,0.20645454545454553,0.669917697714832
2019,2019_5,SAI,NOR,39,-0.017209469726949065,0.23324615384615408,0.697260512551535
2020,2020_11,KVY,GAS,22,-0.190928932726353,-1.3922727272727278,0.6275809783875635
2020,2020_12,GIO,RAI,9,0.6025333333333334,-0.27531111111111134,0.5280311482633652
2020,2020_13,BOT,HAM,23,0.007824806359559448,-0.10495652173912988,0.7198383065105098
2020,2020_4,HAM,BOT,38,0.023110806955997796,0.22339473684210537,0.7836214586516409
2020,2020_4,RUS,LAT,40,-0.016608957746478765,0.06912500000000002,0.7521681227768516
2018,2018_10,RAI,VET,21,0.06009521531100486,-0.36776190476190673,0.6235535442278363
2018,2018_1,HAR,GAS,9,-0.3706250000000018,2.1509444444444465,0.49265636782524336
2018,2018_3,HUL,SAI,22,-0.005540283385780401,0.6108636363636354,0.6951728953586475
2018,2018_6,SAI,HUL,14,-0.0414219780219779,0.17035714285714526,0.7535080658977026
2019,2019_12,SAI,NOR,65,-0.026889492841543256,-0.4889292307692312,0.7121872769896985
2020,2020_6,VET,LEC,34,-0.02745881496092859,2.023941176470589,0.640591772454284
2022,2022_1,VER,PER,36,0.012324818901902103,0.061141666666668947,0.6355600797175222
2022,2022_20,ALO,OCO,31,0.004696774193548449,0.2194516129032248,0.8719466358994414
2023,2023_11,HAM,RUS,33,0.0014465181932247987,0.7715969696969704,0.6402108764382574
2023,2023_9,PIA,NOR,40,-0.26158348929421105,-2.278007499999999,0.5479740211214063
2024,2024_11,ALO,STR,9,0.003949999999999914,0.23795555555555362,0.8295522385791387
2024,2024_19,GAS,OCO,12,0.01746446280991739,0.6660000000000016,0.7012530253733013
2024,2024_5,BOT,ZHO,15,-0.03433761682242998,0.5843000000000018,0.7178045885870231
2020,2020_2,KVY,GAS,20,0.0541563909774438,0.04759999999999849,0.7285733915767103
2021,2021_14,VER,PER,20,-0.04247443609022556,0.1954500000000003,0.7730578552202874
2021,2021_19,BOT,HAM,52,0.07365315555655423,-0.04040769230769023,0.64645602767229
2021,2021_2,LEC,SAI,50,-0.08725276573038244,0.5300199999999995,0.6153830079345343
2021,2021_3,PER,VER,27,0.08422236965663672,0.26166666666666605,0.6469050512323116
2022,2022_16,VET,STR,9,0.01836666666666673,-0.1957777777777794,0.715065159984719
2024,2024_17,BEA,HUL,45,0.04649715579541569,-0.0006088888888895225,0.591063223558137
2018,2018_10,PER,OCO,11,-0.1546545454545461,-0.27418181818181736,0.6096798055172999
2018,2018_13,RIC,VER,21,0.24426363636363702,1.0421809523809524,0.6109167480630598
2018,2018_6,HAR,GAS,11,-0.023109090909091697,-0.5871818181818171,0.6617859062849513
2019,2019_8,GIO,RAI,20,-0.08729182509505673,-0.7203749999999978,0.6651617131630471
2021,2021_16,SAI,LEC,34,0.047665546218487176,-0.8019117647058823,0.6915491624582232
2021,2021_8,RIC,NOR,27,-0.03909738766154214,-1.0668888888888883,0.6735318668002206
2022,2022_21,ZHO,BOT,9,-0.019999999999998613,-0.33500000000000163,0.6168861112739356
2023,2023_19,HAM,RUS,60,0.001563082849033628,0.358858333333333,0.7615547197380744
2019,2019_19,RIC,HUL,19,0.4997298245614036,3.5029894736842087,0.576702983611811
2019,2019_19,SAI,NOR,36,0.04020625187856919,-0.041877777777777285,0.6912872910411354
2019,2019_4,LEC,VET,9,-0.7122666666666669,-2.673400000000004,0.5326056558332213
2019,2019_7,GRO,MAG,32,-0.001271334310850281,2.2855624999999993,0.5175561225885632
2019,2019_7,LEC,VET,24,0.03891782608695646,-0.07570833333333364,0.7423987691641377
2020,2020_3,LAT,RUS,26,0.01642369098712498,-1.7749615384615407,0.3587558123470081
2021,2021_3,RIC,NOR,14,-0.03916793478260924,-2.7366428571428583,0.5237179979998526
2023,2023_8,HAM,RUS,32,-0.013350746955993061,0.8001249999999986,0.711202330687017
2024,2024_1,MAG,HUL,8,0.08574047619047591,-0.6558250000000037,0.7081815178273156
2024,2024_21,VER,PER,57,-0.027548341919506267,1.5459649122807015,0.5934493981379068
2024,2024_24,DOO,GAS,9,0.02313333333333293,-0.8395555555555521,0.7852257593279276
2024,2024_4,LEC,SAI,11,0.021854545454545554,-0.509454545454544,0.7455679598952394
2019,2019_10,BOT,HAM,35,0.16938060979787561,1.5495714285714273,0.6621751015724856
2019,2019_13,VET,LEC,10,0.02593333333333452,-0.26270000000000093,0.7777343716659487
2019,2019_17,GAS,KVY,16,-0.08807794117647079,1.4267125000000025,0.7351917733714672
2019,2019_6,STR,PER,8,-0.007047619047618525,-0.00975000000000037,0.7477473609784049
2020,2020_1,GRO,MAG,15,-0.07940708931917594,-0.4875333333333335,0.6523260595334641
2021,2021_7,RIC,NOR,14,-0.03968791208791176,0.07185714285714287,0.757311015967419
2018,2018_10,HAM,BOT,19,0.17745263157894758,-0.08500000000000123,0.7016916460600576
2018,2018_20,GRO,MAG,30,-0.5626372636262512,-5.923083333333335,0.5126096470919177
2018,2018_21,PER,OCO,11,0.13891418355184856,0.22218181818181712,0.6311513179067136
2019,2019_12,RAI,GIO,13,0.07148681318681302,1.4562,0.6040461443547055
2020,2020_6,RUS,LAT,17,-0.10551225490196126,0.23323529411764643,0.665158835513545
2021,2021_10,VET,STR,13,-0.05682417582417622,0.029661538461536015,0.8144017230720981
2021,2021_5,OCO,ALO,35,-0.20285070028011234,-1.8778571428571407,0.6788212174980016
2022,2022_20,MAG,MSC,22,-0.31838023715415037,-2.5104545454545444,0.5954311971711472
2022,2022_21,LEC,SAI,8,-0.2001666666666681,-0.5517000000000021,0.7789022856234714
2023,2023_14,ZHO,BOT,9,0.07728333333333381,0.18626666666666994,0.7954317198445745
2018,2018_20,GAS,HAR,20,-0.05313496240601515,-0.5893750000000004,0.6467669683069734
2019,2019_17,BOT,HAM,15,0.020492857142856424,0.3372666666666665,0.8002277726921416
2022,2022_22,VER,PER,12,0.03320979020978949,0.30783333333333474,0.8086021434446437
2022,2022_3,RUS,HAM,46,-0.01578589717735779,-0.11947826086956388,0.7153712250473206
2024,2024_20,RUS,HAM,59,-0.061708868954804305,-0.40657966101694903,0.7337041693127144
2024,2024_22,HAM,RUS,21,-0.02586162652980687,-0.716019047619049,0.5931246559187525
2018,2018_13,HAR,GAS,20,0.3127251879699246,1.658525000000001,0.5848992764493024
2018,2018_18,OCO,PER,28,-0.02013851933009848,0.15621428571428556,0.680849085123894
2018,2018_3,MAG,GRO,20,0.3122764670693627,5.406025,0.4726803596565651
2018,2018_8,GRO,MAG,22,0.016772444946358087,-0.44763636363636555,0.6130575041705615
2019,2019_19,RUS,KUB,9,0.2729833333333334,0.8952222222222225,0.6642734398718882
2019,2019_1,KUB,RUS,45,-0.08527998081785663,-0.8741022222222221,0.4686317425626687
2019,2019_20,RAI,GIO,53,-0.008389527298874808,0.16131320754716844,0.7153358865763133
2019,2019_4,BOT,HAM,45,0.03918173555507464,0.08211111111111127,0.6698959196273304
2019,2019_8,NOR,SAI,46,-0.04773540968638054,-0.11910869565217483,0.7611346626071251
2020,2020_11,GAS,KVY,22,0.190928932726353,1.3922727272727278,0.6275809783875634
2020,2020_13,ALB,VER,30,0.12241401174575132,0.20023333333333254,0.7196960973002454
2020,2020_15,VET,LEC,36,0.1291108819455137,-0.8083555555555546,0.5660518469927036
2020,2020_8,OCO,RIC,44,-0.19233581215469644,-1.1724159090909076,0.685012862671908
2021,2021_13,HAM,BOT,19,-0.06991580355601593,0.5272894736842114,0.7524187350191202
2021,2021_19,OCO,ALO,21,-0.038841340239559694,0.10609523809523716,0.7688587555226091
2021,2021_19,VER,PER,50,0.026090043796474453,0.4971759999999998,0.7461609681557471
2021,2021_20,TSU,GAS,23,0.19729316611595044,-0.38483478260869775,0.6434783885175281
2021,2021_6,PER,VER,36,-0.05212829525483306,-0.23694999999999902,0.6948692902744841
2021,2021_7,SAI,LEC,31,-0.19027390794223845,-0.6260258064516117,0.6228732015435746
2021,2021_8,SAI,LEC,53,0.10429442927786593,0.01618113207547233,0.6929238457534532
2021,2021_9,LAT,RUS,62,-0.0673571749188898,-1.6332548387096746,0.6507388761276071
2022,2022_1,BOT,ZHO,44,0.13191394771990014,0.6986000000000016,0.5982104430575513
2022,2022_22,ALB,LAT,42,0.11740102634431199,1.1741952380952374,0.7031247894291569
2022,2022_3,VER,PER,25,-0.03636952945047685,0.4423600000000016,0.7333119175549107
2022,2022_7,TSU,GAS,38,-0.13604631848804652,-0.6996210526315786,0.47730300333913545
2023,2023_12,HUL,MAG,21,-0.8660542073948148,-4.76830476190476,0.432049581691532
2023,2023_14,ALB,SAR,45,-0.02843843675944068,0.21982222222222433,0.7457659833547469
2023,2023_19,ALB,SAR,51,0.06229004645216284,0.8555176470588238,0.6500842163222703
2023,2023_19,HUL,MAG,25,0.03437928880746239,0.2560399999999987,0.7493335592351501
2023,2023_22,BOT,ZHO,10,-0.021881818181816982,-0.29264999999999475,0.860292004283411
2023,2023_3,HUL,MAG,44,-0.04908966837812223,0.2563181818181823,0.6548681406354713
2023,2023_3,STR,ALO,45,-0.0008433524569718416,-0.214866666666665,0.7186502521226336
2023,2023_6,GAS,OCO,51,0.2961046701105989,2.637894117647059,0.555808142623718
2023,2023_6,SAI,LEC,52,0.0023410586674196066,0.12180769230769319,0.6945770197277438
2024,2024_15,LEC,SAI,22,-0.022997741389045857,0.15913636363636255,0.7782722802511374
2024,2024_1,RUS,HAM,46,0.04811181836357279,0.3872347826086943,0.7314122335728321
2024,2024_20,HUL,MAG,61,-0.010722290129584382,-0.22373442622950873,0.7846664942988566
2024,2024_8,NOR,PIA,75,0.003890554765291626,-0.00654666666666761,0.7192177817883896
2024,2024_9,HAM,RUS,49,0.08457602946615707,-0.05015102040816428,0.6068185401321665
2024,2024_9,OCO,GAS,42,0.00627594883798706,-0.3023000000000008,0.5546066697305457
2018,2018_15,GAS,HAR,9,0.005250000000000671,0.39299999999999913,0.7811441619874097
2018,2018_15,RAI,VET,9,-0.09830000000000064,-0.539777777777775,0.7628166997616471
2018,2018_16,HAM,BOT,47,-0.045622355564349126,-0.3454680851063841,0.7358647008760931
2018,2018_21,HAM,BOT,9,0.08353037383177528,-0.20233333333333312,0.7234149793705867
2018,2018_21,VER,RIC,10,0.0008742762613733724,-0.11469999999999914,0.63835495672056
2019,2019_10,HUL,RIC,15,-0.01098437499999916,-0.2468999999999994,0.8434478277583622
2019,2019_13,MAG,GRO,11,0.12785454545454616,1.9936363636363617,0.5641091046655186
2019,2019_15,GAS,KVY,25,-0.19211775792802835,0.25374799999999537,0.4588246078536604
2019,2019_1,RAI,GIO,10,-0.2372121212121207,0.9986000000000004,0.6891143558862091
2020,2020_10,VER,ALB,41,0.0209950227561388,2.785585365853657,0.4262925166710947
2020,2020_11,NOR,SAI,36,0.05305266834311259,-0.4778888888888887,0.606531388068981
2020,2020_14,BOT,HAM,36,0.0690301701013032,-1.3838611111111117,0.3448875293766968
2020,2020_16,OCO,RIC,22,0.2837363636363635,1.6009681818181827,0.6959071648695064
2020,2020_1,KVY,GAS,41,-0.007529113080301135,-1.3905804878048778,0.7167384249738746
2020,2020_2,LAT,RUS,59,0.0887303833012878,0.3055220338983049,0.6796393353580906
2020,2020_2,RIC,OCO,21,0.021428571428571595,0.07787619047618932,0.7975009103560037
2020,2020_6,GIO,RAI,58,-0.0494964575012135,-0.2685034482758611,0.5989255534974279
2021,2021_1,NOR,RIC,45,-0.022598274827482875,0.34540888888888777,0.7431052227134873
2021,2021_2,GIO,RAI,26,-0.07473635629398856,0.010153846153847632,0.6312254981320056
2021,2021_5,NOR,RIC,26,-0.05017420935029213,1.4217846153846134,0.7056063173333799
2021,2021_6,MAZ,MSC,35,-0.12805741320716996,-1.0462200000000013,0.5414539124039732
2021,2021_9,MAZ,MSC,21,-0.0037147170546409096,-0.2441428571428569,0.6223820078542701
2022,2022_13,ALO,OCO,60,0.014419786436602676,0.3412366666666654,0.6630112770669531
2022,2022_14,MAG,MSC,17,0.2767406976744184,0.8947647058823562,0.5193064798729248
2022,2022_14,VET,STR,18,0.12347009345794525,0.031927777777778964,0.6530072055872018
2022,2022_15,ZHO,BOT,21,-0.056615971316818337,0.11851904761904766,0.5513195491789556
2022,2022_17,NOR,RIC,44,-0.06388842780602683,1.1923863636363634,0.6282510744237934
2022,2022_20,ALB,LAT,21,-0.012379220779220698,0.01772380952380916,0.6813147738006627
2022,2022_4,ZHO,BOT,56,0.027548925290344934,-1.0326249999999992,0.6329930032128068
2023,2023_10,STR,ALO,40,0.000523688128023836,0.04279500000000027,0.6990434642709247
2023,2023_17,ZHO,BOT,20,0.15879193397111266,0.44002999999999803,0.5954648527241961
2023,2023_18,HAM,RUS,45,-0.007303389603429984,0.37538888888888855,0.6970894035549968
2023,2023_1,BOT,ZHO,41,-0.0476898711477151,0.07799268292682886,0.6212980658323842
2023,2023_1,RUS,HAM,46,-0.04941896545766596,-0.35860000000000086,0.7332786016011866
2023,2023_20,VER,PER,16,0.3860117647058818,-0.3256250000000005,0.5867641664521321
2023,2023_6,PIA,NOR,68,0.47289681619652024,6.043935294117647,0.5373172345885587
2023,2023_7,ALO,STR,12,0.0631888111888117,-0.2580000000000003,0.6895481380415357
2024,2024_13,PER,VER,38,0.1628598096200825,0.3782526315789469,0.5110143461387
2024,2024_14,SAR,ALB,37,-0.035441896513680696,-0.5623135135135134,0.6958961903660473
2024,2024_18,ZHO,BOT,57,-0.02106847580083585,-0.017929824561400864,0.6920554323518943
2024,2024_20,HAM,RUS,59,0.0643686440350246,0.40657966101694903,0.7337041693127144
2024,2024_20,ZHO,BOT,36,-0.016388803088803094,-0.32897222222222156,0.6929865977909709
2024,2024_24,HUL,MAG,22,0.03755533852011237,0.41148181818182006,0.7338926983813926
2024,2024_9,HUL,MAG,20,0.06223076923076926,-0.1408999999999999,0.5075241063755901
2018,2018_13,GAS,HAR,20,-0.3127251879699246,-1.658525000000001,0.5848992764493024
2018,2018_15,HAM,BOT,54,0.1120893388909408,1.6436111111111111,0.5807627279964682
2018,2018_18,HUL,SAI,49,0.04281862473999735,0.31051836734693883,0.7451923557514913
2018,2018_1,VAN,ALO,47,-0.43270503448907327,-3.087521276595744,0.662478548508684
2019,2019_15,HUL,RIC,46,0.4348684072409015,2.6423739130434756,0.3717018428247823
2019,2019_2,VER,GAS,26,0.570018811585548,3.1721923076923066,0.5315726883700361
2019,2019_6,KVY,ALB,25,0.010834215500945155,0.2030799999999971,0.7410089675162562
2019,2019_9,NOR,SAI,23,0.07669960474308297,1.6281304347826107,0.6330162989514964
2020,2020_12,RUS,LAT,20,-0.009708637326429435,0.44919999999999904,0.6159991482716205
2020,2020_15,GIO,RAI,26,-0.2040704113352133,-0.2914615384615375,0.5992399145632479
2020,2020_5,KVY,GAS,9,0.2521994845360819,0.03699999999999667,0.6043432282446626
2020,2020_8,KVY,GAS,38,0.0998893487549565,0.26755263157894776,0.7898282905031438
2021,2021_15,STR,VET,11,-0.007778350515464537,0.30263636363636565,0.6006560434232519
2021,2021_17,TSU,GAS,9,-0.018896666666667502,0.49253333333333493,0.5320578672856766
2021,2021_4,VET,STR,54,0.042539005792806,0.15292222222222177,0.6050892130428926
2022,2022_1,OCO,ALO,25,0.23030027201632092,0.18398399999999526,0.6329596059493212
2022,2022_2,STR,HUL,11,-0.08608181818181737,0.6911272727272717,0.7337909668064896
2023,2023_21,ALO,STR,39,0.010210646441735019,-0.14701025641025686,0.585365547954548
2023,2023_3,PIA,NOR,45,0.010054279958565308,-0.4056222222222222,0.7278601590276559
2023,2023_6,LEC,SAI,52,-0.0023410586674196066,-0.12180769230769319,0.6945770197277438
2023,2023_7,SAI,LEC,60,-0.1873065294081241,-10.864803333333333,0.5752660346429416
2024,2024_15,ZHO,BOT,36,-0.019391527775025005,-0.5400972222222215,0.6627993371470042
2024,2024_1,NOR,PIA,39,-0.01257830329468484,-0.0187307692307683,0.8285233514802042
2024,2024_22,GAS,OCO,9,-0.11269848484848374,-0.21902222222222179,0.7412946147087454
2018,2018_6,STR,SIR,13,0.19315523156089295,-0.3227692307692317,0.4631766122487714
2019,2019_16,SAI,NOR,41,-0.03244247735095164,0.29997560975609566,0.593692298023315
2019,2019_17,STR,PER,36,0.0054860215053764115,0.043944444444443086,0.7127480587343551
2020,2020_17,LEC,VET,14,1.359907981685435,10.782842857142859,0.400222567013741
2020,2020_3,OCO,RIC,27,-0.10285282557637908,-1.9003703703703698,0.588369450708259
2020,2020_3,RUS,LAT,26,0.24520252233315804,1.7749615384615411,0.35875581234700793
2020,2020_4,LEC,VET,39,-0.031023020074247336,0.41732051282051014,0.707051070592066
2020,2020_5,HAM,BOT,27,-0.08652517631622135,-0.38866666666666666,0.7037404242346357
2021,2021_13,ALO,OCO,66,-0.032319148802368455,-0.47898181818181745,0.7050428475767454
2021,2021_13,LEC,SAI,65,-0.06969258348581915,-0.988929230769231,0.677210465531302
2021,2021_13,RUS,LAT,21,0.06118571428571438,0.042952380952380326,0.6400089269934933
2021,2021_16,ALO,OCO,28,-0.010517788724685197,-0.5863571428571416,0.6893947692358683
2021,2021_19,PER,VER,50,-0.023875879231473104,-0.4971759999999998,0.746160968155747
2022,2022_15,HAM,RUS,59,-0.013011975420546325,0.296484745762713,0.6938223783041327
2022,2022_19,HAM,RUS,35,0.02101478445816271,0.588471428571428,0.7194497841689529
2022,2022_1,TSU,GAS,33,0.028269278223318983,-0.44226969696969815,0.5707660726771194
2022,2022_20,BOT,ZHO,37,-0.0031090564248457964,0.5057297297297291,0.7549886678627653
2022,2022_21,BOT,ZHO,9,0.019999999999998613,0.33500000000000163,0.6168861112739356
2022,2022_3,VET,STR,17,0.051962801932367436,0.23223529411764582,0.5830293753355262
2022,2022_5,TSU,GAS,9,-0.05881666666666684,-0.8970000000000008,0.6279780203560343
2023,2023_11,NOR,PIA,57,-0.01877006332401633,0.1790596491228093,0.7414982472078561
2023,2023_12,SAR,ALB,32,-0.10141055257460245,-0.5829843749999997,0.6372660033856118
2023,2023_19,TSU,RIC,37,-0.2521375336524992,-4.6893351351351376,0.5490081376182326
2023,2023_22,SAR,ALB,45,-0.038288996122109877,-0.2532088888888906,0.7458420446619158
2023,2023_6,MAG,HUL,58,0.18414631237682516,-0.31775344827586277,0.5481249650280874
2024,2024_13,SAR,ALB,23,-0.11531262857142917,-0.7402956521739109,0.6936610167510758
2024,2024_17,ZHO,BOT,9,0.010033333333333637,-0.36201111111111417,0.73703750785516
2024,2024_20,NOR,PIA,22,-0.07104193920738745,1.0281363636363636,0.6585500397507844
2024,2024_2,SAR,ALB,42,-0.013314325913048554,-0.33414285714285763,0.7376320249305914
2024,2024_3,HAM,RUS,10,0.11411666666666775,0.03674999999999784,0.7408924249309508
2024,2024_5,PER,VER,42,0.008851758486186715,-0.6766666666666671,0.8043412673803719
2024,2024_6,ZHO,BOT,32,-0.10993648876931757,-0.93566875,0.6013754477195774
2024,2024_7,MAG,HUL,11,0.06349090909090814,-0.4285454545454544,0.7757046658625637
2018,2018_19,HUL,SAI,23,-0.054119163673678784,-0.09995652173913072,0.6617224599033841
2018,2018_3,RIC,VER,21,0.027402744498698398,0.5395238095238087,0.514062374085304
2018,2018_7,RIC,VER,63,-0.006060468880345292,-0.284825396825396,0.7501251726032256
2019,2019_15,MAG,GRO,16,-0.05278382352941166,0.6026874999999992,0.6625331304260454
2019,2019_16,GAS,KVY,43,0.06338505008504998,-0.415855813953489,0.6307946064699329
2019,2019_21,HAM,BOT,49,-0.05504372712146437,0.9190306122448986,0.5875693337931895
2019,2019_5,HAM,BOT,54,0.029862281596579065,0.08589999999999863,0.6933550053377312
2019,2019_6,RAI,GIO,66,-0.02118046565153612,-0.3587181818181813,0.46188789158038823
2020,2020_6,GRO,MAG,26,0.10396170940170914,0.24620000000000067,0.7075475731460065
2021,2021_19,RAI,GIO,30,-0.04219470959027481,0.17459333333333357,0.6341204845197967
2022,2022_19,ZHO,BOT,12,0.030763157894736364,-0.35637499999999633,0.7018248282812453
2022,2022_1,LAT,ALB,41,-0.1340266025641027,-0.9930585365853669,0.5548146061205698
2022,2022_6,PER,VER,14,0.0907970018738287,0.0034285714285695284,0.6409199432894574
2023,2023_21,MAG,HUL,32,-0.0083446869872209,0.01837500000000203,0.6336240110307187
2023,2023_22,RUS,HAM,50,0.018340983606557528,0.41426400000000085,0.7195308977869018
2023,2023_3,NOR,PIA,45,-0.010054279958565308,0.4056222222222222,0.7278601590276559
2023,2023_9,LEC,SAI,51,-0.04462027141417528,-0.3071137254901948,0.7678535590096007
2024,2024_11,GAS,OCO,61,0.029255696053208068,0.1356049180327881,0.7897536948596665
2024,2024_2,TSU,RIC,43,0.020665352134284623,0.3676976744186035,0.5988064952872638
2018,2018_7,HUL,SAI,62,0.006661696717878706,0.15329032258064432,0.6709779094064582
2018,2018_9,PER,OCO,13,0.04075274725274781,0.004538461538463532,0.7246991691286866
2019,2019_15,LEC,VET,46,-0.05367983606557376,-0.6419608695652188,0.7205548986771833
2019,2019_15,RIC,HUL,46,-0.3984274070114231,-2.642373913043476,0.37170184282478225
2019,2019_17,MAG,GRO,42,-0.011509309269457814,-1.1826761904761904,0.5418164169335183
2019,2019_20,GAS,KVY,53,0.11859648737062274,0.8973471698113186,0.5758263833118819
2019,2019_20,KVY,GAS,53,-0.10234160894570982,-0.8973471698113186,0.5758263833118817
2019,2019_21,MAG,GRO,49,-0.10078551583538771,-0.3512448979591851,0.5570269436566283
2019,2019_9,ALB,KVY,64,0.009399003805686082,0.31037812500000084,0.6472757259086921
2019,2019_9,KUB,RUS,17,0.06773774509803977,-0.44023529411764756,0.6501124378806934
2021,2021_3,HAM,BOT,53,0.006028943141140221,0.014245283018867839,0.7401265999722594
2022,2022_11,ALB,LAT,35,0.0563362844495217,0.6681142857142858,0.7024562215686657
2022,2022_12,SAI,LEC,16,-0.3850279411764706,-3.7009125000000003,0.5565413571275237
2022,2022_15,GAS,TSU,26,-0.020053174603174594,-0.09027692307692146,0.7854511967493245
2022,2022_4,VET,STR,54,0.025415448492230264,0.433796296296297,0.7469531298589752
2024,2024_19,PIA,NOR,43,0.009279522479138368,-0.19596744186046464,0.7618840849646645
2024,2024_2,ALB,SAR,42,0.013314325913048547,0.33414285714285763,0.7376320249305914
2024,2024_7,STR,ALO,22,0.09462025993408384,0.4257090909090916,0.5468923921234823
2018,2018_11,BOT,HAM,12,-1.0310139860139849,-17.484833333333338,0.4177765670134675
2018,2018_11,RAI,VET,23,0.5961916996047428,6.713869565217391,0.5169370718900607
2018,2018_15,ERI,LEC,33,-0.010656417112299619,-0.24996969696969726,0.7272807987058254
2018,2018_3,STR,SIR,22,0.009563984339792803,-0.1495181818181799,0.779649787035808
2018,2018_7,BOT,HAM,11,0.04976363636363576,0.5606363636363638,0.7700413562196815
2019,2019_10,SAI,NOR,11,0.08049090909090857,-0.3428363636363617,0.785220490757832
2019,2019_11,GAS,VER,36,0.30460987379361576,-2.1067777777777783,0.4720581237648477
2019,2019_17,HUL,RIC,17,0.0973421568627454,1.1788823529411787,0.7789656625704654
2019,2019_5,BOT,HAM,54,-0.02825914948125659,-0.08589999999999863,0.6933550053377314
2019,2019_8,VET,LEC,19,0.07984035087719303,-0.30036842105263273,0.7923466631824989
2020,2020_12,BOT,HAM,60,-0.014694895908532247,-0.6549999999999997,0.6846528458504938
2020,2020_14,STR,PER,28,0.009163481953290902,0.08578571428571483,0.5532977734962509
2020,2020_6,LAT,RUS,17,0.10551225490196126,-0.23323529411764643,0.665158835513545
2020,2020_8,BOT,HAM,41,0.26026932278815657,0.4563219512195114,0.6229744407132369
2021,2021_1,LAT,RUS,23,-0.09599915214319357,-0.32073043478261004,0.6941934354180019
2022,2022_15,RUS,HAM,59,-0.0021469534500748507,-0.2964847457627132,0.6938223783041328
2022,2022_20,LAT,ALB,21,0.012379220779220698,-0.01772380952380916,0.6813147738006627
2022,2022_22,RUS,HAM,29,-0.0007745186707772589,0.09882068965517267,0.6707348271630899
2022,2022_2,VER,PER,38,-0.006456070612538744,0.009184210526314766,0.7332519021747202
2023,2023_14,PER,VER,44,0.016403784229262863,-0.17874999999999955,0.7129727541659556
2023,2023_16,STR,ALO,9,-0.07106637168141508,-0.7503777777777745,0.6757435990845575
2023,2023_1,OCO,GAS,8,0.1327344537815136,0.9881499999999956,0.6704926948187826
2023,2023_9,BOT,ZHO,32,-0.09680910899340046,-1.2988468749999993,0.49046523126251823
2024,2024_3,ZHO,BOT,45,0.10043574909071923,0.27858222222222145,0.5717564140912632
2018,2018_12,HUL,SAI,38,-0.007234602859974443,0.0019473684210525807,0.5485262019851911
2021,2021_1,PER,VER,27,0.18086679260696445,-0.3735222222222242,0.5945431839610121
2021,2021_3,MAZ,MSC,29,0.003527372859791273,-0.5626896551724128,0.617684501844901
2021,2021_4,HAM,BOT,18,0.020790902919212286,1.273466666666668,0.7400432745319089
2022,2022_10,NOR,RIC,29,0.12868326589895251,0.4630482758620698,0.5568234094213189
2022,2022_13,PER,VER,30,-0.029757554750275726,-0.5562933333333339,0.6677583053154456
2022,2022_16,TSU,GAS,40,0.002502880191008331,-0.22685000000000138,0.724248727463405
2022,2022_19,STR,VET,13,-0.046923076923077275,-0.048153846153848705,0.6892886278773176
2022,2022_2,OCO,ALO,27,0.0014671201814062612,-0.2729629629629637,0.6968767825866721
2022,2022_7,RUS,HAM,46,-0.05708305200512822,-1.114749999999999,0.5393538344164215
2023,2023_10,VER,PER,40,-0.07568751692072268,0.40859000000000023,0.6993305365197886
2023,2023_13,GAS,OCO,47,-0.034173880406402325,0.055525531914892484,0.5681967694418366
2023,2023_19,NOR,PIA,43,-0.040058899398892754,0.1304651162790691,0.5873596768753688
2023,2023_2,LEC,SAI,41,-0.022746189426128036,-0.5107219512195105,0.7120170015695695
2024,2024_23,LAW,TSU,42,0.035626211021695754,-0.04614285714285652,0.6949402844444212
2018,2018_8,ERI,LEC,25,0.08644692307692316,-0.896479999999999,0.5817428886687498
2019,2019_11,RIC,HUL,9,0.40543333333333337,-3.104666666666666,0.5590456534339907
2019,2019_12,KVY,ALB,19,0.04277894736842105,0.12857894736842168,0.752142725704408
2019,2019_21,VER,ALB,11,0.0031909090909108947,0.784181818181816,0.7403799033029828
2021,2021_13,LAT,RUS,21,-0.06118571428571438,-0.042952380952380326,0.6400089269934933
2021,2021_14,RIC,NOR,36,0.0064800535797602445,0.16950555555555427,0.7644269031348367
2021,2021_20,ALO,OCO,48,0.05263293810996853,0.5430291666666683,0.6628323202522665
2021,2021_20,LAT,RUS,44,-0.03759459151722184,-0.3409954545454555,0.6146169430097272
2021,2021_3,NOR,RIC,14,0.03916793478260926,2.7366428571428583,0.5237179979998526
2021,2021_8,RUS,LAT,30,-0.007187193064281473,0.2890000000000015,0.5599265292760427
2022,2022_11,PER,VER,9,0.055939252336447996,-2.0986111111111065,0.616178169317743
2022,2022_15,OCO,ALO,22,-0.553896780739784,-2.175281818181817,0.5171453774580237
2022,2022_7,RIC,NOR,34,0.17811054884617566,-4.440014705882354,0.4713067327683009
2023,2023_10,DEV,TSU,25,0.030758563462560035,-0.060519999999999075,0.6719483899925135
2024,2024_14,HUL,MAG,27,-0.07793013524448057,-1.0406962962962978,0.6169316930937299
2024,2024_19,SAI,LEC,16,0.00789467831612432,-0.5478125000000009,0.7255405868874121
2024,2024_24,SAI,LEC,15,0.008151658767772574,0.5820000000000003,0.8251493291597172
2019,2019_1,NOR,SAI,8,-0.04859523809524005,0.5667999999999935,0.7333215173217992
2020,2020_12,VET,LEC,25,0.012703846153845814,-1.1152399999999982,0.6726755789779726
2020,2020_15,LEC,VET,36,0.044616540722082064,0.8083555555555542,0.5660518469927038
2020,2020_17,GAS,KVY,49,0.005243333701535425,0.36620408163265256,0.6523669039358319
2023,2023_22,SAI,LEC,13,-0.05175185396463211,-1.164961538461539,0.8103712678966286
2024,2024_1,HAM,RUS,46,-0.052367283277938236,-0.38723478260869404,0.7314122335728321
2018,2018_8,STR,SIR,43,-0.0033634853518572845,0.03637209302325334,0.7133403003509469
2019,2019_14,PER,STR,13,-0.0007021978021977605,0.2873692307692306,0.4315736753580983
2019,2019_17,RAI,GIO,29,0.17427354005167964,0.4770344827586213,0.6239703112457736
2019,2019_8,MAG,GRO,14,-0.049302197802197974,0.36793571428571425,0.6292965206469489
2019,2019_8,VER,GAS,44,-0.03552557309489647,1.634331818181819,0.6444818057943524
2020,2020_1,OCO,RIC,9,0.10665147058823558,-0.997155555555559,0.7125627057881362
2021,2021_10,ALO,OCO,15,0.2709285714285712,-0.1185999999999988,0.6372390053060826
2024,2024_8,ALB,SAR,54,-0.0035634076615209073,0.33800000000000124,0.5471798604838822
2024,2024_9,SAR,ALB,14,-0.13023144876325038,-0.07221428571428845,0.5033874442285694
2018,2018_12,RAI,VET,34,0.21267660626595375,2.6820882352941178,0.5653621279557619
2018,2018_15,MAG,GRO,11,0.3791272727272728,-0.50536363636364,0.6235351781341203
2022,2022_22,RIC,NOR,12,0.047962264150943054,-0.4208333333333343,0.7927704158750211
2023,2023_1,ZHO,BOT,41,0.04657493974354843,-0.0779926829268292,0.6212980658323842
2023,2023_22,ALO,STR,10,0.01682121212121121,0.42835000000000034,0.844105848794497
2018,2018_16,RAI,VET,11,-0.006554545454544582,-0.29245454545454147,0.7773032690259091
2018,2018_16,RIC,VER,36,0.014398712998713063,-0.76811111111111,0.6702773586595723
2018,2018_4,GRO,MAG,32,-0.34590373224606846,-2.0354874999999977,0.5418885265303252
2018,2018_4,MAG,GRO,32,0.34590373224606846,2.0354874999999977,0.5418885265303252
2018,2018_5,VAN,ALO,14,0.04593626373626366,1.4653571428571428,0.7459180306167371
2020,2020_4,RIC,OCO,40,0.00044289832024646644,0.2124500000000001,0.7717772183919301
2021,2021_14,STR,VET,39,-0.14130095201827864,-0.23514871794871647,0.6249378112890691
2021,2021_6,VET,STR,16,0.3710808823529418,2.1280125000000014,0.6023842897381693
2022,2022_7,MAG,MSC,12,0.24661264822134504,0.6829166666666708,0.43556464203162726
2022,2022_8,OCO,ALO,14,0.2097687776141383,0.20778571428571574,0.7166154051273192
2023,2023_5,HAM,RUS,15,-0.009914285714285856,-0.5232666666666669,0.7870396512507456
2023,2023_6,RUS,HAM,52,0.2728982465115996,2.5219923076923076,0.5864883116319022
2023,2023_8,VER,PER,8,0.092477358490566,1.4856250000000006,0.7410302468383461
2024,2024_10,RIC,TSU,26,0.09722927366104189,0.3496538461538459,0.5203515213153646
2024,2024_22,MAG,HUL,26,0.1345096826854401,-0.638376923076925,0.5238378721468412
2024,2024_22,ZHO,BOT,20,0.04119129914188828,0.4406399999999998,0.5479853337916014
2024,2024_8,ALO,STR,39,-0.032164372469635404,-0.4638461538461539,0.5989395835680121
2018,2018_10,VET,RAI,21,-0.058389959294437035,0.36776190476190673,0.6235535442278363
2019,2019_1,GIO,RAI,10,0.2372121212121207,-0.9986000000000004,0.6891143558862091
2021,2021_15,GAS,TSU,12,-0.09210564263322868,2.2491250000000007,0.5591182083970466
2022,2022_15,PER,VER,24,0.059760645161290614,-1.252666666666667,0.6235254991993112
2022,2022_7,SAI,LEC,48,0.12479243016423293,-2.248760416666668,0.6028680028459934
2024,2024_8,TSU,RIC,74,0.0024102184376156577,0.5225405405405418,0.516491693140917
2018,2018_8,VAN,ALO,34,-0.16048097784568405,-3.013605882352941,0.6173706643082937
2019,2019_2,KVY,ALB,18,0.2677757879656158,0.5204999999999984,0.6964139109548013
2019,2019_5,HUL,RIC,22,-0.03661072840203273,-1.030681818181818,0.7036683923692293
2020,2020_16,SAI,NOR,35,-0.07493274998526894,-0.034679999999999565,0.7009053333087367
2020,2020_5,GAS,KVY,9,-0.6142846153846137,-0.03699999999999667,0.6043432282446626
2020,2020_7,RAI,GIO,8,-0.02421428571428528,0.054000000000002046,0.7799440406775945
2021,2021_9,LEC,SAI,30,-0.127842491657397,-1.0939999999999979,0.7606591259804919
2022,2022_20,GAS,TSU,27,-0.1481246642246639,-1.5915925925925904,0.6172523451670336
2023,2023_15,OCO,GAS,37,0.009868200738973768,0.16427027027027075,0.7016107610284557
2023,2023_6,VER,PER,40,-0.32293504120449257,-0.7001825000000028,0.48593204674224894
2023,2023_6,ZHO,BOT,71,-0.04128408978588701,-1.3478633802816913,0.50738586706063
2019,2019_2,RIC,HUL,10,-0.05565454545454584,0.09809999999999804,0.680874854569599
2020,2020_13,HAM,BOT,23,-0.016424221246006097,0.10495652173912988,0.7198383065105098
2022,2022_14,STR,VET,18,-0.12347009345794475,-0.03192777777777975,0.6530072055872018
2022,2022_20,OCO,ALO,31,-0.004696774193548449,-0.2194516129032248,0.8719466358994414
2022,2022_8,TSU,GAS,31,-0.0025612959395375414,-0.21061290322580495,0.7769722637065545
2024,2024_11,LEC,SAI,13,-0.10793736263736263,-0.5775999999999973,0.7687893539209735
2024,2024_18,HAM,RUS,15,0.029092857142856483,0.6238000000000009,0.8174978144083588
2018,2018_12,OCO,PER,14,0.024742857142857486,1.4092142857142826,0.883544689361264
2018,2018_15,VET,RAI,9,0.09830000000000064,0.539777777777775,0.7628166997616471
2019,2019_15,RAI,GIO,13,0.057186813186812104,-0.301076923076921,0.7550357044341038
2021,2021_18,NOR,RIC,33,-0.04861958556149719,2.29467272727273,0.5831009388026991
2023,2023_18,RIC,TSU,14,0.07864615384615378,-0.2135714285714272,0.7687070902162741
2023,2023_7,NOR,PIA,14,0.37056153846153894,1.8643499999999997,0.576828784406528
2024,2024_23,VER,PER,30,-0.011488987764182265,0.9735000000000004,0.7900133356400129
2018,2018_20,RAI,VET,25,8.38461538462053e-05,0.1303600000000006,0.7174214824738735
2018,2018_4,RIC,VER,31,0.020874193548387075,0.03587096774193577,0.6340306854009232
2018,2018_9,GRO,MAG,13,0.00033516483516526615,0.26238461538461766,0.7373540259183324
2019,2019_21,KVY,GAS,37,0.06567069701280238,0.7504459459459465,0.5665766839274587
2019,2019_5,VET,LEC,17,-0.08344607843137304,-0.4186470588235288,0.714154530201299
2021,2021_20,MAZ,MSC,20,-0.3713503759398491,-2.9900000000000007,0.6506909692834494
2022,2022_5,RUS,HAM,20,-0.008048120300751745,-1.4991000000000008,0.7232518633412442
2023,2023_10,SAI,LEC,16,0.00259411764705886,-0.10737500000000022,0.7575736754763598
2023,2023_16,GAS,OCO,11,0.4693459105779726,2.4167727272727277,0.6176289093428861
2023,2023_18,LEC,SAI,14,0.016242487046631646,0.20214285714285601,0.69351268208179
2023,2023_20,OCO,GAS,10,-0.003757575757575357,-0.3559999999999988,0.7260445666816419
2024,2024_21,HAM,RUS,55,-0.05609942994881339,-1.966963636363637,0.6142133201899824
2024,2024_2,RIC,TSU,43,-0.020665352134284616,-0.3676976744186035,0.5988064952872637
2024,2024_7,SAR,ALB,24,-0.11808795180722874,-1.585287499999999,0.6089120628622909
2018,2018_17,VAN,ALO,29,0.05703675537456222,-0.5225379310344832,0.5777823793136371
2018,2018_19,MAG,GRO,52,0.005080665036252925,0.019557692307693594,0.5348593951114959
2019,2019_10,KVY,ALB,15,0.036539999999999816,-0.8227333333333349,0.7063885475953733
2019,2019_10,RIC,HUL,15,0.01098437499999916,0.2468999999999994,0.8434478277583622
2019,2019_11,RUS,KUB,32,0.08982582113821135,0.29550000000000143,0.4975194058494592
2020,2020_16,KVY,GAS,62,-0.008302365463698105,-0.5002080645161292,0.7757461828111394
2020,2020_17,HAM,BOT,48,0.012943957380091495,-0.10697916666666736,0.7716335137876397
2020,2020_17,NOR,SAI,39,0.02589229423354002,-0.4721333333333338,0.6969595531547104
2020,2020_1,HAM,BOT,45,0.014513297567113405,0.1653022222222243,0.7757533594109578
2020,2020_6,HAM,BOT,56,0.041005141543673115,0.36926785714285615,0.7163758383849709
2021,2021_16,HAM,BOT,35,-0.0003056022408962295,-0.5216571428571436,0.6807262051140813
2021,2021_5,HAM,BOT,27,-0.013633699633699559,-0.6785703703703682,0.7272279749109484
2021,2021_5,VER,PER,74,0.00489202692196368,0.6558297297297297,0.6842696265435264
2021,2021_6,GAS,TSU,37,-0.05350844180536466,-0.6459918918918917,0.6868788844738447
2022,2022_13,NOR,RIC,35,0.029142176870748514,0.5795285714285732,0.6892927096676855
2022,2022_8,RUS,HAM,45,-0.03963056988910105,0.5108222222222205,0.7195686657320581
2022,2022_9,RUS,HAM,24,0.007410029940119546,-0.39814999999999995,0.7792911916329647
2023,2023_12,ALB,SAR,32,0.09509956702459277,0.5829843749999988,0.637266003385612
2023,2023_20,NOR,PIA,43,0.03878951959095489,-2.558590697674417,0.5178321610081046
2023,2023_21,HUL,MAG,32,0.01296058745912464,-0.018375000000002473,0.633624011030719
2023,2023_22,NOR,PIA,46,0.01964602822182737,0.25753478260869495,0.6933631375415782
2023,2023_4,STR,ALO,46,0.030579471962732738,0.14495652173913087,0.7353717198397165
2024,2024_10,BOT,ZHO,22,-0.24315028101669328,-0.42365909090908943,0.7046971050163312
2024,2024_13,LEC,SAI,34,-0.07061071904127822,-0.027588235294116883,0.7896015085955419
2024,2024_16,OCO,GAS,28,-0.060441837533260295,-0.22962142857142961,0.5731992872316064
2024,2024_18,SAI,LEC,11,-0.02132727272727379,-0.2967272727272736,0.7644552832477511
2024,2024_23,HAM,RUS,22,0.057927388981344086,-1.0153181818181787,0.7056456313825961
2024,2024_5,LEC,SAI,40,-0.1807616678858815,-1.832900000000001,0.685835475655231
2018,2018_15,VER,RIC,12,0.04552797202797234,0.7109166666666683,0.7382977879053296
2019,2019_13,RUS,KUB,35,-0.07496251239862296,0.5034285714285716,0.6353391519489608
2019,2019_17,NOR,SAI,27,0.6381819524442472,3.9354814814814847,0.42874897167011194
2019,2019_5,ALB,KVY,33,-0.004346243575871927,-0.2770757575757607,0.7956677082756837
2020,2020_11,LEC,VET,28,0.18055463571324318,1.5264214285714282,0.6341762680001678
2021,2021_20,VET,STR,45,0.03244207906004168,-0.04184888888888767,0.5052155863850948
2021,2021_6,STR,VET,16,-0.3710808823529418,-2.1280125000000005,0.6023842897381693
2021,2021_9,PER,VER,54,0.030157608135752922,-1.0669074074074072,0.7399935041407523
2022,2022_17,STR,VET,43,0.04487112221528195,-0.22899999999999854,0.6558181492561722
2022,2022_1,HUL,STR,43,-0.12965476669926926,-0.69343488372093,0.5548666178849007
2022,2022_1,NOR,RIC,21,0.060035128805620924,0.45340000000000136,0.6427169192184364
2022,2022_20,HAM,RUS,27,-0.01567338217338216,0.11155555555555663,0.8571592562190482
2022,2022_21,VET,STR,31,0.04017850918992484,0.3385161290322567,0.5767707821195731
2022,2022_4,VER,PER,52,0.0018759668067789834,0.18580384615384668,0.7049732233261128
2023,2023_10,ALB,SAR,39,-0.001717531779661163,0.502928205128205,0.7192118479257568
2023,2023_13,ALO,STR,13,0.0923886449659352,1.2673692307692312,0.3621567003789289
2023,2023_16,TSU,LAW,15,0.12628483685220818,0.46709333333333236,0.7150234917722268
2023,2023_1,HUL,MAG,33,0.165490049443758,0.6761363636363636,0.6439442139810754
2023,2023_4,ZHO,BOT,24,0.045812765957447,0.2342499999999982,0.6770617309461024
2023,2023_6,TSU,DEV,71,0.014894440365288458,-0.510028169014085,0.5876141915655347
2023,2023_7,RUS,HAM,40,-0.1490438280363226,-1.12758,0.6931630735834838
2024,2024_15,PIA,NOR,26,-0.020026666666666568,-0.4164615384615375,0.8139610936645246
2024,2024_15,TSU,RIC,50,-0.13308877446920092,-1.4257360000000006,0.619513487448843
2024,2024_17,LEC,SAI,45,-0.02715943132554055,0.033315555555554335,0.6624473772710716
2024,2024_19,VER,PER,47,-0.04317951521810042,0.8687404255319146,0.7380471886669632
2024,2024_9,BOT,ZHO,28,-0.1811291783193503,1.709142857142856,0.5476280466389147
2018,2018_10,VER,RIC,30,-0.10017064220183486,-0.6017333333333321,0.7677058697807417
2018,2018_12,VET,RAI,34,-0.20980962888665994,-2.682088235294118,0.5653621279557619
2018,2018_16,MAG,GRO,48,-0.000919808815719597,0.02595833333333264,0.5927380992477196
2018,2018_17,SAI,HUL,27,-0.10477268471402429,-0.24598518518518192,0.6467238293146146
2018,2018_4,ERI,LEC,15,0.09559221246006425,-0.8800266666666677,0.5729192725261761
2019,2019_18,ALB,VER,8,-0.037017226890755824,0.39561250000000214,0.5356868253183695
2020,2020_12,GAS,KVY,41,0.1267505942780576,1.025448780487805,0.5226783950771444
2020,2020_14,GIO,RAI,8,-0.008955801104972204,-1.4212500000000041,0.45290198209920207
2020,2020_17,LAT,RUS,28,0.01637971781305125,-0.6102749999999995,0.664987813263827
2020,2020_3,MAG,GRO,63,0.01948142862391614,1.1507174603174612,0.518502447316174
2020,2020_5,LAT,RUS,29,-0.024112878497509156,-0.08365517241379415,0.6377266055718577
2021,2021_15,OCO,ALO,14,0.055887931034482995,-0.01585714285714244,0.6393648111258334
2021,2021_2,OCO,ALO,48,-0.027939743298500706,-0.032520833333334664,0.6463810730109771
2021,2021_5,MAZ,MSC,60,0.17816521321214074,1.5121533333333337,0.5044647388054259
2021,2021_7,NOR,RIC,14,0.03968791208791176,-0.07185714285714287,0.757311015967419
2021,2021_7,STR,VET,47,0.005036434546107731,-0.15787234042553225,0.6371411467745547
2022,2022_11,HAM,RUS,8,0.015405405405405971,-0.039500000000003865,0.7093529956621478
2022,2022_17,HAM,RUS,25,-0.16348637739656904,2.595199999999997,0.40531895209730656
2022,2022_17,VET,STR,43,-0.04671900659695402,0.22899999999999854,0.6558181492561722
2022,2022_21,VER,PER,50,0.29863115453275685,0.9795960000000008,0.54916343395989
2022,2022_8,HAM,RUS,45,0.03963056988910108,-0.5108222222222205,0.7195686657320584
2022,2022_9,NOR,RIC,52,0.06627262204983977,0.1733538461538455,0.6722794310596194
2023,2023_13,NOR,PIA,13,-0.1440667077378012,2.826184615384616,0.3058083563537322
2023,2023_17,BOT,ZHO,20,-0.15879193397111258,-0.44002999999999803,0.5954648527241961
2023,2023_17,PER,VER,26,0.28317577840679353,-0.8443076923076944,0.4990290621504999
2023,2023_20,STR,ALO,38,0.05795050066983007,0.12089473684210436,0.7463637826350058
2023,2023_21,PER,VER,31,0.06753657360725991,-0.6984548387096775,0.6114544168660406
2023,2023_5,RUS,HAM,15,0.009914285714285856,0.5232666666666669,0.7870396512507456
2023,2023_7,ALB,SAR,58,-0.36548566367727314,-2.107774137931036,0.5899248950615162
2024,2024_14,NOR,PIA,21,0.004625326858423209,-0.005138095238097305,0.7033229700358997
2024,2024_1,ALB,SAR,15,0.057279608938547326,0.2643266666666638,0.6351714556116719
2024,2024_23,LEC,SAI,44,-0.009881869084122133,0.262693181818182,0.7947501831423088
2024,2024_23,SAI,LEC,44,0.008829337016574589,-0.262693181818182,0.7947501831423088
2024,2024_3,GAS,OCO,41,-0.01757421547386052,-0.2688048780487826,0.621190298335036
2024,2024_5,PIA,NOR,39,-0.11764329302852818,-2.2390256410256395,0.6662099762013584
2018,2018_19,HAM,BOT,50,-0.007154568870354556,0.2007600000000008,0.6683862218219383
2018,2018_8,BOT,HAM,27,0.15204139194139163,0.6015222222222218,0.6024837589039443
2019,2019_16,PER,STR,40,-0.11679590162813908,0.2882749999999987,0.6147785130978963
2019,2019_17,GRO,MAG,42,0.018331463539010606,1.1826761904761904,0.5418164169335183
2019,2019_1,PER,STR,11,-0.016527272727272578,0.09110909090909237,0.8595878894022846
2020,2020_14,ALB,VER,11,-0.9817875354107649,-2.900636363636362,0.36975336654784224
2020,2020_14,RIC,OCO,23,0.11782750075097569,0.8930000000000026,0.5396222651284474
2020,2020_16,RAI,GIO,43,0.009910700606272827,-0.1636976744186047,0.7228719430424486
2020,2020_7,RIC,OCO,38,0.03346272556103112,0.6013157894736845,0.7169325473839564
2020,2020_8,RIC,OCO,44,0.20416888505463837,1.1724159090909076,0.685012862671908
2022,2022_14,PER,VER,32,0.23459542183917081,0.04527187499999652,0.5362272985454409
2022,2022_16,LAT,DEV,11,0.148183909415971,-0.7688454545454626,0.6235037811666024
2022,2022_17,PER,VER,40,0.012104420731707336,1.7015250000000008,0.6396342313489142
2022,2022_1,STR,HUL,43,0.13101755509311133,0.6934348837209307,0.5548666178849004
2023,2023_1,DEV,TSU,31,-0.04895659340659379,-0.21997741935483867,0.7574343827291898
2023,2023_3,VER,PER,44,-0.06964029488869704,0.21326136363636358,0.6656449969923841
2024,2024_14,STR,ALO,39,0.01939607965931859,0.2188717948717938,0.7351177167509879
2024,2024_15,PER,VER,67,-0.04593903564625095,-0.6311164179104483,0.778892923672633
2024,2024_2,LEC,BEA,46,-0.0374350629975924,0.6525652173913047,0.7172370584770387
2018,2018_16,GRO,MAG,48,0.0013034294799000473,-0.025958333333332934,0.5927380992477196
2018,2018_2,VET,RAI,26,0.023712642440556157,0.00963846153846121,0.7840935375640127
2018,2018_3,SAI,HUL,22,0.005540283385780404,-0.6108636363636354,0.6951728953586477
2018,2018_8,RAI,VET,28,-0.15395823754789245,-2.1558500000000014,0.6662326422021725
2018,2018_9,SAI,HUL,10,0.20194545454545437,0.25869999999999604,0.8071127174149474
2019,2019_16,LEC,VET,18,0.009344685242518306,-0.18572222222222162,0.852521257736552
2020,2020_12,MAG,GRO,51,-0.19510049220672682,-1.849921568627452,0.5386935926643251
2020,2020_14,PER,STR,28,-0.00916348195329086,-0.08578571428571483,0.553297773496251
2020,2020_17,RIC,OCO,8,-0.36391190476190666,-1.045325,0.5781376018074251
2020,2020_2,GAS,KVY,20,-0.0541563909774438,-0.04759999999999849,0.7285733915767103
2021,2021_14,BOT,HAM,22,0.04105194805194791,-0.19259090909091015,0.6209561349260309
2021,2021_16,MSC,MAZ,33,0.027386697860962553,-0.08724242424242439,0.5733590720600705
2021,2021_16,VET,STR,51,-0.034476903349895824,-0.09579215686274602,0.6640771630967629
2021,2021_22,RUS,LAT,24,-0.009882608695652032,-0.14008333333333192,0.6575707877125488
2022,2022_13,HAM,RUS,14,-0.22027314949201746,-1.395385714285715,0.6625043426081328
2022,2022_15,NOR,RIC,26,0.08616388308977009,0.8588307692307703,0.5979622839256763
2022,2022_19,VET,STR,13,0.046923076923077275,0.048153846153848705,0.6892886278773176
2022,2022_1,GAS,TSU,33,0.22286672051696324,0.44226969696969815,0.5707660726771192
2022,2022_5,STR,VET,44,0.02210315592500622,0.005200000000000154,0.6121329519132931
2022,2022_6,MAG,MSC,42,-0.11669073647387276,-0.761045238095241,0.5037662129211812
2023,2023_13,BOT,ZHO,8,3.245055749128918,-7.837474999999996,0.2791035664988879
2023,2023_14,STR,ALO,45,-0.00029831526617400277,-0.37162222222222124,0.7083886038929669
2023,2023_17,OCO,GAS,38,0.0203592351757233,0.245331578947369,0.6615338277934558
2023,2023_1,ALO,STR,41,-0.2208164110280557,-0.8768073170731722,0.7075303647949893
2024,2024_11,RIC,TSU,8,0.0010833333333329245,0.15362500000000345,0.8518345021654581
2024,2024_15,HAM,RUS,42,-0.004517193426042784,-0.06371428571428746,0.6794301600257925
2024,2024_21,SAI,LEC,26,0.07163482352941154,-1.131076923076923,0.5552033733612772
2024,2024_7,NOR,PIA,58,0.03515332342216551,0.38924827586206784,0.8152214319008773
2018,2018_12,ALO,VAN,39,-0.01204700519184501,0.1781025641025633,0.7623344569054902
2018,2018_4,ALO,VAN,15,-0.048454284452296055,1.1151333333333326,0.44181597818358437
2019,2019_12,GIO,RAI,13,-0.07148681318681302,-1.4562,0.6040461443547055
2019,2019_17,PER,STR,36,-0.007936358782701625,-0.043944444444443086,0.7127480587343551
2019,2019_20,VER,ALB,45,0.053934303494858345,0.7071733333333318,0.7089750263697884
2019,2019_7,VET,LEC,24,-0.03891782608695646,0.07570833333333364,0.7423987691641377
2020,2020_11,GRO,MAG,11,0.13199145527369763,-1.029454545454544,0.6823297717501734
2020,2020_14,GAS,KVY,25,-0.22373288973384015,-0.5076400000000012,0.5104899015828855
2020,2020_15,BOT,HAM,24,0.4544269495412844,-0.5988083333333366,0.5775753590730867
2020,2020_5,ALB,VER,23,0.18323598199075253,0.4184086956521784,0.6056185955175374
2020,2020_5,RIC,OCO,12,0.0952062937062931,1.4659500000000005,0.7895673622735181
2020,2020_6,PER,STR,36,0.0032446204957833503,-0.017077777777777057,0.7304849590689746
2021,2021_10,GAS,TSU,35,0.03285426296867004,0.14854285714285667,0.6910179209658412
2021,2021_4,MAZ,MSC,33,0.03213335526315756,-0.6356272727272724,0.5484513193283124
2021,2021_7,RAI,GIO,25,0.0049504985754986585,-0.1206800000000004,0.6413723288027708
2022,2022_20,LEC,SAI,65,0.005192548471031617,-0.12608461538461554,0.7540298480175831
2022,2022_21,LAT,ALB,25,-0.1455023027927494,-0.5239279999999996,0.6131427370099821
2022,2022_22,TSU,GAS,31,-0.01761665103189492,0.5225483870967728,0.692341268939192
2022,2022_5,VER,PER,35,0.03816395960526843,0.7853142857142859,0.7214549932376864
2023,2023_17,VER,PER,26,0.1798764776839569,0.844307692307695,0.49902906215049997
2023,2023_2,DEV,TSU,45,0.029097084548104862,-0.33526666666666705,0.6460354353013387
2023,2023_3,RUS,HAM,11,-3.138184014869889,2.157727272727274,0.3656370065615809
2023,2023_4,PIA,NOR,44,0.02613782300667517,0.08097727272727279,0.7323407386277122
2023,2023_5,MAG,HUL,12,-0.04616293706293683,0.2157499999999999,0.6466714935412299
2024,2024_11,PIA,NOR,53,-0.04572877017159247,-0.6330037735849051,0.7739855454742266
2024,2024_11,STR,ALO,9,-0.003949999999999914,-0.23795555555555362,0.8295522385791387
2024,2024_16,STR,ALO,21,-0.1042166164442524,-0.553028571428571,0.6057592646956911
2024,2024_21,RUS,HAM,55,0.05609942994881334,1.966963636363637,0.6142133201899825
2018,2018_16,LEC,ERI,32,-0.029361541049798292,0.6844687500000015,0.6806084182435144
2018,2018_16,PER,OCO,47,-0.04981859073040657,-0.5446595744680833,0.6194109446487264
2018,2018_20,ALO,VAN,13,-0.0965274725274726,0.12892307692307708,0.6684825231569724
2018,2018_7,VER,RIC,63,0.006014877145293681,0.284825396825396,0.7501251726032256
2018,2018_9,HUL,SAI,10,-0.20194545454545437,-0.25869999999999604,0.8071127174149474
2018,2018_9,VER,RIC,34,0.015528631201434608,0.14699999999999971,0.8291390567639224
2019,2019_19,GAS,KVY,32,0.26442713638818477,0.9591500000000002,0.5924676281608843
2019,2019_21,ALB,VER,11,-0.0031909090909108947,-0.784181818181816,0.7403799033029828
2020,2020_14,NOR,SAI,46,0.0944290780141845,-0.7695869565217381,0.4925669043007449
2021,2021_10,BOT,HAM,17,0.03153921568627412,-0.28905882352941437,0.8020458769033243
2021,2021_13,MAZ,MSC,8,-0.49181666666666796,-0.8941125000000021,0.35738288928913153
2021,2021_14,RUS,LAT,41,0.004777625974026091,-0.08978048780487764,0.7005924178538615
2021,2021_16,GAS,TSU,33,0.060233622994652423,1.5467878787878795,0.5816660481056503
2021,2021_21,LEC,SAI,32,-0.5228642077798861,-5.1609687499999986,0.48202679787882735
2021,2021_4,PER,VER,52,-0.09688495422446645,-1.7799346153846163,0.6062518904294392
2021,2021_7,LEC,SAI,31,0.19949162917737825,0.6260258064516121,0.6228732015435746
2021,2021_8,STR,VET,59,0.13864927406008856,-1.1129152542372884,0.6325282835161706
2022,2022_12,STR,VET,46,0.0276561627094972,0.3121521739130412,0.7951562458276967
2022,2022_15,BOT,ZHO,21,0.037930301507537297,-0.118519047619047,0.5513195491789558
2022,2022_21,SAI,LEC,8,0.2001666666666681,0.5517000000000021,0.7789022856234714
2023,2023_12,VER,PER,35,-0.06275804631828902,0.19105142857142954,0.6892499218804454
2023,2023_14,LEC,SAI,46,-0.011713182757602523,-0.09397826086956476,0.7995101122449064
2023,2023_14,OCO,GAS,8,-0.010833333333333292,0.041749999999996845,0.8552788216918675
2023,2023_6,ALO,STR,49,-0.0010584693877552067,1.8037346938775518,0.6201528114712674
2024,2024_1,BOT,ZHO,46,-0.08185493047294776,-0.6499173913043483,0.6066549239656195
2024,2024_22,PIA,NOR,20,-0.13212855150428396,-0.06746000000000052,0.6265661607480105
2024,2024_23,MAG,HUL,21,-0.05999118795315112,-0.08880952380952356,0.7040474258497771
2024,2024_6,RIC,TSU,48,0.4050590101951683,1.8010479166666675,0.5047715473855767
2024,2024_8,HAM,RUS,48,0.015548523664785083,-0.05258333333333276,0.6559183741261175
2018,2018_1,ALO,VAN,47,0.43465958129976895,3.0875212765957443,0.662478548508684
2018,2018_21,GRO,MAG,34,-0.06438236705358705,-0.7217058823529415,0.6200500992281184
2020,2020_15,RIC,OCO,38,-0.23428121640551158,-2.59096052631579,0.5246440837529885
2020,2020_6,STR,PER,36,-0.0029952018724401152,0.017077777777777057,0.7304849590689747
2020,2020_7,VET,LEC,17,0.030522619047618618,-0.07554705882353119,0.6624187457044945
2021,2021_16,RAI,GIO,51,-0.06011381629085038,0.029141176470588448,0.6027327469327252
2021,2021_20,HAM,BOT,16,-0.05233676470588244,2.1268125000000007,0.5063927184949121
2021,2021_4,STR,VET,54,-0.04165376023827243,-0.15292222222222202,0.6050892130428926
2022,2022_12,LAT,ALB,32,0.010498361097391544,-0.30303124999999875,0.7508367995614147
2022,2022_12,LEC,SAI,16,0.3850279411764706,3.7009125000000003,0.5565413571275237
2022,2022_17,OCO,ALO,16,0.05713115124153474,-1.703562500000002,0.6405121635279557
2022,2022_6,OCO,ALO,33,0.028857919223915795,0.6716484848484853,0.6641928514066361
2023,2023_2,RUS,HAM,46,-0.43599006644629196,-2.2783413043478267,0.6066397759844311
2023,2023_7,MAG,HUL,50,-0.010478125802970794,0.17212600000000067,0.6004155592676124
2024,2024_14,RUS,HAM,20,0.10240924369747836,-0.20293000000000064,0.7112537992213446
2024,2024_1,VER,PER,28,-0.016272033943820947,0.20742142857142756,0.6908711214504742
2024,2024_9,PIA,NOR,53,0.0029731708138887045,-0.19330188679245158,0.5972446554053608
2018,2018_4,LEC,ERI,15,-0.15639492049469972,0.8800266666666677,0.5729192725261761
2019,2019_12,LEC,VET,25,-0.010853076923076644,-0.03623999999999796,0.826161009888304
2019,2019_19,BOT,HAM,12,0.01532517482517546,0.11058333333333319,0.7396548305714344
2019,2019_4,VET,LEC,9,0.7122666666666669,2.673400000000004,0.5326056558332213
2021,2021_14,NOR,RIC,36,-0.005825026176213294,-0.16950555555555427,0.7644269031348365
2021,2021_16,BOT,HAM,35,0.0003056022408962295,0.5216571428571436,0.6807262051140813
2021,2021_17,NOR,RIC,49,-0.006794432989690472,-0.04517142857142785,0.7009947059011131
2021,2021_17,OCO,ALO,27,0.07066108853041977,-0.13280000000000314,0.5966220256549759
2021,2021_1,ALO,OCO,19,-0.0050911699779251475,-0.18766315789473778,0.6439355533234604
2021,2021_21,BOT,HAM,30,0.3968933572949946,3.441293333333331,0.5567193193771308
2022,2022_15,LEC,SAI,37,0.05531646090535,0.2888756756756761,0.6632077834177675
2022,2022_18,ALO,OCO,13,-0.07098055832502471,-0.921384615384616,0.5375033600593258
2022,2022_18,VER,PER,21,-0.027589065606361828,1.0822380952380968,0.6547932551976287
2022,2022_22,SAI,LEC,26,0.026058104875804962,-0.06717692307692257,0.7500904768557182
2022,2022_8,GAS,TSU,31,0.0025612959395375392,0.21061290322580495,0.7769722637065543
2022,2022_9,ALO,OCO,31,-0.05061595597290655,0.21680645161290288,0.7425610895333916
2023,2023_14,SAI,LEC,46,0.012017327935222599,0.09397826086956476,0.7995101122449068
2023,2023_15,HUL,MAG,35,0.030672571458431257,0.0630571428571443,0.764766504873084
2023,2023_2,OCO,GAS,42,-0.04224322620056355,-0.23878571428571455,0.7857357876997876
2023,2023_4,LEC,SAI,47,0.014979786623608844,0.5142553191489353,0.7950241632444863
2024,2024_17,ALB,COL,8,-0.045854761904760344,-0.600225,0.7936025885990798
2024,2024_20,SAI,LEC,58,0.019702700052794443,0.07147931034482675,0.7783353336675966
2019,2019_19,VER,ALB,9,0.268008333333333,0.9742222222222223,0.606899059420155
2024,2024_17,GAS,OCO,46,-0.08769131467072674,-0.5372521739130428,0.6255746757315271
2024,2024_19,LAW,TSU,12,0.09889580419580464,-0.34578333333333333,0.7263051532487054
2018,2018_6,ALO,VAN,48,0.02036753345664217,0.4596666666666656,0.5370875904671569
2019,2019_14,STR,PER,13,0.0007021978021977605,-0.2873692307692306,0.4315736753580983
2019,2019_17,VER,ALB,12,0.038384615384616086,-1.6558333333333337,0.7557301287333654
2019,2019_9,BOT,HAM,19,-0.03873333333333294,-0.0661052631578925,0.8424638335037808
2020,2020_10,BOT,HAM,10,0.3317303030303029,1.1684499999999987,0.6687861129002212
2020,2020_10,KVY,GAS,12,0.2462538461538453,-0.12801666666666853,0.681367947244134
2020,2020_11,RIC,OCO,14,0.008683516483516422,0.3763571428571422,0.7801079974998358
2020,2020_5,STR,HUL,34,0.01686199875572628,-0.2434411764705887,0.7250539676524967
2018,2018_13,STR,SIR,36,0.017261691542288408,-0.019333333333332488,0.6253620241355239
2018,2018_19,GRO,MAG,52,-0.00535375709320797,-0.019557692307693594,0.5348593951114959
2018,2018_2,ALO,VAN,17,0.21604813596491243,1.419958823529413,0.697076351069502
2018,2018_2,ERI,LEC,16,-0.44470467047223666,-3.2180124999999995,0.6185381516399765
2019,2019_10,GAS,VER,15,0.10448071428571357,-0.24776666666666547,0.7427178940335529
2020,2020_17,RAI,GIO,8,-0.14771428571428405,0.18675000000000175,0.6957891101897544
2020,2020_1,PER,STR,12,0.236458774758176,1.119333333333331,0.6512255005790956
2021,2021_21,VET,STR,26,0.025567586525861153,-1.2438653846153827,0.4130030162680339
2021,2021_9,HAM,BOT,46,0.015613877768881948,-0.14482608695652188,0.7873470069864082
2021,2021_9,RAI,GIO,24,0.044030629991126974,0.7579750000000031,0.7514218223962453
2022,2022_11,SAI,LEC,43,-0.024626785933311156,-0.44933023255814,0.76688011523517
2022,2022_5,GAS,TSU,9,0.05881666666666684,0.8970000000000008,0.6279780203560343
2023,2023_2,PIA,NOR,13,-0.05058791208791252,0.3059769230769208,0.7467737620493342
2024,2024_18,TSU,RIC,8,-0.05849999999999985,0.2797499999999964,0.7455138742201093
2024,2024_20,VER,PER,10,0.09237142857142805,1.3881000000000028,0.60704783172377
2024,2024_22,PER,VER,9,0.33785000000000004,-0.22015555555555327,0.6055859193189409
2024,2024_23,PIA,NOR,35,0.006048744289290942,-0.15268571428571412,0.7592938115823278
2018,2018_19,OCO,PER,30,-0.09098117102981255,0.6097666666666669,0.592213144734827
2018,2018_3,HAM,BOT,21,-0.0016497604357202985,-0.26790000000000075,0.5323615460999969
2018,2018_5,VET,RAI,10,-0.10118181818181822,0.3605000000000004,0.7096036512553208
2018,2018_6,BOT,HAM,10,-0.060224242424242846,-0.2956999999999965,0.8574787682547222
2020,2020_12,KVY,GAS,41,0.0410202017419315,-1.025448780487805,0.5226783950771444
2020,2020_2,RAI,GIO,49,0.014696871789017064,-0.04822448979591836,0.8056311852569906
2020,2020_4,ALB,VER,14,0.02575119804401018,-1.300857142857142,0.7071743460359123
2021,2021_7,PER,VER,16,0.040407352941176373,-0.3386874999999998,0.8305268597231461
2022,2022_10,ALO,OCO,19,-0.4929456140350879,-4.037610526315788,0.4633009631339007
2022,2022_21,PER,VER,50,-0.022226776328270824,-0.9795960000000008,0.54916343395989
2022,2022_5,SAI,LEC,45,-0.005111376497390945,-0.4597333333333334,0.714782396095969
2023,2023_12,GAS,OCO,22,1.0529454731642665,6.236827272727271,0.4383477138432662
2023,2023_16,PIA,NOR,23,0.06013788336933035,-0.5330217391304362,0.6959673681735422
2024,2024_14,HAM,RUS,20,-0.10340569675722981,0.20293000000000064,0.7112537992213446
2024,2024_20,GAS,OCO,21,-0.03171558441558441,0.9546476190476192,0.7085179824089389
2024,2024_7,HAM,RUS,19,0.010736842105263118,-0.04747368421052637,0.8625834143479594
2019,2019_15,KUB,RUS,18,-0.0940506707946337,-3.4584944444444456,0.4852338196649569
2019,2019_1,VER,GAS,23,0.010316600790513776,1.7150086956521746,0.6499972534735341
2020,2020_12,HAM,BOT,60,0.013534582779721924,0.6549999999999999,0.6846528458504941
2020,2020_3,HAM,BOT,28,-0.10048385331143947,0.26085714285714445,0.630657083441229
2021,2021_13,GAS,TSU,22,-0.0579672501411634,1.902499999999997,0.7431168257713586
2021,2021_1,SAI,LEC,21,0.049734361233481225,-0.18980952380952537,0.6125148826252322
2022,2022_12,NOR,RIC,45,-0.0029632801849328676,0.2861333333333347,0.8062795124810762
2022,2022_22,NOR,RIC,12,-0.047962264150943054,0.4208333333333343,0.7927704158750211
2022,2022_2,LAT,ALB,8,0.07945744680851054,-0.0442499999999999,0.6174224085135707
2018,2018_16,SIR,STR,45,-0.08090072874493934,-1.155955555555555,0.5249083020702141
2018,2018_20,MAG,GRO,30,0.5626372636262511,5.923083333333335,0.5126096470919177
2018,2018_9,MAG,GRO,13,-0.00033516483516526615,-0.26238461538461766,0.7373540259183324
2019,2019_11,HAM,BOT,31,0.016934547505307818,0.28245161290322535,0.5680323052440215
2019,2019_13,KUB,RUS,35,0.0749443872436123,-0.503428571428572,0.6353391519489607
2020,2020_1,RAI,GIO,36,0.01681105475304236,0.2363888888888902,0.7468095912413122
2021,2021_3,OCO,ALO,15,0.07440714285714299,2.210833333333333,0.749314143663396
2022,2022_11,RIC,NOR,48,0.018914989717166812,0.5461124999999981,0.6655746535572293
2023,2023_14,VER,PER,44,-0.016117344614383414,0.17874999999999955,0.7129727541659556
2023,2023_20,GAS,OCO,10,0.003757575757575357,0.3559999999999988,0.7260445666816419
2024,2024_16,LEC,SAI,12,-0.023101667563205346,0.2188333333333349,0.8603599838397678
2024,2024_8,BOT,ZHO,12,-0.011881118881121009,0.21866666666666745,0.8301350099304368
2018,2018_11,PER,OCO,33,0.08650179604746969,1.742515151515152,0.5540638841380311
2018,2018_6,HUL,SAI,14,0.0414219780219779,-0.17035714285714526,0.7535080658977026
2019,2019_6,NOR,SAI,23,0.1412135642279667,0.9330956521739114,0.5618069147457192
2019,2019_8,HUL,RIC,14,-0.16640989010988982,-1.5895500000000038,0.7502167768946985
2020,2020_10,RAI,GIO,10,0.1463606060606064,-0.5118499999999997,0.7479950674149717
2021,2021_10,STR,VET,13,0.05682417582417622,-0.029661538461536015,0.8144017230720981
2022,2022_3,GAS,TSU,41,-0.06509716405491622,-0.1439756097560977,0.6084299325956232
2022,2022_8,ALO,OCO,14,-0.2097687776141383,-0.20778571428571574,0.7166154051273192
2024,2024_17,TSU,RIC,10,0.07754848484848402,-0.9743500000000012,0.4488231043739762
2018,2018_1,GRO,MAG,17,0.011727941176471067,0.0329411764705867,0.739022440754167
2019,2019_18,RIC,HUL,14,-0.01900769230769215,0.04616428571428547,0.7267135844244242
2019,2019_21,RUS,KUB,22,-0.0038690005646529356,-0.11845454545454649,0.7298120246953808
2020,2020_3,BOT,HAM,28,0.10048385331143947,-0.26085714285714445,0.630657083441229
2022,2022_11,RUS,HAM,8,-0.015405405405405971,0.039500000000003865,0.7093529956621478
2024,2024_15,SAI,LEC,22,0.022997741389045857,-0.15913636363636255,0.7782722802511374
2018,2018_20,RIC,VER,33,0.018998328877005567,-0.21254545454545484,0.7167574238266958
2020,2020_13,LAT,RUS,8,-0.004095238095238982,-0.11724999999999852,0.7813823565196155
2020,2020_2,PER,STR,28,-0.003884513697474377,0.06325000000000257,0.7546589632056947
2021,2021_10,HAM,BOT,17,-0.03153921568627412,0.28905882352941437,0.8020458769033243
2021,2021_18,LEC,SAI,25,-0.01009153846153855,0.06811999999999899,0.8380149396980184
2022,2022_11,TSU,GAS,9,0.04323918918918867,0.18105555555555478,0.8164622820748288
2024,2024_11,SAR,ALB,9,-0.014533333333332621,0.16977777777777842,0.8256873708001927
2024,2024_18,OCO,GAS,26,-0.01215148019992305,0.15630769230769148,0.7550666826951884
2024,2024_21,TSU,LAW,56,0.0023860731840524042,0.2554107142857145,0.7764411591438882
2024,2024_4,PIA,NOR,18,-0.09019311043566353,-0.5505444444444447,0.6787933085819058
2024,2024_6,PER,VER,40,0.5636440450325891,3.9791750000000006,0.6003707697952542
2018,2018_18,GAS,HAR,8,0.045678571428572144,-0.3861250000000016,0.6413247541461572
2019,2019_11,MAG,GRO,19,-0.2975819209039549,-0.8094210526315777,0.4795669188575156
2019,2019_12,PER,STR,44,-0.07279708351745473,-0.18209090909091039,0.6050451232923703
2019,2019_14,ALB,VER,46,0.08566806700789134,-0.10354782608695585,0.6404361062239681
2019,2019_4,KUB,RUS,23,-0.12873175277959376,-0.6214695652173934,0.539220238417379
2020,2020_10,GAS,KVY,12,-0.2462538461538453,0.12801666666666853,0.681367947244134
2020,2020_10,GRO,MAG,30,-0.020225374159000723,-0.09020666666666889,0.7005731320103915
2020,2020_11,HUL,PER,47,-0.01089477309394769,-1.5490042553191483,0.6296637769718955
2020,2020_12,STR,PER,14,0.07943804347826044,-0.5487142857142869,0.640383739985319
2020,2020_16,MAG,FIT,38,0.2223571681288781,1.968247368421053,0.5513260600113924
2020,2020_16,NOR,SAI,35,0.07864395641811368,0.034679999999999975,0.7009053333087367
2020,2020_3,VET,LEC,14,-0.03049167733674764,-0.40500000000000214,0.6680395286732992
2021,2021_13,MSC,MAZ,8,0.4161490990991007,0.8941125000000021,0.35738288928913164
2021,2021_14,KUB,GIO,44,-0.024047018521744103,-0.588695454545455,0.7551953178341773
2021,2021_17,ALO,OCO,27,-0.11322793548387036,0.13280000000000367,0.5966220256549759
2021,2021_17,VER,PER,45,0.11324818418724744,0.726197777777778,0.7032311667225806
2021,2021_19,VET,STR,13,-0.05101013063183162,0.6951538461538467,0.7225377633180396
2021,2021_1,LEC,SAI,21,-0.03059760765550336,0.18980952380952537,0.6125148826252322
2021,2021_2,MAZ,MSC,36,-0.09086355988783551,-2.3243222222222233,0.32085189521414975
2021,2021_6,LEC,SAI,37,0.050393192322027394,0.5441162162162159,0.6600310789313323
2022,2022_10,GAS,TSU,18,0.1786004464285702,0.6405333333333351,0.5284004757312403
2022,2022_17,GAS,TSU,22,-0.12914983853606044,-0.6577272727272733,0.6321587990728257
2022,2022_18,STR,VET,10,-0.6346909090909094,-2.440000000000002,0.5193245512498887
2022,2022_18,TSU,GAS,18,0.14707671480144416,0.3779444444444443,0.4812349129692042
2022,2022_4,PER,VER,52,-0.0006171363556800222,-0.18580384615384696,0.7049732233261128
2022,2022_6,MSC,MAG,42,0.12621354759887277,0.7610452380952404,0.5037662129211812
2022,2022_8,MAG,MSC,19,0.09515290519877652,0.678947368421053,0.7189135760767845
2023,2023_1,ALB,SAR,36,0.02582378512653314,0.06602777777777764,0.7697316152880023
2023,2023_21,VER,PER,31,-0.05798751145737856,0.6984548387096775,0.6114544168660406
2023,2023_22,OCO,GAS,26,0.0171599999999998,0.020746153846153866,0.7749838259345174
2023,2023_22,PER,VER,49,0.00022654713227993482,-0.25626122448979377,0.779631049953523
2023,2023_2,SAR,ALB,19,-0.21448037094281308,-0.8792631578947363,0.6349955628504018
2023,2023_4,RUS,HAM,42,-0.028719376845535088,-0.6359285714285708,0.7320099787848434
2023,2023_9,SAI,LEC,51,0.05085801869312796,0.3071137254901945,0.7678535590096006
2024,2024_11,HAM,RUS,41,0.10250631100693561,0.016836585365855233,0.786186305492156
2024,2024_14,GAS,OCO,34,0.13047270967741953,0.4593705882352937,0.6348051785795871
2024,2024_14,OCO,GAS,34,-0.1433376741440378,-0.4593705882352937,0.6348051785795872
2024,2024_22,LEC,SAI,34,0.04080626243051634,-0.17907058823529348,0.6520959030415312
2024,2024_5,OCO,GAS,20,0.013280952380952511,0.0013500000000000512,0.7623691382037552
2024,2024_6,ALB,SAR,20,0.019319273564394963,0.08833000000000268,0.7954192067123502
2024,2024_6,MAG,HUL,35,-0.012855990783410175,-0.14012857142856935,0.6807058872524617
2018,2018_20,OCO,PER,52,0.6898260945819814,4.830730769230769,0.5096036648632937
2018,2018_2,PER,OCO,24,-0.17303723404255342,-1.0431333333333341,0.4656719437661159
2018,2018_5,ALO,VAN,14,-0.04593626373626366,-1.4653571428571428,0.7459180306167371
2019,2019_13,HAM,BOT,37,0.061727743768255086,0.40948648648648717,0.7085724949253089
2019,2019_5,KUB,RUS,53,-0.01889469118667581,-0.3536981132075479,0.5520938891069784
2020,2020_12,LEC,VET,25,-0.012703846153845814,1.1152399999999982,0.6726755789779726
2021,2021_16,LAT,RUS,53,-0.0456124440960392,0.1636773584905654,0.5929771562675809
2021,2021_16,VER,PER,54,0.028778946036566052,0.36262962962962875,0.6555852668636469
2021,2021_20,VER,PER,46,0.07756999600798364,1.3111521739130436,0.6060422603217538
2021,2021_22,PER,VER,26,0.07139631246967523,-0.14342307692307799,0.7618636599853169
2022,2022_13,GAS,TSU,24,0.030295298372513248,0.30897916666666586,0.6255627670005778
2022,2022_8,MSC,MAG,19,-0.008148282828282864,-0.678947368421053,0.7189135760767846
2023,2023_12,HAM,RUS,10,-0.7899939393939409,-0.23109999999999645,0.5439869338498922
2023,2023_15,MAG,HUL,35,-0.030672571458431257,-0.0630571428571443,0.7647665048730837
2023,2023_1,STR,ALO,41,0.20127022720897628,0.8768073170731722,0.7075303647949894
2023,2023_22,VER,PER,49,0.0006071917295110127,0.25626122448979377,0.779631049953523
2024,2024_10,SAR,ALB,11,0.017397744360903113,-0.5659545454545413,0.6808327881730325
2024,2024_12,HUL,MAG,44,-0.06223083734573009,0.6716909090909094,0.6130142102695258
2024,2024_15,ALO,STR,67,-0.018605217691634052,-0.057541791044775054,0.707257191089862
2024,2024_21,NOR,PIA,54,0.053729731456665486,0.9753703703703717,0.6959237601213707
2024,2024_4,HAM,RUS,42,-0.07392227341759108,-0.34925714285714365,0.6403983200294757
2024,2024_6,OCO,GAS,10,0.09515151515151492,-0.18859999999999957,0.6972697357069582
2024,2024_7,RUS,HAM,19,-0.010736842105263118,0.04747368421052637,0.8625834143479594
2018,2018_21,MAG,GRO,34,0.06985204491123918,0.7217058823529415,0.6200500992281182
2018,2018_2,SAI,HUL,16,0.016594250513347612,-1.1781749999999995,0.7134019871940285
2019,2019_1,LEC,VET,11,-0.04944993324432576,-0.7422727272727265,0.6852364846980711
2019,2019_9,PER,STR,64,-0.011139363553590962,-0.05463593749999873,0.6973219037499441
2020,2020_10,RIC,OCO,40,0.029441622414612508,1.0087449999999998,0.7286045627460763
2020,2020_17,VET,LEC,14,-1.3599079816854354,-10.782842857142859,0.400222567013741
2020,2020_4,NOR,SAI,36,0.018451502589733628,-0.019972222222222454,0.8348477207020818
2020,2020_8,ALB,VER,20,-0.10940392714854875,-0.013189999999998748,0.6632501363051149
2021,2021_11,OCO,ALO,62,0.03476939061081119,0.5824677419354837,0.7069187059454847
2022,2022_19,MSC,MAG,20,0.007281288723667735,0.20645000000000097,0.6978646440254865
2022,2022_19,RIC,NOR,26,-0.01921851818949058,-0.9105576923076943,0.7236656967940812
2023,2023_13,HAM,RUS,13,0.08026097738876625,-0.5980076923076927,0.3406576223439727
2023,2023_13,LAW,TSU,18,0.07165109780439173,0.0999555555555555,0.413216657770942
2023,2023_16,LAW,TSU,15,-0.1283492227979284,-0.46709333333333236,0.7150234917722268
2023,2023_22,ALB,SAR,45,0.036454581266413794,0.25320888888889087,0.7458420446619158
2023,2023_22,ZHO,BOT,10,0.021881818181816982,0.29264999999999475,0.860292004283411
2023,2023_7,DEV,TSU,29,0.1036229730448189,0.13124137931034327,0.6761286344931164
2023,2023_7,VER,PER,55,0.01697285172272342,0.840472727272728,0.7059966735329558
2024,2024_18,VER,PER,55,0.011884677565028702,1.125167272727272,0.7438840401463471
2024,2024_4,VER,PER,43,-0.09067914236165889,-0.15197441860465133,0.7292347310013413
2018,2018_2,HUL,SAI,16,-0.08199798561151118,1.1781749999999995,0.7134019871940285
2019,2019_13,BOT,HAM,37,-0.05505328672363399,-0.4094864864864868,0.708572494925309
2019,2019_14,GAS,KVY,26,0.04683452991452985,-0.5022692307692296,0.6408635539057623
2019,2019_16,GIO,RAI,26,-0.1317621468926554,-1.2481538461538444,0.5547068015401417
2019,2019_2,GAS,VER,26,-0.5427484236740318,-3.1721923076923066,0.5315726883700361
2019,2019_5,NOR,SAI,39,0.01330283798120649,-0.23324615384615408,0.6972605125515349
2020,2020_17,BOT,HAM,48,-0.012943957380091495,0.10697916666666736,0.7716335137876397
2020,2020_1,LEC,VET,45,-0.017607467720505452,1.2346888888888887,0.6596476991785534
2020,2020_6,BOT,HAM,56,-0.05159061198103743,-0.36926785714285615,0.7163758383849709
2021,2021_18,VET,STR,41,0.02441015237745556,-0.1147926829268294,0.49011824200105036
2021,2021_22,BOT,HAM,12,0.047559440559440745,-1.9543333333333344,0.737399650981815
2022,2022_15,MAG,MSC,55,0.07045485005601726,-0.1413709090909084,0.6454375882258231
2022,2022_1,ALO,OCO,25,-0.19485693007860974,-0.18398399999999526,0.6329596059493212
2022,2022_7,GAS,TSU,38,0.08324844333889912,0.6996210526315786,0.47730300333913545
2022,2022_9,SAI,LEC,15,0.059039646133682934,1.9378000000000015,0.6125682737652369
2023,2023_20,RUS,HAM,47,-0.10571097082242864,-0.09449574468085253,0.6787839640200186
2023,2023_21,SAI,LEC,35,-0.142180215827338,-2.7983971428571426,0.5239866552807547
2024,2024_12,RUS,HAM,28,-0.002200026098871137,-0.12403571428571425,0.7677772542530266
2024,2024_5,HAM,RUS,40,0.08539056285178234,0.22573749999999962,0.7031754420164515
2018,2018_10,STR,SIR,19,0.226040350877193,0.9090526315789454,0.6060458840957829
2018,2018_17,GAS,HAR,42,-0.08832740838270785,0.42333333333333406,0.5765592634356103
2018,2018_21,LEC,ERI,18,-0.08065378996916059,-0.15199999999999786,0.5693899781979456
2018,2018_3,VAN,ALO,20,-0.0008763738501748069,-0.8381450000000029,0.5459383750207936
2020,2020_11,GIO,RAI,26,-0.23475870290891768,-0.8046923076923065,0.668069641974336
2020,2020_14,SAI,NOR,46,-0.04688474627772728,0.7695869565217381,0.4925669043007449
2020,2020_15,ALB,VER,32,0.07862004584288398,-0.4259999999999997,0.7256525440408752
2020,2020_5,RUS,LAT,29,0.020826776326946468,0.08365517241379415,0.6377266055718578
2021,2021_15,BOT,HAM,43,-0.49249846971361383,-3.1727581395348827,0.4141820345609373
2021,2021_17,MSC,MAZ,15,0.3192681652490888,1.4621399999999984,0.440416388372161
2021,2021_3,GAS,TSU,16,0.0931088506088507,2.3469375,0.5174560782099443
2021,2021_5,PER,VER,74,-0.0038543574759792,-0.6558297297297297,0.6842696265435262
2021,2021_7,ALO,OCO,16,-0.0030102941176466157,0.26801249999999666,0.5929338320746063
2022,2022_10,SAI,LEC,16,-0.015255882352940897,-0.05987500000000079,0.693767318540943
2022,2022_10,VET,STR,12,0.10309431380932066,-0.1172000000000016,0.5455906451407374
2022,2022_12,ALO,OCO,47,0.00963799654770448,0.3799148936170206,0.7586235576016012
2022,2022_1,MSC,MAG,36,0.007924510659518928,-0.7959000000000012,0.6244591879535126
2023,2023_17,PIA,NOR,38,0.07336330406888456,0.3745894736842111,0.6861722499544248
2023,2023_6,HAM,RUS,52,-0.27289824651159955,-2.5219923076923076,0.5864883116319022
2023,2023_7,LEC,SAI,60,0.8557690236061867,10.864803333333331,0.5752660346429417
2024,2024_15,NOR,PIA,26,0.020026666666666568,0.4164615384615375,0.8139610936645246
2024,2024_24,NOR,PIA,19,0.773783399523432,6.433989473684213,0.5166190749781416
2024,2024_5,SAR,ALB,37,-0.08258909202132293,-1.0543351351351364,0.6699948778209428
2018,2018_10,ALO,VAN,20,0.023716867469879954,0.5524999999999991,0.6371127699887873
2018,2018_16,VER,RIC,36,-0.014398712998713063,0.76811111111111,0.6702773586595723
2018,2018_17,HUL,SAI,27,0.10663205190023263,0.24598518518518192,0.6467238293146146
2018,2018_1,VER,RIC,43,0.3535181632027861,1.8533488372093017,0.5949465280388501
2019,2019_11,ALB,KVY,40,0.03946189992379973,0.980575,0.527077791600816
2019,2019_11,HUL,RIC,9,-0.40543333333333337,3.104666666666666,0.5590456534339907
2019,2019_11,RAI,GIO,40,-0.027158422733600626,0.29877500000000123,0.482603461000277
2019,2019_3,STR,PER,39,0.01966261113710822,-0.4066923076923085,0.7596453431993244
2019,2019_7,PER,STR,9,0.03561666666666478,0.7929333333333344,0.7512332215570411
2019,2019_8,PER,STR,16,0.10030294117647044,0.836174999999999,0.7857102619888856
2020,2020_13,OCO,RIC,23,0.05395536298234149,-0.6679130434782619,0.6891787443310239
2020,2020_6,LEC,VET,34,0.12974791217474735,-2.0239411764705886,0.6405917724542836
2020,2020_6,SAI,NOR,56,0.01349685270036767,0.34080714285714137,0.6379302381035824
2021,2021_10,LAT,RUS,45,-0.06168381268195867,-0.07544444444444277,0.6886267067929898
2021,2021_20,BOT,HAM,16,0.05233676470588244,-2.1268125000000007,0.5063927184949121
2021,2021_22,RIC,NOR,40,-0.04524449541284416,-0.5650750000000009,0.8049855425046231
2023,2023_21,ZHO,BOT,38,-0.19789970383414696,0.42592105263157864,0.5483957454960963
2023,2023_7,ZHO,BOT,27,0.1557316352897747,3.2130740740740746,0.48500478837242444
2023,2023_9,VER,PER,50,0.11031124710072923,1.1385900000000024,0.6131124029304391
2024,2024_11,BOT,ZHO,17,0.07962598039215647,0.5764117647058827,0.7322528337481858
2024,2024_1,SAI,LEC,47,-0.07838093435133556,-0.07450000000000045,0.7231826495638599
2024,2024_4,STR,ALO,32,-0.642867754237288,-2.822728125000001,0.5253522351234472
2018,2018_3,OCO,PER,22,0.25958788851725,3.391659090909091,0.5111139312377472
2018,2018_3,RAI,VET,21,0.01670243753966526,1.6569000000000014,0.45099399103182336
2018,2018_4,VET,RAI,24,-0.12499086956521742,2.147708333333331,0.5598010364152125
2019,2019_14,HUL,RIC,48,0.0015993960084032925,0.07314583333333236,0.7222851977329708
2019,2019_16,ALB,VER,44,-0.1930284823363879,-2.224318181818182,0.5088944209700276
2019,2019_18,GIO,RAI,11,0.01767272727272678,-0.20645454545454553,0.669917697714832
2019,2019_19,HAM,BOT,12,-0.01532517482517546,-0.11058333333333319,0.7396548305714344
2019,2019_6,KUB,RUS,8,-0.08421428571428502,0.16324999999999967,0.7559331617944408
2019,2019_8,BOT,HAM,47,-0.011813980465082677,-0.02890851063829785,0.7374205049805291
2019,2019_9,RIC,HUL,24,0.00023695652173910686,-0.19295833333333276,0.7442776647873912
2020,2020_10,MAG,GRO,30,0.028770461156946255,0.09020666666666889,0.7005731320103912
2020,2020_11,HAM,BOT,9,0.044800000000000034,0.03188888888889115,0.8312093901538005
2021,2021_10,NOR,RIC,43,-0.05926436160005573,0.16125581395348965,0.7329031428870675
2021,2021_13,VET,STR,8,0.03127380952380828,-0.2951249999999952,0.7939459716115898
2021,2021_16,MAZ,MSC,33,-0.027386697860962553,0.08724242424242439,0.5733590720600705
2021,2021_4,RAI,GIO,31,-0.05265882498352024,-0.6764290322580646,0.5463899391800797
2022,2022_3,STR,VET,17,-0.06901227544910207,-0.23223529411764582,0.5830293753355262
2023,2023_7,PER,VER,55,-0.01555784631112622,-0.8404727272727283,0.7059966735329555
2023,2023_9,ZHO,BOT,32,0.09372031579081726,1.2988468749999997,0.49046523126251834
2024,2024_14,PER,VER,16,0.057634523809523525,0.03218749999999737,0.7807216473972732
2024,2024_18,GAS,OCO,26,0.01215148019992305,-0.15630769230769148,0.7550666826951884
2024,2024_18,HUL,MAG,44,-0.08455702692258145,0.2735999999999983,0.6198896626025794
2024,2024_19,NOR,PIA,43,-0.009668002963920008,0.19596744186046464,0.7618840849646645
2024,2024_19,OCO,GAS,12,-0.01746446280991739,-0.6660000000000016,0.7012530253733013
2024,2024_1,GAS,OCO,34,-0.06914903155828708,-0.018182352941177354,0.7456494551643333
2024,2024_22,SAI,LEC,34,-0.008501182364729097,0.17907058823529348,0.6520959030415314
2024,2024_3,MAG,HUL,25,-0.026728185328185064,0.12056000000000268,0.6542534107550791
2024,2024_7,ALO,STR,22,-0.11606439637751687,-0.4257090909090916,0.5468923921234826
2018,2018_2,GAS,HAR,8,0.05556722689075614,0.845125000000003,0.7016500796705385
2020,2020_8,NOR,SAI,43,0.027361725301204926,-0.20237209302325412,0.8321714258158179
2021,2021_20,LEC,SAI,51,-0.048217407152682176,-0.2028823529411769,0.6365502310380676
2021,2021_21,TSU,GAS,13,-0.7463170784103105,1.7217615384615368,0.44189675543384355
2021,2021_4,RIC,NOR,37,-0.047840983606557294,0.4556162162162165,0.7212521132205347
2022,2022_19,GAS,TSU,38,0.0038979045264579825,0.15978947368420948,0.668902388745966
2022,2022_22,PER,VER,12,-0.03320979020978949,-0.30783333333333474,0.8086021434446437
2023,2023_11,MAG,HUL,47,-0.011371784203751343,-0.46277234042553306,0.6169819468863041
2023,2023_19,RUS,HAM,60,-0.0016536643494219887,-0.35885833333333345,0.7615547197380744
2023,2023_5,GAS,OCO,12,-0.06425892597967911,0.09179999999999922,0.6343859915436671
2024,2024_22,BOT,ZHO,20,-0.04119129914188827,-0.4406399999999998,0.5479853337916014
2024,2024_24,ALO,STR,20,-0.05070684039087999,0.11944999999999979,0.7563090190790513
2024,2024_24,PIA,NOR,19,-0.773783399523432,-6.433989473684213,0.5166190749781416
2018,2018_15,RIC,VER,12,-0.04552797202797234,-0.7109166666666683,0.7382977879053296
2018,2018_17,VET,RAI,11,-0.0023772925764188185,-2.2123636363636376,0.3886108826719248
2018,2018_4,VER,RIC,31,-0.020874193548387075,-0.03587096774193577,0.6340306854009232
2021,2021_15,HAM,BOT,43,0.4728339470048976,3.1727581395348827,0.41418203456093733
2021,2021_15,RUS,LAT,42,-0.07866198190698542,0.29664285714285554,0.6197433899426539
2022,2022_13,TSU,GAS,24,-0.03812151162790666,-0.30897916666666586,0.625562767000578
2023,2023_1,TSU,DEV,31,0.043497019325254224,0.21997741935483867,0.7574343827291898
2024,2024_16,COL,ALB,46,0.032945410204659846,0.08812391304347747,0.717715301974077
2024,2024_17,NOR,PIA,13,0.1054428571428567,-1.5201384615384632,0.7190505397654908
2024,2024_21,BOT,ZHO,56,-0.013782806784286025,0.3052857142857149,0.6451201553085687
2024,2024_7,VER,PER,18,-0.05026966292134856,1.455677777777778,0.7423156422630204
2020,2020_13,RAI,GIO,8,-0.005630952380949998,-0.22787499999999916,0.7737488927897661
2024,2024_10,PER,VER,11,0.16335454545454503,-1.0634545454545437,0.7152266910232845
2019,2019_21,GRO,MAG,49,0.09481737567354223,0.3512448979591848,0.5570269436566282
2020,2020_12,PER,STR,14,-0.07943804347826043,0.5487142857142869,0.640383739985319
2020,2020_12,RIC,OCO,11,-0.09513636363636405,0.4458272727272714,0.5974823966058874
2018,2018_17,SIR,STR,20,0.04923306581059291,-0.4476699999999987,0.5402481682447318
2018,2018_19,HAR,GAS,55,-0.0029875065761583177,-0.25160000000000066,0.5847100786781669
2018,2018_19,SAI,HUL,23,0.05168932285062134,0.09995652173913072,0.661722459903384
2019,2019_13,STR,PER,22,-0.06963223140495799,-1.8814090909090917,0.49710877569412043
2021,2021_19,LEC,SAI,56,-0.0167960975176779,-0.04868214285714423,0.7842917629729039
2022,2022_12,VET,STR,46,-0.027792461890886955,-0.3121521739130415,0.7951562458276971
2018,2018_15,HUL,SAI,10,0.0974666666666674,0.025600000000007127,0.757613534680631
2018,2018_1,RAI,VET,12,0.04418531468531518,0.245250000000001,0.7545300555714701
2018,2018_7,SAI,HUL,62,-0.006757117434930096,-0.15329032258064454,0.6709779094064582
2019,2019_17,GIO,RAI,29,-0.15525419710367827,-0.4770344827586213,0.6239703112457736
2019,2019_17,KVY,GAS,16,0.08807794117647051,-1.4267125000000034,0.7351917733714675
2019,2019_19,NOR,SAI,36,-0.03534989871708304,0.04187777777777768,0.6912872910411357
2019,2019_3,RUS,KUB,19,-0.06606666666666665,0.37063157894737,0.584037134455188
2020,2020_10,GIO,RAI,10,-0.1463606060606064,0.5118499999999997,0.7479950674149717
2021,2021_10,LEC,SAI,42,-0.049963824660049165,0.5825952380952386,0.7809603383501537
2021,2021_20,STR,VET,45,0.10839225991567093,0.04184888888888767,0.5052155863850947
2022,2022_16,RUS,HAM,19,-0.10364182067077347,1.1907947368421055,0.6755651835787506
2022,2022_17,ALO,OCO,16,-0.05713115124153474,1.703562500000002,0.6405121635279557
2022,2022_2,HUL,STR,11,0.08608181818181737,-0.6911272727272717,0.7337909668064896
2023,2023_8,BOT,ZHO,35,-0.14038274393264014,-0.7324685714285697,0.7062176824227371
2023,2023_8,STR,ALO,17,-0.04125871513944209,-1.4085294117647056,0.7875265499027223
2024,2024_9,RIC,TSU,40,0.017381965597563314,0.5701250000000009,0.5151170650099357
2018,2018_15,STR,SIR,35,0.20032773109243687,2.4668571428571426,0.6481214557662529
2018,2018_18,RAI,VET,16,-0.20953697183098582,0.21968750000000004,0.6162168257845057
2018,2018_20,LEC,ERI,16,0.10269411764705834,1.6068750000000014,0.5540621665117302
2018,2018_5,RAI,VET,10,0.10118181818181822,-0.3605000000000004,0.7096036512553208
2018,2018_8,VET,RAI,28,0.15395823754789245,2.1558500000000014,0.6662326422021725
2019,2019_15,BOT,HAM,20,-0.007133834586466291,-0.17790000000000106,0.6573937502123772
2019,2019_3,VET,LEC,15,0.020564285714285393,0.15120000000000006,0.7903981379138305
2019,2019_8,KUB,RUS,28,-0.04296261022927703,-0.3274928571428565,0.6660142878462568
2019,2019_9,HUL,RIC,24,-0.00023695652173910686,0.19295833333333276,0.7442776647873912
2020,2020_12,LAT,RUS,20,0.009708637326429435,-0.44919999999999904,0.6159991482716205
2021,2021_21,SAI,LEC,32,0.49535288791460136,5.1609687499999986,0.4820267978788275
2021,2021_3,ALO,OCO,15,-0.07440714285714299,-2.210833333333333,0.749314143663396
2022,2022_16,SAI,LEC,21,0.1519371002132201,-0.48739047619047443,0.7285969144009102
2024,2024_7,TSU,RIC,57,-0.02110543958084082,-0.18530526315789492,0.6514571636721586
2018,2018_11,ERI,LEC,10,1.0926060606060601,13.1142,0.4760632821297787
2018,2018_6,GRO,MAG,62,0.0028920525630074436,-0.031241935483872076,0.6905416069772287
2018,2018_6,VER,RIC,14,-0.16707912087912136,-2.8083571428571443,0.5934896770360456
2018,2018_7,VAN,ALO,13,0.060521978021977944,-1.4083076923076918,0.6350328175738921
2018,2018_9,STR,SIR,12,0.12060139860139837,0.2773333333333312,0.6801503314283507
2019,2019_15,RUS,KUB,18,0.0940506707946337,3.4584944444444456,0.4852338196649569
2019,2019_8,ALB,KVY,23,0.24457984189723314,1.7479173913043473,0.642259799267162
2020,2020_10,LAT,RUS,38,-0.8503290102002262,-6.759031578947366,0.45133165881965837
2020,2020_13,RUS,LAT,8,0.004095238095238982,0.11724999999999852,0.7813823565196155
2021,2021_4,SAI,LEC,17,-0.02713215859030844,-1.049117647058824,0.7656638800128768
2022,2022_20,VET,STR,43,-0.09393939344960835,-0.4949651162790692,0.5281546482855043
2022,2022_5,LAT,ALB,14,-0.09086373626373723,-1.3711857142857156,0.6637838217629531
2022,2022_8,RIC,NOR,16,0.1885550077841208,0.8130625,0.6665806220161309
2023,2023_16,RUS,HAM,10,0.03298701298701328,-0.07899999999999778,0.6892760081947114
2024,2024_15,MAG,HUL,11,-0.0005285714285722282,-0.2695090909090926,0.6800983640914194
2024,2024_24,RUS,HAM,22,0.5347691699604742,5.1027,0.6056744743050906
2018,2018_18,HAR,GAS,8,-0.045678571428572144,0.3861250000000016,0.6413247541461572
2018,2018_6,RIC,VER,14,0.16707912087912136,2.8083571428571443,0.5934896770360456
2019,2019_14,SAI,NOR,19,-0.14238089887640418,0.7271894736842109,0.6575043157935451
2021,2021_8,LAT,RUS,30,0.010382190216913886,-0.2890000000000015,0.5599265292760427
2022,2022_20,PER,VER,64,0.04885304035826063,0.3961406249999999,0.7660973041713423
2023,2023_21,ALB,SAR,37,-0.02830179609790248,-0.016659459459460194,0.6517863689916081
2018,2018_11,LEC,ERI,10,-1.0926060606060604,-13.1142,0.47606328212977866
2018,2018_5,BOT,HAM,12,0.08784265734265706,-0.55758333333333,0.7402838443034542
2018,2018_6,MAG,GRO,62,-0.0023042038082418718,0.031241935483872076,0.6905416069772287
2019,2019_12,MAG,GRO,17,0.09884950980392175,-0.1339176470588228,0.7357259694238171
2019,2019_16,RUS,KUB,23,0.0025948616600785877,1.4953043478260881,0.6563406544969459
2021,2021_20,MSC,MAZ,20,0.3713503759398491,2.9900000000000007,0.6506909692834494
2021,2021_22,VER,PER,26,-0.07139631246967522,0.14342307692307799,0.7618636599853169
2021,2021_3,RUS,LAT,51,-0.09186189258312032,-0.8187058823529437,0.5896613578121157
2021,2021_5,RUS,LAT,29,-0.005254187192118386,-0.005689655172413518,0.8111186415846269
2023,2023_14,RUS,HAM,16,0.02676112531969286,0.8623500000000011,0.7689458759961114
2018,2018_6,GAS,HAR,11,0.023109090909091697,0.5871818181818171,0.6617859062849513
2018,2018_7,ALO,VAN,13,-0.060521978021977944,1.4083076923076918,0.6350328175738921
2018,2018_7,ERI,LEC,14,0.08222857142857125,-1.1870000000000007,0.6716444794378816
2019,2019_3,KUB,RUS,19,0.06606666666666665,-0.37063157894737,0.584037134455188
2021,2021_8,ALO,OCO,25,-0.007791538461538651,0.6175599999999974,0.752785107298167
2023,2023_22,LEC,SAI,13,0.05175185396463211,1.164961538461539,0.8103712678966286
2023,2023_5,STR,ALO,21,0.005436905478627835,-0.7429333333333356,0.7142738065739958
2023,2023_7,STR,ALO,12,-0.0631888111888117,0.2580000000000003,0.6895481380415357
2024,2024_11,ZHO,BOT,17,-0.07962598039215647,-0.5764117647058827,0.7322528337481858
