circuit_key,compound_code,season,compound_grip_peak,compound_wear_gradient,compound_optimal_temp_low,compound_optimal_temp_high,compound_cliff_onset_laps,compound_cliff_severity,fit_date,data_window,fit_method,git_sha,fit_timestamp,fit_source,onset_source,gradient_source,severity_source,n_stints,notes
70th_anniversary_grand_prix,HARD,2020,0.97,0.1212,76,108,19.2,0.91,2026-09-28,2018_to_2024,km_survival_v1,fcf4949,2026-09-28T14:48:59Z,cross_season_fallback,cross_season_fallback,cross_season_fallback,cross_season_fallback,18,insufficient season stints (0); used 18 cross-season stints
70th_anniversary_grand_prix,MEDIUM,2020,1.0,0.0625,78,105,26.0,0.72,2026-09-28,2018_to_2024,km_survival_v1,fcf4949,2026-09-28T14:48:59Z,cross_season_fallback,cross_season_fallback,cross_season_fallback,cross_season_fallback,37,insufficient season stints (0); used 37 cross-season stints
70th_anniversary_grand_prix,SOFT,2020,1.03,0.0441,82,108,22.0,0.83,2026-09-28,2018_to_2024,km_survival_v1,fcf4949,2026-09-28T14:48:59Z,cross_season_fallback,cross_season_fallback,cross_season_fallback,cross_season_fallback,36,insufficient season stints (0); used 36 cross-season stints
abu_dhabi_grand_prix,HARD,2019,0.97,0.022,76,108,50.0,1.2,2026-09-28,2018_to_2024,km_survival_v1,fcf4949,2026-09-28T14:48:59Z,compound_class_default,class_default,class_default,class_default,0,insufficient data (0 stints); used class defaults
abu_dhabi_grand_prix,HARD,2020,0.97,0.0887,76,108,21.0,1.03,2026-09-28,2018_to_2024,km_survival_v1,fcf4949,2026-09-28T14:48:59Z,cox_km_survival,fitted,fitted,fitted,19,fitted from 19 stints via cox_km_survival
abu_dhabi_grand_prix,HARD,2021,0.97,0.0751,76,108,22.0,0.94,2026-09-28,2018_to_2024,km_survival_v1,fcf4949,2026-09-28T14:48:59Z,cox_km_survival,fitted,fitted,fitted,39,fitted from 39 stints via cox_km_survival
abu_dhabi_grand_prix,HARD,2022,0.97,0.0598,76,108,25.0,0.95,2026-09-28,2018_to_2024,km_survival_v1,fcf4949,2026-09-28T14:48:59Z,cox_km_survival,fitted,fitted,fitted,58,fitted from 58 stints via cox_km_survival
abu_dhabi_grand_prix,HARD,2023,0.97,0.0486,76,108,25.0,0.81,2026-09-28,2018_to_2024,km_survival_v1,fcf4949,2026-09-28T14:48:59Z,cox_km_survival,fitted,fitted,fitted,81,fitted from 81 stints via cox_km_survival
abu_dhabi_grand_prix,HARD,2024,0.97,0.0571,76,108,22.0,0.8,2026-09-28,2018_to_2024,km_survival_v1,fcf4949,2026-09-28T14:48:59Z,cox_km_survival,fitted,fitted,fitted,117,fitted from 117 stints via cox_km_survival
abu_dhabi_grand_prix,HYPERSOFT,2018,1.09,0.115,82,108,10.0,1.5,2026-09-28,2018_to_2024,km_survival_v1,fcf4949,2026-09-28T14:48:59Z,compound_class_default,class_default,class_default,class_default,0,insufficient data (0 stints); used class defaults
abu_dhabi_grand_prix,MEDIUM,2019,1.0,0.04,78,105,33.0,1.4,2026-09-28,2018_to_2024,km_survival_v1,fcf4949,2026-09-28T14:48:59Z,compound_class_default,class_default,class_default,class_default,0,insufficient data (0 stints); used class defaults
abu_dhabi_grand_prix,MEDIUM,2020,1.0,0.1589,78,105,24.0,0.96,2026-09-28,2018_to_2024,km_survival_v1,fcf4949,2026-09-28T14:48:59Z,cox_km_survival,fitted,fitted,fitted,17,fitted from 17 stints via cox_km_survival
abu_dhabi_grand_prix,MEDIUM,2021,1.0,0.2128,78,105,16.0,0.96,2026-09-28,2018_to_2024,km_survival_v1,fcf4949,2026-09-28T14:48:59Z,cox_km_survival,fitted,fitted,fitted,34,fitted from 34 stints via cox_km_survival
abu_dhabi_grand_prix,MEDIUM,2022,1.0,0.233,78,105,24.0,0.95,2026-09-28,2018_to_2024,km_survival_v1,fcf4949,2026-09-28T14:48:59Z,cox_km_survival,fitted,fitted,fitted,47,fitted from 47 stints via cox_km_survival
abu_dhabi_grand_prix,MEDIUM,2023,1.0,0.1644,78,105,16.0,1.1,2026-09-28,2018_to_2024,km_survival_v1,fcf4949,2026-09-28T14:48:59Z,cox_km_survival,fitted,fitted,fitted,72,fitted from 72 stints via cox_km_survival
abu_dhabi_grand_prix,MEDIUM,2024,1.0,0.1516,78,105,15.0,0.97,2026-09-28,2018_to_2024,km_survival_v1,fcf4949,2026-09-28T14:48:59Z,cox_km_survival,fitted,fitted,fitted,92,fitted from 92 stints via cox_km_survival
abu_dhabi_grand_prix,SOFT,2019,1.03,0.07,82,108,22.0,1.5,2026-09-28,2018_to_2024,km_survival_v1,fcf4949,2026-09-28T14:48:59Z,compound_class_default,class_default,class_default,class_default,0,insufficient data (0 stints); used class defaults
abu_dhabi_grand_prix,SOFT,2020,1.03,0.1823,82,108,22.0,1.5,2026-09-28,2018_to_2024,km_survival_v1,fcf4949,2026-09-28T14:48:59Z,cox_km_survival,class_default,fitted,fitted,9,9 stints via cox_km_survival; no usable estimate for onset: class default used
abu_dhabi_grand_prix,SOFT,2021,1.03,0.1246,82,108,16.0,1.4,2026-09-28,2018_to_2024,km_survival_v1,fcf4949,2026-09-28T14:48:59Z,cox_km_survival,fitted,fitted,fitted,15,fitted from 15 stints via cox_km_survival
abu_dhabi_grand_prix,SOFT,2022,1.03,0.1246,82,108,16.0,1.18,2026-09-28,2018_to_2024,km_survival_v1,fcf4949,2026-09-28T14:48:59Z,cox_km_survival,fitted,fitted,fitted,23,fitted from 23 stints via cox_km_survival
abu_dhabi_grand_prix,SOFT,2024,1.03,0.1024,82,108,16.0,1.19,2026-09-28,2018_to_2024,km_survival_v1,fcf4949,2026-09-28T14:48:59Z,cox_km_survival,fitted,fitted,fitted,26,fitted from 26 stints via cox_km_survival
abu_dhabi_grand_prix,SUPERSOFT,2018,1.05,0.085,82,108,18.0,1.5,2026-09-28,2018_to_2024,km_survival_v1,fcf4949,2026-09-28T14:48:59Z,compound_class_default,class_default,class_default,class_default,0,insufficient data (0 stints); used class defaults
abu_dhabi_grand_prix,ULTRASOFT,2018,1.07,0.1,82,108,14.0,1.5,2026-09-28,2018_to_2024,km_survival_v1,fcf4949,2026-09-28T14:48:59Z,compound_class_default,class_default,class_default,class_default,0,insufficient data (0 stints); used class defaults
australian_grand_prix,HARD,2019,0.97,0.022,76,108,50.0,1.2,2026-09-28,2018_to_2024,km_survival_v1,fcf4949,2026-09-28T14:48:59Z,compound_class_default,class_default,class_default,class_default,0,insufficient data (0 stints); used class defaults
australian_grand_prix,HARD,2022,0.97,0.0648,76,108,50.0,1.35,2026-09-28,2018_to_2024,km_survival_v1,fcf4949,2026-09-28T14:48:59Z,cox_km_survival,class_default,fitted,fitted,8,8 stints via cox_km_survival; no usable estimate for onset: class default used
australian_grand_prix,HARD,2023,0.97,0.0569,76,108,20.0,1.03,2026-09-28,2018_to_2024,km_survival_v1,fcf4949,2026-09-28T14:48:59Z,cox_km_survival,fitted,fitted,fitted,29,fitted from 29 stints via cox_km_survival
australian_grand_prix,HARD,2024,0.97,0.0298,76,108,24.0,0.93,2026-09-28,2018_to_2024,km_survival_v1,fcf4949,2026-09-28T14:48:59Z,cox_km_survival,fitted,fitted,fitted,52,fitted from 52 stints via cox_km_survival
australian_grand_prix,MEDIUM,2019,1.0,0.04,78,105,33.0,1.4,2026-09-28,2018_to_2024,km_survival_v1,fcf4949,2026-09-28T14:48:59Z,compound_class_default,class_default,class_default,class_default,0,insufficient data (0 stints); used class defaults
australian_grand_prix,MEDIUM,2022,1.0,0.0518,78,105,22.0,1.0,2026-09-28,2018_to_2024,km_survival_v1,fcf4949,2026-09-28T14:48:59Z,cox_km_survival,fitted,fitted,fitted,14,fitted from 14 stints via cox_km_survival
australian_grand_prix,MEDIUM,2023,1.0,0.0896,78,105,16.0,0.96,2026-09-28,2018_to_2024,km_survival_v1,fcf4949,2026-09-28T14:48:59Z,cox_km_survival,fitted,fitted,fitted,31,fitted from 31 stints via cox_km_survival
australian_grand_prix,MEDIUM,2024,1.0,0.0698,78,105,22.0,0.96,2026-09-28,2018_to_2024,km_survival_v1,fcf4949,2026-09-28T14:48:59Z,cox_km_survival,fitted,fitted,fitted,45,fitted from 45 stints via cox_km_survival
australian_grand_prix,SOFT,2018,1.03,0.07,82,108,22.0,1.5,2026-09-28,2018_to_2024,km_survival_v1,fcf4949,2026-09-28T14:48:59Z,compound_class_default,class_default,class_default,class_default,0,insufficient data (0 stints); used class defaults
australian_grand_prix,SOFT,2019,1.03,0.07,82,108,22.0,0.98,2026-09-28,2018_to_2024,km_survival_v1,fcf4949,2026-09-28T14:48:59Z,cox_km_survival,class_default,class_default,fitted,12,"12 stints via cox_km_survival; no usable estimate for onset, gradient: class default used"
australian_grand_prix,SOFT,2023,1.03,0.0852,82,108,20.0,0.68,2026-09-28,2018_to_2024,km_survival_v1,fcf4949,2026-09-28T14:48:59Z,cox_km_survival,fitted,fitted,fitted,30,fitted from 30 stints via cox_km_survival
australian_grand_prix,SOFT,2024,1.03,0.0852,82,108,20.0,0.68,2026-09-28,2018_to_2024,km_survival_v1,fcf4949,2026-09-28T14:48:59Z,cox_km_survival,fitted,fitted,fitted,32,fitted from 32 stints via cox_km_survival
australian_grand_prix,SUPERSOFT,2018,1.05,0.085,82,108,18.0,1.5,2026-09-28,2018_to_2024,km_survival_v1,fcf4949,2026-09-28T14:48:59Z,compound_class_default,class_default,class_default,class_default,0,insufficient data (0 stints); used class defaults
australian_grand_prix,ULTRASOFT,2018,1.07,0.1,82,108,14.0,1.5,2026-09-28,2018_to_2024,km_survival_v1,fcf4949,2026-09-28T14:48:59Z,compound_class_default,class_default,class_default,class_default,0,insufficient data (0 stints); used class defaults
austrian_grand_prix,HARD,2019,0.97,0.022,76,108,50.0,1.2,2026-09-28,2018_to_2024,km_survival_v1,fcf4949,2026-09-28T14:48:59Z,compound_class_default,class_default,class_default,class_default,0,insufficient data (0 stints); used class defaults
austrian_grand_prix,HARD,2020,0.97,0.0258,76,108,45.0,1.21,2026-09-28,2018_to_2024,km_survival_v1,fcf4949,2026-09-28T14:48:59Z,cox_km_survival,fitted,fitted,fitted,18,fitted from 18 stints via cox_km_survival
austrian_grand_prix,HARD,2021,0.97,0.026,76,108,46.0,1.21,2026-09-28,2018_to_2024,km_survival_v1,fcf4949,2026-09-28T14:48:59Z,cox_km_survival,fitted,fitted,fitted,35,fitted from 35 stints via cox_km_survival
austrian_grand_prix,HARD,2023,0.97,0.0367,76,108,45.0,0.98,2026-09-28,2018_to_2024,km_survival_v1,fcf4949,2026-09-28T14:48:59Z,cox_km_survival,fitted,fitted,fitted,62,fitted from 62 stints via cox_km_survival
austrian_grand_prix,HARD,2024,0.97,0.0479,76,108,45.0,1.0,2026-09-28,2018_to_2024,km_survival_v1,fcf4949,2026-09-28T14:48:59Z,cox_km_survival,fitted,fitted,fitted,91,fitted from 91 stints via cox_km_survival
austrian_grand_prix,MEDIUM,2019,1.0,0.04,78,105,33.0,1.4,2026-09-28,2018_to_2024,km_survival_v1,fcf4949,2026-09-28T14:48:59Z,compound_class_default,class_default,class_default,class_default,0,insufficient data (0 stints); used class defaults
austrian_grand_prix,MEDIUM,2020,1.0,0.04,78,105,31.0,0.28,2026-09-28,2018_to_2024,km_survival_v1,fcf4949,2026-09-28T14:48:59Z,cox_km_survival,fitted,class_default,fitted,14,14 stints via cox_km_survival; no usable estimate for gradient: class default used
austrian_grand_prix,MEDIUM,2021,1.0,0.04,78,105,42.0,0.4,2026-09-28,2018_to_2024,km_survival_v1,fcf4949,2026-09-28T14:48:59Z,cox_km_survival,fitted,class_default,fitted,28,28 stints via cox_km_survival; no usable estimate for gradient: class default used
austrian_grand_prix,MEDIUM,2023,1.0,0.1187,78,105,42.0,0.56,2026-09-28,2018_to_2024,km_survival_v1,fcf4949,2026-09-28T14:48:59Z,cox_km_survival,fitted,fitted,fitted,42,fitted from 42 stints via cox_km_survival
austrian_grand_prix,MEDIUM,2024,1.0,0.0845,78,105,42.0,0.65,2026-09-28,2018_to_2024,km_survival_v1,fcf4949,2026-09-28T14:48:59Z,cox_km_survival,fitted,fitted,fitted,72,fitted from 72 stints via cox_km_survival
austrian_grand_prix,SOFT,2018,1.03,0.07,82,108,22.0,1.5,2026-09-28,2018_to_2024,km_survival_v1,fcf4949,2026-09-28T14:48:59Z,compound_class_default,class_default,class_default,class_default,0,insufficient data (0 stints); used class defaults
austrian_grand_prix,SOFT,2019,1.03,0.0407,82,108,26.0,0.62,2026-09-28,2018_to_2024,km_survival_v1,fcf4949,2026-09-28T14:48:59Z,cox_km_survival,fitted,fitted,fitted,18,fitted from 18 stints via cox_km_survival
austrian_grand_prix,SOFT,2020,1.03,0.0319,82,108,33.0,0.63,2026-09-28,2018_to_2024,km_survival_v1,fcf4949,2026-09-28T14:48:59Z,cox_km_survival,fitted,fitted,fitted,28,fitted from 28 stints via cox_km_survival
austrian_grand_prix,SOFT,2021,1.03,0.0319,82,108,33.0,0.65,2026-09-28,2018_to_2024,km_survival_v1,fcf4949,2026-09-28T14:48:59Z,cox_km_survival,fitted,fitted,fitted,41,fitted from 41 stints via cox_km_survival
austrian_grand_prix,SOFT,2023,1.03,0.0319,82,108,33.0,0.64,2026-09-28,2018_to_2024,km_survival_v1,fcf4949,2026-09-28T14:48:59Z,cox_km_survival,fitted,fitted,fitted,45,fitted from 45 stints via cox_km_survival
austrian_grand_prix,SOFT,2024,1.03,0.0319,82,108,33.0,0.64,2026-09-28,2018_to_2024,km_survival_v1,fcf4949,2026-09-28T14:48:59Z,cox_km_survival,fitted,fitted,fitted,45,fitted from 45 stints via cox_km_survival
austrian_grand_prix,SUPERSOFT,2018,1.05,0.085,82,108,18.0,1.5,2026-09-28,2018_to_2024,km_survival_v1,fcf4949,2026-09-28T14:48:59Z,compound_class_default,class_default,class_default,class_default,0,insufficient data (0 stints); used class defaults
austrian_grand_prix,ULTRASOFT,2018,1.07,0.1,82,108,14.0,1.5,2026-09-28,2018_to_2024,km_survival_v1,fcf4949,2026-09-28T14:48:59Z,compound_class_default,class_default,class_default,class_default,0,insufficient data (0 stints); used class defaults
azerbaijan_grand_prix,HARD,2021,0.97,0.022,76,108,50.0,1.2,2026-09-28,2018_to_2024,km_survival_v1,fcf4949,2026-09-28T14:48:59Z,compound_class_default,class_default,class_default,class_default,0,insufficient data (0 stints); used class defaults
azerbaijan_grand_prix,HARD,2022,0.97,0.0413,76,108,24.0,0.84,2026-09-28,2018_to_2024,km_survival_v1,fcf4949,2026-09-28T14:48:59Z,cox_km_survival,fitted,fitted,fitted,21,fitted from 21 stints via cox_km_survival
azerbaijan_grand_prix,HARD,2023,0.97,0.0835,76,108,19.0,0.8,2026-09-28,2018_to_2024,km_survival_v1,fcf4949,2026-09-28T14:48:59Z,cox_km_survival,fitted,fitted,fitted,46,fitted from 46 stints via cox_km_survival
azerbaijan_grand_prix,HARD,2024,0.97,0.0609,76,108,24.0,0.74,2026-09-28,2018_to_2024,km_survival_v1,fcf4949,2026-09-28T14:48:59Z,cox_km_survival,fitted,fitted,fitted,67,fitted from 67 stints via cox_km_survival
azerbaijan_grand_prix,MEDIUM,2019,1.0,0.04,78,105,33.0,1.4,2026-09-28,2018_to_2024,km_survival_v1,fcf4949,2026-09-28T14:48:59Z,compound_class_default,class_default,class_default,class_default,0,insufficient data (0 stints); used class defaults
azerbaijan_grand_prix,MEDIUM,2021,1.0,0.1046,78,105,13.0,0.83,2026-09-28,2018_to_2024,km_survival_v1,fcf4949,2026-09-28T14:48:59Z,cox_km_survival,fitted,fitted,fitted,23,fitted from 23 stints via cox_km_survival
azerbaijan_grand_prix,MEDIUM,2022,1.0,0.1046,78,105,13.0,0.83,2026-09-28,2018_to_2024,km_survival_v1,fcf4949,2026-09-28T14:48:59Z,cox_km_survival,fitted,fitted,fitted,25,fitted from 25 stints via cox_km_survival
azerbaijan_grand_prix,MEDIUM,2023,1.0,0.0886,78,105,14.0,1.01,2026-09-28,2018_to_2024,km_survival_v1,fcf4949,2026-09-28T14:48:59Z,cox_km_survival,fitted,fitted,fitted,45,fitted from 45 stints via cox_km_survival
azerbaijan_grand_prix,MEDIUM,2024,1.0,0.086,78,105,14.0,1.01,2026-09-28,2018_to_2024,km_survival_v1,fcf4949,2026-09-28T14:48:59Z,cox_km_survival,fitted,fitted,fitted,63,fitted from 63 stints via cox_km_survival
azerbaijan_grand_prix,SOFT,2018,1.03,0.07,82,108,22.0,1.5,2026-09-28,2018_to_2024,km_survival_v1,fcf4949,2026-09-28T14:48:59Z,compound_class_default,class_default,class_default,class_default,0,insufficient data (0 stints); used class defaults
azerbaijan_grand_prix,SOFT,2019,1.03,0.07,82,108,22.0,0.84,2026-09-28,2018_to_2024,km_survival_v1,fcf4949,2026-09-28T14:48:59Z,cox_km_survival,fitted,class_default,fitted,11,11 stints via cox_km_survival; no usable estimate for gradient: class default used
azerbaijan_grand_prix,SOFT,2021,1.03,0.07,82,108,12.0,1.38,2026-09-28,2018_to_2024,km_survival_v1,fcf4949,2026-09-28T14:48:59Z,cox_km_survival,fitted,class_default,fitted,33,33 stints via cox_km_survival; no usable estimate for gradient: class default used
azerbaijan_grand_prix,SOFT,2022,1.03,0.07,82,108,21.0,1.29,2026-09-28,2018_to_2024,km_survival_v1,fcf4949,2026-09-28T14:48:59Z,cox_km_survival,fitted,class_default,fitted,50,50 stints via cox_km_survival; no usable estimate for gradient: class default used
azerbaijan_grand_prix,SOFT,2023,1.03,0.07,82,108,21.0,1.3,2026-09-28,2018_to_2024,km_survival_v1,fcf4949,2026-09-28T14:48:59Z,cox_km_survival,fitted,class_default,fitted,51,51 stints via cox_km_survival; no usable estimate for gradient: class default used
azerbaijan_grand_prix,SUPERSOFT,2018,1.05,0.085,82,108,18.0,1.5,2026-09-28,2018_to_2024,km_survival_v1,fcf4949,2026-09-28T14:48:59Z,compound_class_default,class_default,class_default,class_default,0,insufficient data (0 stints); used class defaults
azerbaijan_grand_prix,ULTRASOFT,2018,1.07,0.1,82,108,14.0,1.5,2026-09-28,2018_to_2024,km_survival_v1,fcf4949,2026-09-28T14:48:59Z,compound_class_default,class_default,class_default,class_default,0,insufficient data (0 stints); used class defaults
bahrain_grand_prix,HARD,2019,0.97,0.022,76,108,50.0,1.2,2026-09-28,2018_to_2024,km_survival_v1,fcf4949,2026-09-28T14:48:59Z,compound_class_default,class_default,class_default,class_default,0,insufficient data (0 stints); used class defaults
bahrain_grand_prix,HARD,2020,0.97,0.022,76,108,50.0,1.2,2026-09-28,2018_to_2024,km_survival_v1,fcf4949,2026-09-28T14:48:59Z,compound_class_default,class_default,class_default,class_default,1,insufficient data (1 stints); used class defaults
bahrain_grand_prix,HARD,2021,0.97,0.1202,76,108,10.0,1.03,2026-09-28,2018_to_2024,km_survival_v1,fcf4949,2026-09-28T14:48:59Z,cox_km_survival,fitted,fitted,fitted,27,fitted from 27 stints via cox_km_survival
bahrain_grand_prix,HARD,2022,0.97,0.1246,76,108,12.0,0.91,2026-09-28,2018_to_2024,km_survival_v1,fcf4949,2026-09-28T14:48:59Z,cox_km_survival,fitted,fitted,fitted,47,fitted from 47 stints via cox_km_survival
bahrain_grand_prix,HARD,2023,0.97,0.1289,76,108,12.0,0.91,2026-09-28,2018_to_2024,km_survival_v1,fcf4949,2026-09-28T14:48:59Z,cox_km_survival,fitted,fitted,fitted,54,fitted from 54 stints via cox_km_survival
bahrain_grand_prix,HARD,2024,0.97,0.1176,76,108,15.0,0.9,2026-09-28,2018_to_2024,km_survival_v1,fcf4949,2026-09-28T14:48:59Z,cox_km_survival,fitted,fitted,fitted,87,fitted from 87 stints via cox_km_survival
bahrain_grand_prix,MEDIUM,2018,1.0,0.04,78,105,33.0,1.4,2026-09-28,2018_to_2024,km_survival_v1,fcf4949,2026-09-28T14:48:59Z,compound_class_default,class_default,class_default,class_default,0,insufficient data (0 stints); used class defaults
bahrain_grand_prix,MEDIUM,2019,1.0,0.04,78,105,5.0,1.13,2026-09-28,2018_to_2024,km_survival_v1,fcf4949,2026-09-28T14:48:59Z,cox_km_survival,fitted,class_default,fitted,10,10 stints via cox_km_survival; no usable estimate for gradient: class default used
bahrain_grand_prix,MEDIUM,2020,1.0,0.04,78,105,7.0,1.17,2026-09-28,2018_to_2024,km_survival_v1,fcf4949,2026-09-28T14:48:59Z,cox_km_survival,fitted,class_default,fitted,36,36 stints via cox_km_survival; no usable estimate for gradient: class default used
bahrain_grand_prix,MEDIUM,2021,1.0,0.2196,78,105,11.0,1.17,2026-09-28,2018_to_2024,km_survival_v1,fcf4949,2026-09-28T14:48:59Z,cox_km_survival,fitted,fitted,fitted,60,fitted from 60 stints via cox_km_survival
bahrain_grand_prix,MEDIUM,2022,1.0,0.1492,78,105,13.0,1.13,2026-09-28,2018_to_2024,km_survival_v1,fcf4949,2026-09-28T14:48:59Z,cox_km_survival,fitted,fitted,fitted,85,fitted from 85 stints via cox_km_survival
bahrain_grand_prix,MEDIUM,2023,1.0,0.1813,78,105,12.0,1.1,2026-09-28,2018_to_2024,km_survival_v1,fcf4949,2026-09-28T14:48:59Z,cox_km_survival,fitted,fitted,fitted,108,fitted from 108 stints via cox_km_survival
bahrain_grand_prix,SOFT,2018,1.03,0.07,82,108,22.0,1.5,2026-09-28,2018_to_2024,km_survival_v1,fcf4949,2026-09-28T14:48:59Z,compound_class_default,class_default,class_default,class_default,0,insufficient data (0 stints); used class defaults
bahrain_grand_prix,SOFT,2019,1.03,0.058,82,108,20.0,1.12,2026-09-28,2018_to_2024,km_survival_v1,fcf4949,2026-09-28T14:48:59Z,cox_km_survival,fitted,fitted,fitted,16,fitted from 16 stints via cox_km_survival
bahrain_grand_prix,SOFT,2020,1.03,0.1337,82,108,15.0,1.12,2026-09-28,2018_to_2024,km_survival_v1,fcf4949,2026-09-28T14:48:59Z,cox_km_survival,fitted,fitted,fitted,45,fitted from 45 stints via cox_km_survival
bahrain_grand_prix,SOFT,2021,1.03,0.1337,82,108,15.0,1.12,2026-09-28,2018_to_2024,km_survival_v1,fcf4949,2026-09-28T14:48:59Z,cox_km_survival,fitted,fitted,fitted,47,fitted from 47 stints via cox_km_survival
bahrain_grand_prix,SOFT,2022,1.03,0.1033,82,108,20.0,1.1,2026-09-28,2018_to_2024,km_survival_v1,fcf4949,2026-09-28T14:48:59Z,cox_km_survival,fitted,fitted,fitted,56,fitted from 56 stints via cox_km_survival
bahrain_grand_prix,SOFT,2023,1.03,0.1773,82,108,14.0,1.18,2026-09-28,2018_to_2024,km_survival_v1,fcf4949,2026-09-28T14:48:59Z,cox_km_survival,fitted,fitted,fitted,103,fitted from 103 stints via cox_km_survival
bahrain_grand_prix,SOFT,2024,1.03,0.1874,82,108,12.0,1.15,2026-09-28,2018_to_2024,km_survival_v1,fcf4949,2026-09-28T14:48:59Z,cox_km_survival,fitted,fitted,fitted,136,fitted from 136 stints via cox_km_survival
bahrain_grand_prix,SUPERSOFT,2018,1.05,0.085,82,108,18.0,1.5,2026-09-28,2018_to_2024,km_survival_v1,fcf4949,2026-09-28T14:48:59Z,compound_class_default,class_default,class_default,class_default,0,insufficient data (0 stints); used class defaults
belgian_grand_prix,HARD,2020,0.97,0.022,76,108,50.0,1.2,2026-09-28,2018_to_2024,km_survival_v1,fcf4949,2026-09-28T14:48:59Z,compound_class_default,class_default,class_default,class_default,0,insufficient data (0 stints); used class defaults
belgian_grand_prix,HARD,2022,0.97,0.0562,76,108,25.0,1.19,2026-09-28,2018_to_2024,km_survival_v1,fcf4949,2026-09-28T14:48:59Z,cox_km_survival,fitted,fitted,fitted,16,fitted from 16 stints via cox_km_survival
belgian_grand_prix,HARD,2023,0.97,0.1323,76,108,18.0,1.27,2026-09-28,2018_to_2024,km_survival_v1,fcf4949,2026-09-28T14:48:59Z,cox_km_survival,fitted,fitted,fitted,31,fitted from 31 stints via cox_km_survival
belgian_grand_prix,HARD,2024,0.97,0.2182,76,108,13.0,1.28,2026-09-28,2018_to_2024,km_survival_v1,fcf4949,2026-09-28T14:48:59Z,cox_km_survival,fitted,fitted,fitted,32,fitted from 32 stints via cox_km_survival
belgian_grand_prix,MEDIUM,2018,1.0,0.04,78,105,33.0,1.4,2026-09-28,2018_to_2024,km_survival_v1,fcf4949,2026-09-28T14:48:59Z,compound_class_default,class_default,class_default,class_default,0,insufficient data (0 stints); used class defaults
belgian_grand_prix,MEDIUM,2019,1.0,0.04,78,105,33.0,1.4,2026-09-28,2018_to_2024,km_survival_v1,fcf4949,2026-09-28T14:48:59Z,compound_class_default,class_default,class_default,class_default,2,insufficient data (2 stints); used class defaults
belgian_grand_prix,MEDIUM,2020,1.0,0.1321,78,105,16.0,1.21,2026-09-28,2018_to_2024,km_survival_v1,fcf4949,2026-09-28T14:48:59Z,cox_km_survival,fitted,fitted,fitted,20,fitted from 20 stints via cox_km_survival
belgian_grand_prix,MEDIUM,2022,1.0,0.1205,78,105,17.0,1.23,2026-09-28,2018_to_2024,km_survival_v1,fcf4949,2026-09-28T14:48:59Z,cox_km_survival,fitted,fitted,fitted,35,fitted from 35 stints via cox_km_survival
belgian_grand_prix,MEDIUM,2023,1.0,0.2874,78,105,10.0,1.3,2026-09-28,2018_to_2024,km_survival_v1,fcf4949,2026-09-28T14:48:59Z,cox_km_survival,fitted,fitted,fitted,69,fitted from 69 stints via cox_km_survival
belgian_grand_prix,MEDIUM,2024,1.0,0.294,78,105,9.0,1.35,2026-09-28,2018_to_2024,km_survival_v1,fcf4949,2026-09-28T14:48:59Z,cox_km_survival,fitted,fitted,fitted,95,fitted from 95 stints via cox_km_survival
belgian_grand_prix,SOFT,2018,1.03,0.07,82,108,22.0,1.5,2026-09-28,2018_to_2024,km_survival_v1,fcf4949,2026-09-28T14:48:59Z,compound_class_default,class_default,class_default,class_default,0,insufficient data (0 stints); used class defaults
belgian_grand_prix,SOFT,2019,1.03,0.0962,82,108,17.0,0.69,2026-09-28,2018_to_2024,km_survival_v1,fcf4949,2026-09-28T14:48:59Z,cox_km_survival,fitted,fitted,fitted,13,fitted from 13 stints via cox_km_survival
belgian_grand_prix,SOFT,2020,1.03,0.1252,82,108,17.0,1.1,2026-09-28,2018_to_2024,km_survival_v1,fcf4949,2026-09-28T14:48:59Z,cox_km_survival,fitted,fitted,fitted,33,fitted from 33 stints via cox_km_survival
belgian_grand_prix,SOFT,2022,1.03,0.1179,82,108,20.0,1.1,2026-09-28,2018_to_2024,km_survival_v1,fcf4949,2026-09-28T14:48:59Z,cox_km_survival,fitted,fitted,fitted,41,fitted from 41 stints via cox_km_survival
belgian_grand_prix,SOFT,2023,1.03,0.1439,82,108,17.0,1.16,2026-09-28,2018_to_2024,km_survival_v1,fcf4949,2026-09-28T14:48:59Z,cox_km_survival,fitted,fitted,fitted,45,fitted from 45 stints via cox_km_survival
belgian_grand_prix,SOFT,2024,1.03,0.1543,82,108,15.0,1.17,2026-09-28,2018_to_2024,km_survival_v1,fcf4949,2026-09-28T14:48:59Z,cox_km_survival,fitted,fitted,fitted,73,fitted from 73 stints via cox_km_survival
belgian_grand_prix,SUPERSOFT,2018,1.05,0.085,82,108,18.0,1.5,2026-09-28,2018_to_2024,km_survival_v1,fcf4949,2026-09-28T14:48:59Z,compound_class_default,class_default,class_default,class_default,0,insufficient data (0 stints); used class defaults
brazilian_grand_prix,HARD,2019,0.97,0.022,76,108,50.0,1.2,2026-09-28,2018_to_2024,km_survival_v1,fcf4949,2026-09-28T14:48:59Z,compound_class_default,class_default,class_default,class_default,0,insufficient data (0 stints); used class defaults
brazilian_grand_prix,MEDIUM,2018,1.0,0.04,78,105,33.0,1.4,2026-09-28,2018_to_2024,km_survival_v1,fcf4949,2026-09-28T14:48:59Z,compound_class_default,class_default,class_default,class_default,0,insufficient data (0 stints); used class defaults
brazilian_grand_prix,MEDIUM,2019,1.0,0.2101,78,105,9.0,0.97,2026-09-28,2018_to_2024,km_survival_v1,fcf4949,2026-09-28T14:48:59Z,cox_km_survival,fitted,fitted,fitted,13,fitted from 13 stints via cox_km_survival
brazilian_grand_prix,SOFT,2018,1.03,0.07,82,108,22.0,1.5,2026-09-28,2018_to_2024,km_survival_v1,fcf4949,2026-09-28T14:48:59Z,compound_class_default,class_default,class_default,class_default,0,insufficient data (0 stints); used class defaults
brazilian_grand_prix,SOFT,2019,1.03,0.1283,82,108,11.0,0.76,2026-09-28,2018_to_2024,km_survival_v1,fcf4949,2026-09-28T14:48:59Z,cox_km_survival,fitted,fitted,fitted,14,fitted from 14 stints via cox_km_survival
brazilian_grand_prix,SUPERSOFT,2018,1.05,0.085,82,108,18.0,1.5,2026-09-28,2018_to_2024,km_survival_v1,fcf4949,2026-09-28T14:48:59Z,compound_class_default,class_default,class_default,class_default,0,insufficient data (0 stints); used class defaults
british_grand_prix,HARD,2018,0.97,0.022,76,108,50.0,1.2,2026-09-28,2018_to_2024,km_survival_v1,fcf4949,2026-09-28T14:48:59Z,compound_class_default,class_default,class_default,class_default,0,insufficient data (0 stints); used class defaults
british_grand_prix,HARD,2019,0.97,0.022,76,108,50.0,1.2,2026-09-28,2018_to_2024,km_survival_v1,fcf4949,2026-09-28T14:48:59Z,compound_class_default,class_default,class_default,class_default,2,insufficient data (2 stints); used class defaults
british_grand_prix,HARD,2020,0.97,0.1212,76,108,19.2,0.91,2026-09-28,2018_to_2024,km_survival_v1,fcf4949,2026-09-28T14:48:59Z,cox_km_survival,fitted,fitted,fitted,18,fitted from 18 stints via cox_km_survival
british_grand_prix,HARD,2021,0.97,0.0604,76,108,37.0,1.06,2026-09-28,2018_to_2024,km_survival_v1,fcf4949,2026-09-28T14:48:59Z,cox_km_survival,fitted,fitted,fitted,35,fitted from 35 stints via cox_km_survival
british_grand_prix,HARD,2022,0.97,0.0389,76,108,33.0,0.94,2026-09-28,2018_to_2024,km_survival_v1,fcf4949,2026-09-28T14:48:59Z,cox_km_survival,fitted,fitted,fitted,54,fitted from 54 stints via cox_km_survival
british_grand_prix,HARD,2023,0.97,0.04,76,108,33.0,0.92,2026-09-28,2018_to_2024,km_survival_v1,fcf4949,2026-09-28T14:48:59Z,cox_km_survival,fitted,fitted,fitted,66,fitted from 66 stints via cox_km_survival
british_grand_prix,HARD,2024,0.97,0.0426,76,108,33.0,0.92,2026-09-28,2018_to_2024,km_survival_v1,fcf4949,2026-09-28T14:48:59Z,cox_km_survival,fitted,fitted,fitted,74,fitted from 74 stints via cox_km_survival
british_grand_prix,INTERMEDIATE,2024,0.98,0.055,15,50,25.0,1.3,2026-09-28,2018_to_2024,km_survival_v1,fcf4949,2026-09-28T14:48:59Z,compound_class_default,class_default,class_default,class_default,0,insufficient data (0 stints); used class defaults
british_grand_prix,MEDIUM,2018,1.0,0.04,78,105,33.0,1.4,2026-09-28,2018_to_2024,km_survival_v1,fcf4949,2026-09-28T14:48:59Z,compound_class_default,class_default,class_default,class_default,0,insufficient data (0 stints); used class defaults
british_grand_prix,MEDIUM,2019,1.0,0.0754,78,105,16.0,0.69,2026-09-28,2018_to_2024,km_survival_v1,fcf4949,2026-09-28T14:48:59Z,cox_km_survival,fitted,fitted,fitted,18,fitted from 18 stints via cox_km_survival
british_grand_prix,MEDIUM,2020,1.0,0.0625,78,105,26.0,0.72,2026-09-28,2018_to_2024,km_survival_v1,fcf4949,2026-09-28T14:48:59Z,cox_km_survival,fitted,fitted,fitted,37,fitted from 37 stints via cox_km_survival
british_grand_prix,MEDIUM,2021,1.0,0.0625,78,105,26.0,0.68,2026-09-28,2018_to_2024,km_survival_v1,fcf4949,2026-09-28T14:48:59Z,cox_km_survival,fitted,fitted,fitted,50,fitted from 50 stints via cox_km_survival
british_grand_prix,MEDIUM,2022,1.0,0.1071,78,105,15.0,0.72,2026-09-28,2018_to_2024,km_survival_v1,fcf4949,2026-09-28T14:48:59Z,cox_km_survival,fitted,fitted,fitted,70,fitted from 70 stints via cox_km_survival
british_grand_prix,MEDIUM,2023,1.0,0.1168,78,105,15.0,0.76,2026-09-28,2018_to_2024,km_survival_v1,fcf4949,2026-09-28T14:48:59Z,cox_km_survival,fitted,fitted,fitted,88,fitted from 88 stints via cox_km_survival
british_grand_prix,MEDIUM,2024,1.0,0.0984,78,105,14.2,0.68,2026-09-28,2018_to_2024,km_survival_v1,fcf4949,2026-09-28T14:48:59Z,cox_km_survival,fitted,fitted,fitted,106,fitted from 106 stints via cox_km_survival
british_grand_prix,SOFT,2018,1.03,0.07,82,108,22.0,1.5,2026-09-28,2018_to_2024,km_survival_v1,fcf4949,2026-09-28T14:48:59Z,compound_class_default,class_default,class_default,class_default,0,insufficient data (0 stints); used class defaults
british_grand_prix,SOFT,2019,1.03,0.0554,82,108,25.0,0.83,2026-09-28,2018_to_2024,km_survival_v1,fcf4949,2026-09-28T14:48:59Z,cox_km_survival,fitted,fitted,fitted,25,fitted from 25 stints via cox_km_survival
british_grand_prix,SOFT,2020,1.03,0.0441,82,108,22.0,0.83,2026-09-28,2018_to_2024,km_survival_v1,fcf4949,2026-09-28T14:48:59Z,cox_km_survival,fitted,fitted,fitted,36,fitted from 36 stints via cox_km_survival
british_grand_prix,SOFT,2021,1.03,0.0441,82,108,22.0,0.83,2026-09-28,2018_to_2024,km_survival_v1,fcf4949,2026-09-28T14:48:59Z,cox_km_survival,fitted,fitted,fitted,42,fitted from 42 stints via cox_km_survival
british_grand_prix,SOFT,2022,1.03,0.0441,82,108,22.0,0.83,2026-09-28,2018_to_2024,km_survival_v1,fcf4949,2026-09-28T14:48:59Z,cox_km_survival,fitted,fitted,fitted,43,fitted from 43 stints via cox_km_survival
british_grand_prix,SOFT,2023,1.03,0.0802,82,108,22.0,0.99,2026-09-28,2018_to_2024,km_survival_v1,fcf4949,2026-09-28T14:48:59Z,cox_km_survival,fitted,fitted,fitted,59,fitted from 59 stints via cox_km_survival
british_grand_prix,SOFT,2024,1.03,0.076,82,108,22.0,0.93,2026-09-28,2018_to_2024,km_survival_v1,fcf4949,2026-09-28T14:48:59Z,cox_km_survival,fitted,fitted,fitted,76,fitted from 76 stints via cox_km_survival
canadian_grand_prix,HARD,2019,0.97,0.022,76,108,50.0,1.2,2026-09-28,2018_to_2024,km_survival_v1,fcf4949,2026-09-28T14:48:59Z,compound_class_default,class_default,class_default,class_default,0,insufficient data (0 stints); used class defaults
canadian_grand_prix,HARD,2022,0.97,0.1191,76,108,13.0,0.75,2026-09-28,2018_to_2024,km_survival_v1,fcf4949,2026-09-28T14:48:59Z,cox_km_survival,fitted,fitted,fitted,20,fitted from 20 stints via cox_km_survival
canadian_grand_prix,HARD,2023,0.97,0.0478,76,108,21.0,0.72,2026-09-28,2018_to_2024,km_survival_v1,fcf4949,2026-09-28T14:48:59Z,cox_km_survival,fitted,fitted,fitted,50,fitted from 50 stints via cox_km_survival
canadian_grand_prix,HARD,2024,0.97,0.0427,76,108,32.0,0.69,2026-09-28,2018_to_2024,km_survival_v1,fcf4949,2026-09-28T14:48:59Z,cox_km_survival,fitted,fitted,fitted,77,fitted from 77 stints via cox_km_survival
canadian_grand_prix,HYPERSOFT,2018,1.09,0.115,82,108,10.0,1.5,2026-09-28,2018_to_2024,km_survival_v1,fcf4949,2026-09-28T14:48:59Z,compound_class_default,class_default,class_default,class_default,0,insufficient data (0 stints); used class defaults
canadian_grand_prix,INTERMEDIATE,2024,0.98,0.055,15,50,25.0,1.3,2026-09-28,2018_to_2024,km_survival_v1,fcf4949,2026-09-28T14:48:59Z,compound_class_default,class_default,class_default,class_default,0,insufficient data (0 stints); used class defaults
canadian_grand_prix,MEDIUM,2019,1.0,0.04,78,105,33.0,1.4,2026-09-28,2018_to_2024,km_survival_v1,fcf4949,2026-09-28T14:48:59Z,compound_class_default,class_default,class_default,class_default,0,insufficient data (0 stints); used class defaults
canadian_grand_prix,MEDIUM,2022,1.0,0.0197,78,105,26.0,0.77,2026-09-28,2018_to_2024,km_survival_v1,fcf4949,2026-09-28T14:48:59Z,cox_km_survival,fitted,fitted,fitted,14,fitted from 14 stints via cox_km_survival
canadian_grand_prix,MEDIUM,2023,1.0,0.0327,78,105,27.0,0.79,2026-09-28,2018_to_2024,km_survival_v1,fcf4949,2026-09-28T14:48:59Z,cox_km_survival,fitted,fitted,fitted,35,fitted from 35 stints via cox_km_survival
canadian_grand_prix,MEDIUM,2024,1.0,0.0777,78,105,22.8,0.78,2026-09-28,2018_to_2024,km_survival_v1,fcf4949,2026-09-28T14:48:59Z,cox_km_survival,fitted,fitted,fitted,56,fitted from 56 stints via cox_km_survival
canadian_grand_prix,SOFT,2019,1.03,0.07,82,108,22.0,1.5,2026-09-28,2018_to_2024,km_survival_v1,fcf4949,2026-09-28T14:48:59Z,compound_class_default,class_default,class_default,class_default,0,insufficient data (0 stints); used class defaults
canadian_grand_prix,SOFT,2023,1.03,0.07,82,108,22.0,1.5,2026-09-28,2018_to_2024,km_survival_v1,fcf4949,2026-09-28T14:48:59Z,compound_class_default,class_default,class_default,class_default,5,insufficient data (5 stints); used class defaults
canadian_grand_prix,SUPERSOFT,2018,1.05,0.085,82,108,18.0,1.5,2026-09-28,2018_to_2024,km_survival_v1,fcf4949,2026-09-28T14:48:59Z,compound_class_default,class_default,class_default,class_default,0,insufficient data (0 stints); used class defaults
canadian_grand_prix,ULTRASOFT,2018,1.07,0.1,82,108,14.0,1.5,2026-09-28,2018_to_2024,km_survival_v1,fcf4949,2026-09-28T14:48:59Z,compound_class_default,class_default,class_default,class_default,0,insufficient data (0 stints); used class defaults
canadian_grand_prix,WET,2024,0.95,0.08,10,40,20.0,1.45,2026-09-28,2018_to_2024,km_survival_v1,fcf4949,2026-09-28T14:48:59Z,compound_class_default,class_default,class_default,class_default,0,insufficient data (0 stints); used class defaults
chinese_grand_prix,HARD,2019,0.97,0.022,76,108,50.0,1.2,2026-09-28,2018_to_2024,km_survival_v1,fcf4949,2026-09-28T14:48:59Z,compound_class_default,class_default,class_default,class_default,0,insufficient data (0 stints); used class defaults
chinese_grand_prix,HARD,2024,0.97,0.1139,76,108,13.0,0.88,2026-09-28,2018_to_2024,km_survival_v1,fcf4949,2026-09-28T14:48:59Z,cox_km_survival,fitted,fitted,fitted,19,fitted from 19 stints via cox_km_survival
chinese_grand_prix,MEDIUM,2019,1.0,0.04,78,105,33.0,1.4,2026-09-28,2018_to_2024,km_survival_v1,fcf4949,2026-09-28T14:48:59Z,compound_class_default,class_default,class_default,class_default,0,insufficient data (0 stints); used class defaults
chinese_grand_prix,MEDIUM,2024,1.0,0.0993,78,105,15.0,0.94,2026-09-28,2018_to_2024,km_survival_v1,fcf4949,2026-09-28T14:48:59Z,cox_km_survival,fitted,fitted,fitted,23,fitted from 23 stints via cox_km_survival
chinese_grand_prix,SOFT,2019,1.03,0.07,82,108,22.0,1.5,2026-09-28,2018_to_2024,km_survival_v1,fcf4949,2026-09-28T14:48:59Z,compound_class_default,class_default,class_default,class_default,0,insufficient data (0 stints); used class defaults
chinese_grand_prix,SOFT,2024,1.03,0.0395,82,108,22.0,1.19,2026-09-28,2018_to_2024,km_survival_v1,fcf4949,2026-09-28T14:48:59Z,cox_km_survival,class_default,fitted,fitted,12,12 stints via cox_km_survival; no usable estimate for onset: class default used
dutch_grand_prix,HARD,2021,0.97,0.022,76,108,50.0,1.2,2026-09-28,2018_to_2024,km_survival_v1,fcf4949,2026-09-28T14:48:59Z,compound_class_default,class_default,class_default,class_default,0,insufficient data (0 stints); used class defaults
dutch_grand_prix,HARD,2022,0.97,0.1498,76,108,11.0,1.17,2026-09-28,2018_to_2024,km_survival_v1,fcf4949,2026-09-28T14:48:59Z,cox_km_survival,fitted,fitted,fitted,14,fitted from 14 stints via cox_km_survival
dutch_grand_prix,HARD,2023,0.97,0.1231,76,108,13.0,1.11,2026-09-28,2018_to_2024,km_survival_v1,fcf4949,2026-09-28T14:48:59Z,cox_km_survival,fitted,fitted,fitted,31,fitted from 31 stints via cox_km_survival
dutch_grand_prix,HARD,2024,0.97,0.1231,76,108,13.0,1.11,2026-09-28,2018_to_2024,km_survival_v1,fcf4949,2026-09-28T14:48:59Z,cox_km_survival,fitted,fitted,fitted,32,fitted from 32 stints via cox_km_survival
dutch_grand_prix,INTERMEDIATE,2023,0.98,0.055,15,50,25.0,1.3,2026-09-28,2018_to_2024,km_survival_v1,fcf4949,2026-09-28T14:48:59Z,compound_class_default,class_default,class_default,class_default,0,insufficient data (0 stints); used class defaults
dutch_grand_prix,MEDIUM,2021,1.0,0.04,78,105,33.0,1.4,2026-09-28,2018_to_2024,km_survival_v1,fcf4949,2026-09-28T14:48:59Z,compound_class_default,class_default,class_default,class_default,0,insufficient data (0 stints); used class defaults
dutch_grand_prix,MEDIUM,2022,1.0,0.1677,78,105,11.0,0.66,2026-09-28,2018_to_2024,km_survival_v1,fcf4949,2026-09-28T14:48:59Z,cox_km_survival,fitted,fitted,fitted,17,fitted from 17 stints via cox_km_survival
dutch_grand_prix,MEDIUM,2023,1.0,0.1073,78,105,13.0,0.75,2026-09-28,2018_to_2024,km_survival_v1,fcf4949,2026-09-28T14:48:59Z,cox_km_survival,fitted,fitted,fitted,42,fitted from 42 stints via cox_km_survival
dutch_grand_prix,MEDIUM,2024,1.0,0.0632,78,105,18.0,0.72,2026-09-28,2018_to_2024,km_survival_v1,fcf4949,2026-09-28T14:48:59Z,cox_km_survival,fitted,fitted,fitted,50,fitted from 50 stints via cox_km_survival
dutch_grand_prix,SOFT,2021,1.03,0.07,82,108,22.0,1.5,2026-09-28,2018_to_2024,km_survival_v1,fcf4949,2026-09-28T14:48:59Z,compound_class_default,class_default,class_default,class_default,0,insufficient data (0 stints); used class defaults
dutch_grand_prix,SOFT,2022,1.03,0.1353,82,108,35.0,0.69,2026-09-28,2018_to_2024,km_survival_v1,fcf4949,2026-09-28T14:48:59Z,cox_km_survival,fitted,fitted,fitted,15,fitted from 15 stints via cox_km_survival
dutch_grand_prix,SOFT,2023,1.03,0.1573,82,108,32.0,0.91,2026-09-28,2018_to_2024,km_survival_v1,fcf4949,2026-09-28T14:48:59Z,cox_km_survival,fitted,fitted,fitted,53,fitted from 53 stints via cox_km_survival
dutch_grand_prix,SOFT,2024,1.03,0.1228,82,108,35.0,0.93,2026-09-28,2018_to_2024,km_survival_v1,fcf4949,2026-09-28T14:48:59Z,cox_km_survival,fitted,fitted,fitted,86,fitted from 86 stints via cox_km_survival
eifel_grand_prix,HARD,2020,0.97,0.022,76,108,50.0,1.2,2026-09-28,2018_to_2024,km_survival_v1,fcf4949,2026-09-28T14:48:59Z,compound_class_default,class_default,class_default,class_default,0,insufficient data (0 stints); used class defaults
eifel_grand_prix,MEDIUM,2020,1.0,0.04,78,105,33.0,1.4,2026-09-28,2018_to_2024,km_survival_v1,fcf4949,2026-09-28T14:48:59Z,compound_class_default,class_default,class_default,class_default,0,insufficient data (0 stints); used class defaults
eifel_grand_prix,SOFT,2020,1.03,0.07,82,108,22.0,1.5,2026-09-28,2018_to_2024,km_survival_v1,fcf4949,2026-09-28T14:48:59Z,compound_class_default,class_default,class_default,class_default,0,insufficient data (0 stints); used class defaults
emilia_romagna_grand_prix,HARD,2020,0.97,0.022,76,108,50.0,1.2,2026-09-28,2018_to_2024,km_survival_v1,fcf4949,2026-09-28T14:48:59Z,compound_class_default,class_default,class_default,class_default,0,insufficient data (0 stints); used class defaults
emilia_romagna_grand_prix,HARD,2022,0.97,0.0401,76,108,32.0,0.4,2026-09-28,2018_to_2024,km_survival_v1,fcf4949,2026-09-28T14:48:59Z,cox_km_survival,fitted,fitted,fitted,15,fitted from 15 stints via cox_km_survival
emilia_romagna_grand_prix,HARD,2024,0.97,0.0401,76,108,32.0,0.4,2026-09-28,2018_to_2024,km_survival_v1,fcf4949,2026-09-28T14:48:59Z,cox_km_survival,fitted,fitted,fitted,16,fitted from 16 stints via cox_km_survival
emilia_romagna_grand_prix,INTERMEDIATE,2021,0.98,0.055,15,50,25.0,1.3,2026-09-28,2018_to_2024,km_survival_v1,fcf4949,2026-09-28T14:48:59Z,compound_class_default,class_default,class_default,class_default,0,insufficient data (0 stints); used class defaults
emilia_romagna_grand_prix,INTERMEDIATE,2022,0.98,0.055,15,50,22.0,1.27,2026-09-28,2018_to_2024,km_survival_v1,fcf4949,2026-09-28T14:48:59Z,cox_km_survival,fitted,class_default,fitted,19,19 stints via cox_km_survival; no usable estimate for gradient: class default used
emilia_romagna_grand_prix,MEDIUM,2020,1.0,0.04,78,105,33.0,1.4,2026-09-28,2018_to_2024,km_survival_v1,fcf4949,2026-09-28T14:48:59Z,compound_class_default,class_default,class_default,class_default,0,insufficient data (0 stints); used class defaults
emilia_romagna_grand_prix,MEDIUM,2021,1.0,0.04,78,105,48.0,0.37,2026-09-28,2018_to_2024,km_survival_v1,fcf4949,2026-09-28T14:48:59Z,cox_km_survival,fitted,class_default,fitted,15,15 stints via cox_km_survival; no usable estimate for gradient: class default used
emilia_romagna_grand_prix,MEDIUM,2022,1.0,0.04,78,105,48.0,0.53,2026-09-28,2018_to_2024,km_survival_v1,fcf4949,2026-09-28T14:48:59Z,cox_km_survival,fitted,class_default,fitted,33,33 stints via cox_km_survival; no usable estimate for gradient: class default used
emilia_romagna_grand_prix,MEDIUM,2024,1.0,0.0109,78,105,48.0,0.51,2026-09-28,2018_to_2024,km_survival_v1,fcf4949,2026-09-28T14:48:59Z,cox_km_survival,fitted,fitted,fitted,51,fitted from 51 stints via cox_km_survival
emilia_romagna_grand_prix,SOFT,2020,1.03,0.07,82,108,22.0,1.5,2026-09-28,2018_to_2024,km_survival_v1,fcf4949,2026-09-28T14:48:59Z,compound_class_default,class_default,class_default,class_default,0,insufficient data (0 stints); used class defaults
emilia_romagna_grand_prix,SOFT,2021,1.03,0.07,82,108,22.0,1.5,2026-09-28,2018_to_2024,km_survival_v1,fcf4949,2026-09-28T14:48:59Z,cox_km_survival,class_default,class_default,class_default,19,"19 stints via cox_km_survival; no usable estimate for onset, gradient, severity: class default used"
emilia_romagna_grand_prix,SOFT,2022,1.03,0.07,82,108,22.0,0.59,2026-09-28,2018_to_2024,km_survival_v1,fcf4949,2026-09-28T14:48:59Z,cox_km_survival,class_default,class_default,fitted,26,"26 stints via cox_km_survival; no usable estimate for onset, gradient: class default used"
emilia_romagna_grand_prix,SOFT,2024,1.03,0.2754,82,108,15.0,0.73,2026-09-28,2018_to_2024,km_survival_v1,fcf4949,2026-09-28T14:48:59Z,cox_km_survival,fitted,fitted,fitted,30,fitted from 30 stints via cox_km_survival
emilia_romagna_grand_prix,WET,2021,0.95,0.08,10,40,20.0,1.45,2026-09-28,2018_to_2024,km_survival_v1,fcf4949,2026-09-28T14:48:59Z,compound_class_default,class_default,class_default,class_default,0,insufficient data (0 stints); used class defaults
french_grand_prix,HARD,2019,0.97,0.022,76,108,50.0,1.2,2026-09-28,2018_to_2024,km_survival_v1,fcf4949,2026-09-28T14:48:59Z,compound_class_default,class_default,class_default,class_default,0,insufficient data (0 stints); used class defaults
french_grand_prix,HARD,2021,0.97,0.0438,76,108,33.0,1.03,2026-09-28,2018_to_2024,km_survival_v1,fcf4949,2026-09-28T14:48:59Z,cox_km_survival,fitted,fitted,fitted,20,fitted from 20 stints via cox_km_survival
french_grand_prix,HARD,2022,0.97,0.0767,76,108,16.0,0.92,2026-09-28,2018_to_2024,km_survival_v1,fcf4949,2026-09-28T14:48:59Z,cox_km_survival,fitted,fitted,fitted,40,fitted from 40 stints via cox_km_survival
french_grand_prix,MEDIUM,2019,1.0,0.04,78,105,33.0,1.4,2026-09-28,2018_to_2024,km_survival_v1,fcf4949,2026-09-28T14:48:59Z,compound_class_default,class_default,class_default,class_default,0,insufficient data (0 stints); used class defaults
french_grand_prix,MEDIUM,2021,1.0,0.0689,78,105,12.8,0.65,2026-09-28,2018_to_2024,km_survival_v1,fcf4949,2026-09-28T14:48:59Z,cox_km_survival,fitted,fitted,fitted,20,fitted from 20 stints via cox_km_survival
french_grand_prix,MEDIUM,2022,1.0,0.0492,78,105,15.0,0.84,2026-09-28,2018_to_2024,km_survival_v1,fcf4949,2026-09-28T14:48:59Z,cox_km_survival,fitted,fitted,fitted,41,fitted from 41 stints via cox_km_survival
french_grand_prix,SOFT,2018,1.03,0.07,82,108,22.0,1.5,2026-09-28,2018_to_2024,km_survival_v1,fcf4949,2026-09-28T14:48:59Z,compound_class_default,class_default,class_default,class_default,0,insufficient data (0 stints); used class defaults
french_grand_prix,SOFT,2019,1.03,0.149,82,108,30.0,1.0,2026-09-28,2018_to_2024,km_survival_v1,fcf4949,2026-09-28T14:48:59Z,cox_km_survival,fitted,fitted,fitted,12,fitted from 12 stints via cox_km_survival
french_grand_prix,SOFT,2021,1.03,0.149,82,108,30.0,1.0,2026-09-28,2018_to_2024,km_survival_v1,fcf4949,2026-09-28T14:48:59Z,cox_km_survival,fitted,fitted,fitted,14,fitted from 14 stints via cox_km_survival
french_grand_prix,SUPERSOFT,2018,1.05,0.085,82,108,18.0,1.5,2026-09-28,2018_to_2024,km_survival_v1,fcf4949,2026-09-28T14:48:59Z,compound_class_default,class_default,class_default,class_default,0,insufficient data (0 stints); used class defaults
french_grand_prix,ULTRASOFT,2018,1.07,0.1,82,108,14.0,1.5,2026-09-28,2018_to_2024,km_survival_v1,fcf4949,2026-09-28T14:48:59Z,compound_class_default,class_default,class_default,class_default,0,insufficient data (0 stints); used class defaults
german_grand_prix,INTERMEDIATE,2018,0.98,0.055,15,50,25.0,1.3,2026-09-28,2018_to_2024,km_survival_v1,fcf4949,2026-09-28T14:48:59Z,compound_class_default,class_default,class_default,class_default,0,insufficient data (0 stints); used class defaults
german_grand_prix,INTERMEDIATE,2019,0.98,0.055,15,50,25.0,1.3,2026-09-28,2018_to_2024,km_survival_v1,fcf4949,2026-09-28T14:48:59Z,compound_class_default,class_default,class_default,class_default,0,insufficient data (0 stints); used class defaults
german_grand_prix,MEDIUM,2018,1.0,0.04,78,105,33.0,1.4,2026-09-28,2018_to_2024,km_survival_v1,fcf4949,2026-09-28T14:48:59Z,compound_class_default,class_default,class_default,class_default,0,insufficient data (0 stints); used class defaults
german_grand_prix,SOFT,2018,1.03,0.07,82,108,22.0,1.5,2026-09-28,2018_to_2024,km_survival_v1,fcf4949,2026-09-28T14:48:59Z,compound_class_default,class_default,class_default,class_default,0,insufficient data (0 stints); used class defaults
german_grand_prix,SOFT,2019,1.03,0.0506,82,108,15.0,0.67,2026-09-28,2018_to_2024,km_survival_v1,fcf4949,2026-09-28T14:48:59Z,cox_km_survival,fitted,fitted,fitted,16,fitted from 16 stints via cox_km_survival
german_grand_prix,ULTRASOFT,2018,1.07,0.1,82,108,14.0,1.5,2026-09-28,2018_to_2024,km_survival_v1,fcf4949,2026-09-28T14:48:59Z,compound_class_default,class_default,class_default,class_default,0,insufficient data (0 stints); used class defaults
german_grand_prix,WET,2018,0.95,0.08,10,40,20.0,1.45,2026-09-28,2018_to_2024,km_survival_v1,fcf4949,2026-09-28T14:48:59Z,compound_class_default,class_default,class_default,class_default,0,insufficient data (0 stints); used class defaults
german_grand_prix,WET,2019,0.95,0.08,10,40,20.0,1.45,2026-09-28,2018_to_2024,km_survival_v1,fcf4949,2026-09-28T14:48:59Z,compound_class_default,class_default,class_default,class_default,0,insufficient data (0 stints); used class defaults
hungarian_grand_prix,HARD,2019,0.97,0.022,76,108,50.0,1.2,2026-09-28,2018_to_2024,km_survival_v1,fcf4949,2026-09-28T14:48:59Z,compound_class_default,class_default,class_default,class_default,0,insufficient data (0 stints); used class defaults
hungarian_grand_prix,HARD,2020,0.97,0.2277,76,108,10.0,1.08,2026-09-28,2018_to_2024,km_survival_v1,fcf4949,2026-09-28T14:48:59Z,cox_km_survival,fitted,fitted,fitted,16,fitted from 16 stints via cox_km_survival
hungarian_grand_prix,HARD,2021,0.97,0.0937,76,108,16.0,0.97,2026-09-28,2018_to_2024,km_survival_v1,fcf4949,2026-09-28T14:48:59Z,cox_km_survival,fitted,fitted,fitted,30,fitted from 30 stints via cox_km_survival
hungarian_grand_prix,HARD,2022,0.97,0.1193,76,108,14.0,1.02,2026-09-28,2018_to_2024,km_survival_v1,fcf4949,2026-09-28T14:48:59Z,cox_km_survival,fitted,fitted,fitted,44,fitted from 44 stints via cox_km_survival
hungarian_grand_prix,HARD,2023,0.97,0.1091,76,108,14.0,1.04,2026-09-28,2018_to_2024,km_survival_v1,fcf4949,2026-09-28T14:48:59Z,cox_km_survival,fitted,fitted,fitted,53,fitted from 53 stints via cox_km_survival
hungarian_grand_prix,HARD,2024,0.97,0.0859,76,108,16.0,1.03,2026-09-28,2018_to_2024,km_survival_v1,fcf4949,2026-09-28T14:48:59Z,cox_km_survival,fitted,fitted,fitted,81,fitted from 81 stints via cox_km_survival
hungarian_grand_prix,INTERMEDIATE,2020,0.98,0.055,15,50,25.0,1.3,2026-09-28,2018_to_2024,km_survival_v1,fcf4949,2026-09-28T14:48:59Z,compound_class_default,class_default,class_default,class_default,0,insufficient data (0 stints); used class defaults
hungarian_grand_prix,MEDIUM,2018,1.0,0.04,78,105,33.0,1.4,2026-09-28,2018_to_2024,km_survival_v1,fcf4949,2026-09-28T14:48:59Z,compound_class_default,class_default,class_default,class_default,0,insufficient data (0 stints); used class defaults
hungarian_grand_prix,MEDIUM,2019,1.0,0.0709,78,105,33.0,0.95,2026-09-28,2018_to_2024,km_survival_v1,fcf4949,2026-09-28T14:48:59Z,cox_km_survival,class_default,fitted,fitted,8,8 stints via cox_km_survival; no usable estimate for onset: class default used
hungarian_grand_prix,MEDIUM,2020,1.0,0.0971,78,105,17.0,0.87,2026-09-28,2018_to_2024,km_survival_v1,fcf4949,2026-09-28T14:48:59Z,cox_km_survival,fitted,fitted,fitted,26,fitted from 26 stints via cox_km_survival
hungarian_grand_prix,MEDIUM,2021,1.0,0.0966,78,105,15.0,0.86,2026-09-28,2018_to_2024,km_survival_v1,fcf4949,2026-09-28T14:48:59Z,cox_km_survival,fitted,fitted,fitted,47,fitted from 47 stints via cox_km_survival
hungarian_grand_prix,MEDIUM,2022,1.0,0.1103,78,105,16.0,0.86,2026-09-28,2018_to_2024,km_survival_v1,fcf4949,2026-09-28T14:48:59Z,cox_km_survival,fitted,fitted,fitted,64,fitted from 64 stints via cox_km_survival
hungarian_grand_prix,MEDIUM,2023,1.0,0.1066,78,105,16.0,0.84,2026-09-28,2018_to_2024,km_survival_v1,fcf4949,2026-09-28T14:48:59Z,cox_km_survival,fitted,fitted,fitted,94,fitted from 94 stints via cox_km_survival
hungarian_grand_prix,MEDIUM,2024,1.0,0.1115,78,105,17.0,0.83,2026-09-28,2018_to_2024,km_survival_v1,fcf4949,2026-09-28T14:48:59Z,cox_km_survival,fitted,fitted,fitted,117,fitted from 117 stints via cox_km_survival
hungarian_grand_prix,SOFT,2018,1.03,0.07,82,108,22.0,1.5,2026-09-28,2018_to_2024,km_survival_v1,fcf4949,2026-09-28T14:48:59Z,compound_class_default,class_default,class_default,class_default,0,insufficient data (0 stints); used class defaults
hungarian_grand_prix,SOFT,2019,1.03,0.0552,82,108,19.0,0.83,2026-09-28,2018_to_2024,km_survival_v1,fcf4949,2026-09-28T14:48:59Z,cox_km_survival,fitted,fitted,fitted,16,fitted from 16 stints via cox_km_survival
hungarian_grand_prix,SOFT,2020,1.03,0.0551,82,108,27.0,0.9,2026-09-28,2018_to_2024,km_survival_v1,fcf4949,2026-09-28T14:48:59Z,cox_km_survival,fitted,fitted,fitted,25,fitted from 25 stints via cox_km_survival
hungarian_grand_prix,SOFT,2021,1.03,0.0685,82,108,19.0,1.14,2026-09-28,2018_to_2024,km_survival_v1,fcf4949,2026-09-28T14:48:59Z,cox_km_survival,fitted,fitted,fitted,32,fitted from 32 stints via cox_km_survival
hungarian_grand_prix,SOFT,2022,1.03,0.0664,82,108,19.0,1.15,2026-09-28,2018_to_2024,km_survival_v1,fcf4949,2026-09-28T14:48:59Z,cox_km_survival,fitted,fitted,fitted,33,fitted from 33 stints via cox_km_survival
hungarian_grand_prix,SOFT,2023,1.03,0.1032,82,108,14.0,1.15,2026-09-28,2018_to_2024,km_survival_v1,fcf4949,2026-09-28T14:48:59Z,cox_km_survival,fitted,fitted,fitted,53,fitted from 53 stints via cox_km_survival
hungarian_grand_prix,SOFT,2024,1.03,0.1032,82,108,14.0,1.15,2026-09-28,2018_to_2024,km_survival_v1,fcf4949,2026-09-28T14:48:59Z,cox_km_survival,fitted,fitted,fitted,56,fitted from 56 stints via cox_km_survival
hungarian_grand_prix,ULTRASOFT,2018,1.07,0.1,82,108,14.0,1.5,2026-09-28,2018_to_2024,km_survival_v1,fcf4949,2026-09-28T14:48:59Z,compound_class_default,class_default,class_default,class_default,0,insufficient data (0 stints); used class defaults
italian_grand_prix,HARD,2019,0.97,0.022,76,108,50.0,1.2,2026-09-28,2018_to_2024,km_survival_v1,fcf4949,2026-09-28T14:48:59Z,compound_class_default,class_default,class_default,class_default,0,insufficient data (0 stints); used class defaults
italian_grand_prix,HARD,2020,0.97,0.022,76,108,50.0,1.2,2026-09-28,2018_to_2024,km_survival_v1,fcf4949,2026-09-28T14:48:59Z,compound_class_default,class_default,class_default,class_default,5,insufficient data (5 stints); used class defaults
italian_grand_prix,HARD,2021,0.97,0.022,76,108,25.0,0.98,2026-09-28,2018_to_2024,km_survival_v1,fcf4949,2026-09-28T14:48:59Z,cox_km_survival,fitted,class_default,fitted,11,11 stints via cox_km_survival; no usable estimate for gradient: class default used
italian_grand_prix,HARD,2022,0.97,0.0978,76,108,21.0,0.67,2026-09-28,2018_to_2024,km_survival_v1,fcf4949,2026-09-28T14:48:59Z,cox_km_survival,fitted,fitted,fitted,27,fitted from 27 stints via cox_km_survival
italian_grand_prix,HARD,2023,0.97,0.0516,76,108,26.0,0.7,2026-09-28,2018_to_2024,km_survival_v1,fcf4949,2026-09-28T14:48:59Z,cox_km_survival,fitted,fitted,fitted,37,fitted from 37 stints via cox_km_survival
italian_grand_prix,HARD,2024,0.97,0.055,76,108,25.0,0.76,2026-09-28,2018_to_2024,km_survival_v1,fcf4949,2026-09-28T14:48:59Z,cox_km_survival,fitted,fitted,fitted,56,fitted from 56 stints via cox_km_survival
italian_grand_prix,MEDIUM,2018,1.0,0.04,78,105,33.0,1.4,2026-09-28,2018_to_2024,km_survival_v1,fcf4949,2026-09-28T14:48:59Z,compound_class_default,class_default,class_default,class_default,0,insufficient data (0 stints); used class defaults
italian_grand_prix,MEDIUM,2019,1.0,0.04,78,105,33.0,1.4,2026-09-28,2018_to_2024,km_survival_v1,fcf4949,2026-09-28T14:48:59Z,compound_class_default,class_default,class_default,class_default,1,insufficient data (1 stints); used class defaults
italian_grand_prix,MEDIUM,2020,1.0,0.0521,78,105,19.5,0.95,2026-09-28,2018_to_2024,km_survival_v1,fcf4949,2026-09-28T14:48:59Z,cox_km_survival,fitted,fitted,fitted,21,fitted from 21 stints via cox_km_survival
italian_grand_prix,MEDIUM,2021,1.0,0.049,78,105,26.0,0.8,2026-09-28,2018_to_2024,km_survival_v1,fcf4949,2026-09-28T14:48:59Z,cox_km_survival,fitted,fitted,fitted,36,fitted from 36 stints via cox_km_survival
italian_grand_prix,MEDIUM,2022,1.0,0.0655,78,105,21.0,0.77,2026-09-28,2018_to_2024,km_survival_v1,fcf4949,2026-09-28T14:48:59Z,cox_km_survival,fitted,fitted,fitted,54,fitted from 54 stints via cox_km_survival
italian_grand_prix,MEDIUM,2023,1.0,0.0662,78,105,23.0,0.72,2026-09-28,2018_to_2024,km_survival_v1,fcf4949,2026-09-28T14:48:59Z,cox_km_survival,fitted,fitted,fitted,72,fitted from 72 stints via cox_km_survival
italian_grand_prix,MEDIUM,2024,1.0,0.0753,78,105,21.0,0.78,2026-09-28,2018_to_2024,km_survival_v1,fcf4949,2026-09-28T14:48:59Z,cox_km_survival,fitted,fitted,fitted,97,fitted from 97 stints via cox_km_survival
italian_grand_prix,SOFT,2018,1.03,0.07,82,108,22.0,1.5,2026-09-28,2018_to_2024,km_survival_v1,fcf4949,2026-09-28T14:48:59Z,compound_class_default,class_default,class_default,class_default,0,insufficient data (0 stints); used class defaults
italian_grand_prix,SOFT,2019,1.03,0.1449,82,108,13.0,0.85,2026-09-28,2018_to_2024,km_survival_v1,fcf4949,2026-09-28T14:48:59Z,cox_km_survival,fitted,fitted,fitted,15,fitted from 15 stints via cox_km_survival
italian_grand_prix,SOFT,2020,1.03,0.0724,82,108,17.0,0.91,2026-09-28,2018_to_2024,km_survival_v1,fcf4949,2026-09-28T14:48:59Z,cox_km_survival,fitted,fitted,fitted,36,fitted from 36 stints via cox_km_survival
italian_grand_prix,SOFT,2021,1.03,0.0704,82,108,29.0,0.88,2026-09-28,2018_to_2024,km_survival_v1,fcf4949,2026-09-28T14:48:59Z,cox_km_survival,fitted,fitted,fitted,51,fitted from 51 stints via cox_km_survival
italian_grand_prix,SOFT,2022,1.03,0.0704,82,108,29.0,0.88,2026-09-28,2018_to_2024,km_survival_v1,fcf4949,2026-09-28T14:48:59Z,cox_km_survival,fitted,fitted,fitted,51,fitted from 51 stints via cox_km_survival
italian_grand_prix,SOFT,2024,1.03,0.0652,82,108,29.0,0.72,2026-09-28,2018_to_2024,km_survival_v1,fcf4949,2026-09-28T14:48:59Z,cox_km_survival,fitted,fitted,fitted,63,fitted from 63 stints via cox_km_survival
italian_grand_prix,SUPERSOFT,2018,1.05,0.085,82,108,18.0,1.5,2026-09-28,2018_to_2024,km_survival_v1,fcf4949,2026-09-28T14:48:59Z,compound_class_default,class_default,class_default,class_default,0,insufficient data (0 stints); used class defaults
japanese_grand_prix,HARD,2019,0.97,0.022,76,108,50.0,1.2,2026-09-28,2018_to_2024,km_survival_v1,fcf4949,2026-09-28T14:48:59Z,compound_class_default,class_default,class_default,class_default,0,insufficient data (0 stints); used class defaults
japanese_grand_prix,HARD,2023,0.97,0.022,76,108,50.0,1.2,2026-09-28,2018_to_2024,km_survival_v1,fcf4949,2026-09-28T14:48:59Z,compound_class_default,class_default,class_default,class_default,7,insufficient data (7 stints); used class defaults
japanese_grand_prix,HARD,2024,0.97,0.174,76,108,11.0,1.05,2026-09-28,2018_to_2024,km_survival_v1,fcf4949,2026-09-28T14:48:59Z,cox_km_survival,fitted,fitted,fitted,30,fitted from 30 stints via cox_km_survival
japanese_grand_prix,INTERMEDIATE,2022,0.98,0.055,15,50,25.0,1.3,2026-09-28,2018_to_2024,km_survival_v1,fcf4949,2026-09-28T14:48:59Z,compound_class_default,class_default,class_default,class_default,0,insufficient data (0 stints); used class defaults
japanese_grand_prix,MEDIUM,2018,1.0,0.04,78,105,33.0,1.4,2026-09-28,2018_to_2024,km_survival_v1,fcf4949,2026-09-28T14:48:59Z,compound_class_default,class_default,class_default,class_default,0,insufficient data (0 stints); used class defaults
japanese_grand_prix,MEDIUM,2019,1.0,0.1351,78,105,16.0,0.99,2026-09-28,2018_to_2024,km_survival_v1,fcf4949,2026-09-28T14:48:59Z,cox_km_survival,fitted,fitted,fitted,14,fitted from 14 stints via cox_km_survival
japanese_grand_prix,MEDIUM,2023,1.0,0.2069,78,105,12.0,1.02,2026-09-28,2018_to_2024,km_survival_v1,fcf4949,2026-09-28T14:48:59Z,cox_km_survival,fitted,fitted,fitted,33,fitted from 33 stints via cox_km_survival
japanese_grand_prix,MEDIUM,2024,1.0,0.2218,78,105,10.0,0.96,2026-09-28,2018_to_2024,km_survival_v1,fcf4949,2026-09-28T14:48:59Z,cox_km_survival,fitted,fitted,fitted,52,fitted from 52 stints via cox_km_survival
japanese_grand_prix,SOFT,2018,1.03,0.07,82,108,22.0,1.5,2026-09-28,2018_to_2024,km_survival_v1,fcf4949,2026-09-28T14:48:59Z,compound_class_default,class_default,class_default,class_default,0,insufficient data (0 stints); used class defaults
japanese_grand_prix,SOFT,2019,1.03,0.0473,82,108,16.0,0.91,2026-09-28,2018_to_2024,km_survival_v1,fcf4949,2026-09-28T14:48:59Z,cox_km_survival,fitted,fitted,fitted,14,fitted from 14 stints via cox_km_survival
japanese_grand_prix,SOFT,2023,1.03,0.1081,82,108,19.0,1.02,2026-09-28,2018_to_2024,km_survival_v1,fcf4949,2026-09-28T14:48:59Z,cox_km_survival,fitted,fitted,fitted,36,fitted from 36 stints via cox_km_survival
japanese_grand_prix,SOFT,2024,1.03,0.1116,82,108,19.0,1.03,2026-09-28,2018_to_2024,km_survival_v1,fcf4949,2026-09-28T14:48:59Z,cox_km_survival,fitted,fitted,fitted,44,fitted from 44 stints via cox_km_survival
japanese_grand_prix,SUPERSOFT,2018,1.05,0.085,82,108,18.0,1.5,2026-09-28,2018_to_2024,km_survival_v1,fcf4949,2026-09-28T14:48:59Z,compound_class_default,class_default,class_default,class_default,0,insufficient data (0 stints); used class defaults
japanese_grand_prix,WET,2022,0.95,0.08,10,40,20.0,1.45,2026-09-28,2018_to_2024,km_survival_v1,fcf4949,2026-09-28T14:48:59Z,compound_class_default,class_default,class_default,class_default,0,insufficient data (0 stints); used class defaults
las_vegas_grand_prix,HARD,2023,0.97,0.022,76,108,50.0,1.2,2026-09-28,2018_to_2024,km_survival_v1,fcf4949,2026-09-28T14:48:59Z,compound_class_default,class_default,class_default,class_default,0,insufficient data (0 stints); used class defaults
las_vegas_grand_prix,HARD,2024,0.97,0.0247,76,108,20.0,0.82,2026-09-28,2018_to_2024,km_survival_v1,fcf4949,2026-09-28T14:48:59Z,cox_km_survival,fitted,fitted,fitted,29,fitted from 29 stints via cox_km_survival
las_vegas_grand_prix,MEDIUM,2023,1.0,0.04,78,105,33.0,1.4,2026-09-28,2018_to_2024,km_survival_v1,fcf4949,2026-09-28T14:48:59Z,compound_class_default,class_default,class_default,class_default,0,insufficient data (0 stints); used class defaults
las_vegas_grand_prix,MEDIUM,2024,1.0,0.1765,78,105,16.0,1.17,2026-09-28,2018_to_2024,km_survival_v1,fcf4949,2026-09-28T14:48:59Z,cox_km_survival,fitted,fitted,fitted,15,fitted from 15 stints via cox_km_survival
las_vegas_grand_prix,SOFT,2023,1.03,0.07,82,108,22.0,1.5,2026-09-28,2018_to_2024,km_survival_v1,fcf4949,2026-09-28T14:48:59Z,compound_class_default,class_default,class_default,class_default,0,insufficient data (0 stints); used class defaults
las_vegas_grand_prix,SOFT,2024,1.03,0.07,82,108,22.0,1.5,2026-09-28,2018_to_2024,km_survival_v1,fcf4949,2026-09-28T14:48:59Z,compound_class_default,class_default,class_default,class_default,1,insufficient data (1 stints); used class defaults
mexican_grand_prix,HARD,2019,0.97,0.022,76,108,50.0,1.2,2026-09-28,2018_to_2024,km_survival_v1,fcf4949,2026-09-28T14:48:59Z,compound_class_default,class_default,class_default,class_default,0,insufficient data (0 stints); used class defaults
mexican_grand_prix,HYPERSOFT,2018,1.09,0.115,82,108,10.0,1.5,2026-09-28,2018_to_2024,km_survival_v1,fcf4949,2026-09-28T14:48:59Z,compound_class_default,class_default,class_default,class_default,0,insufficient data (0 stints); used class defaults
mexican_grand_prix,MEDIUM,2019,1.0,0.04,78,105,33.0,1.4,2026-09-28,2018_to_2024,km_survival_v1,fcf4949,2026-09-28T14:48:59Z,compound_class_default,class_default,class_default,class_default,0,insufficient data (0 stints); used class defaults
mexican_grand_prix,SOFT,2019,1.03,0.07,82,108,22.0,1.5,2026-09-28,2018_to_2024,km_survival_v1,fcf4949,2026-09-28T14:48:59Z,compound_class_default,class_default,class_default,class_default,0,insufficient data (0 stints); used class defaults
mexican_grand_prix,SUPERSOFT,2018,1.05,0.085,82,108,18.0,1.5,2026-09-28,2018_to_2024,km_survival_v1,fcf4949,2026-09-28T14:48:59Z,compound_class_default,class_default,class_default,class_default,0,insufficient data (0 stints); used class defaults
mexican_grand_prix,ULTRASOFT,2018,1.07,0.1,82,108,14.0,1.5,2026-09-28,2018_to_2024,km_survival_v1,fcf4949,2026-09-28T14:48:59Z,compound_class_default,class_default,class_default,class_default,0,insufficient data (0 stints); used class defaults
mexico_city_grand_prix,HARD,2021,0.97,0.0923,76,108,17.0,1.08,2026-09-28,2018_to_2024,km_survival_v1,fcf4949,2026-09-28T14:48:59Z,cross_season_fallback,cross_season_fallback,cross_season_fallback,cross_season_fallback,20,insufficient season stints (0); used 20 cross-season stints
mexico_city_grand_prix,HARD,2022,0.97,0.1277,76,108,10.0,0.6,2026-09-28,2018_to_2024,km_survival_v1,fcf4949,2026-09-28T14:48:59Z,cox_km_survival,fitted,fitted,fitted,18,fitted from 18 stints via cox_km_survival
mexico_city_grand_prix,HARD,2023,0.97,0.1336,76,108,10.0,0.58,2026-09-28,2018_to_2024,km_survival_v1,fcf4949,2026-09-28T14:48:59Z,cox_km_survival,fitted,fitted,fitted,25,fitted from 25 stints via cox_km_survival
mexico_city_grand_prix,HARD,2024,0.97,0.1365,76,108,13.0,0.65,2026-09-28,2018_to_2024,km_survival_v1,fcf4949,2026-09-28T14:48:59Z,cox_km_survival,fitted,fitted,fitted,49,fitted from 49 stints via cox_km_survival
mexico_city_grand_prix,MEDIUM,2021,1.0,0.0908,78,105,20.0,1.06,2026-09-28,2018_to_2024,km_survival_v1,fcf4949,2026-09-28T14:48:59Z,cross_season_fallback,cross_season_fallback,cross_season_fallback,cross_season_fallback,22,insufficient season stints (0); used 22 cross-season stints
mexico_city_grand_prix,MEDIUM,2022,1.0,0.1687,78,105,33.0,0.57,2026-09-28,2018_to_2024,km_survival_v1,fcf4949,2026-09-28T14:48:59Z,cox_km_survival,fitted,fitted,fitted,20,fitted from 20 stints via cox_km_survival
mexico_city_grand_prix,MEDIUM,2023,1.0,0.0578,78,105,38.0,0.7,2026-09-28,2018_to_2024,km_survival_v1,fcf4949,2026-09-28T14:48:59Z,cox_km_survival,fitted,fitted,fitted,39,fitted from 39 stints via cox_km_survival
mexico_city_grand_prix,MEDIUM,2024,1.0,0.0647,78,105,33.0,0.77,2026-09-28,2018_to_2024,km_survival_v1,fcf4949,2026-09-28T14:48:59Z,cox_km_survival,fitted,fitted,fitted,63,fitted from 63 stints via cox_km_survival
mexico_city_grand_prix,SOFT,2021,1.03,0.07,82,108,22.0,1.5,2026-09-28,2018_to_2024,km_survival_v1,fcf4949,2026-09-28T14:48:59Z,compound_class_default,class_default,class_default,class_default,0,insufficient data (0 stints); used class defaults
mexico_city_grand_prix,SOFT,2022,1.03,0.07,82,108,22.0,1.5,2026-09-28,2018_to_2024,km_survival_v1,fcf4949,2026-09-28T14:48:59Z,compound_class_default,class_default,class_default,class_default,1,insufficient data (1 stints); used class defaults
mexico_city_grand_prix,SOFT,2023,1.03,0.0617,82,108,25.0,1.17,2026-09-28,2018_to_2024,km_survival_v1,fcf4949,2026-09-28T14:48:59Z,cox_km_survival,fitted,fitted,fitted,17,fitted from 17 stints via cox_km_survival
mexico_city_grand_prix,SOFT,2024,1.03,0.0659,82,108,23.0,1.13,2026-09-28,2018_to_2024,km_survival_v1,fcf4949,2026-09-28T14:48:59Z,cox_km_survival,fitted,fitted,fitted,18,fitted from 18 stints via cox_km_survival
miami_grand_prix,HARD,2022,0.97,0.022,76,108,50.0,1.2,2026-09-28,2018_to_2024,km_survival_v1,fcf4949,2026-09-28T14:48:59Z,compound_class_default,class_default,class_default,class_default,0,insufficient data (0 stints); used class defaults
miami_grand_prix,HARD,2023,0.97,0.0409,76,108,31.0,0.74,2026-09-28,2018_to_2024,km_survival_v1,fcf4949,2026-09-28T14:48:59Z,cox_km_survival,fitted,fitted,fitted,19,fitted from 19 stints via cox_km_survival
miami_grand_prix,HARD,2024,0.97,0.0386,76,108,31.0,0.66,2026-09-28,2018_to_2024,km_survival_v1,fcf4949,2026-09-28T14:48:59Z,cox_km_survival,fitted,fitted,fitted,39,fitted from 39 stints via cox_km_survival
miami_grand_prix,MEDIUM,2022,1.0,0.04,78,105,33.0,1.4,2026-09-28,2018_to_2024,km_survival_v1,fcf4949,2026-09-28T14:48:59Z,compound_class_default,class_default,class_default,class_default,0,insufficient data (0 stints); used class defaults
miami_grand_prix,MEDIUM,2023,1.0,0.0374,78,105,19.0,0.71,2026-09-28,2018_to_2024,km_survival_v1,fcf4949,2026-09-28T14:48:59Z,cox_km_survival,fitted,fitted,fitted,21,fitted from 21 stints via cox_km_survival
miami_grand_prix,MEDIUM,2024,1.0,0.1187,78,105,12.0,0.72,2026-09-28,2018_to_2024,km_survival_v1,fcf4949,2026-09-28T14:48:59Z,cox_km_survival,fitted,fitted,fitted,38,fitted from 38 stints via cox_km_survival
miami_grand_prix,SOFT,2022,1.03,0.07,82,108,22.0,1.5,2026-09-28,2018_to_2024,km_survival_v1,fcf4949,2026-09-28T14:48:59Z,compound_class_default,class_default,class_default,class_default,0,insufficient data (0 stints); used class defaults
miami_grand_prix,SOFT,2023,1.03,0.07,82,108,22.0,1.5,2026-09-28,2018_to_2024,km_survival_v1,fcf4949,2026-09-28T14:48:59Z,compound_class_default,class_default,class_default,class_default,3,insufficient data (3 stints); used class defaults
miami_grand_prix,SOFT,2024,1.03,0.07,82,108,22.0,1.5,2026-09-28,2018_to_2024,km_survival_v1,fcf4949,2026-09-28T14:48:59Z,compound_class_default,class_default,class_default,class_default,4,insufficient data (4 stints); used class defaults
monaco_grand_prix,HARD,2019,0.97,0.022,76,108,50.0,1.2,2026-09-28,2018_to_2024,km_survival_v1,fcf4949,2026-09-28T14:48:59Z,compound_class_default,class_default,class_default,class_default,0,insufficient data (0 stints); used class defaults
monaco_grand_prix,HARD,2021,0.97,0.0349,76,108,50.0,0.77,2026-09-28,2018_to_2024,km_survival_v1,fcf4949,2026-09-28T14:48:59Z,cox_km_survival,class_default,fitted,fitted,8,8 stints via cox_km_survival; no usable estimate for onset: class default used
monaco_grand_prix,HARD,2023,0.97,0.1862,76,108,12.0,0.95,2026-09-28,2018_to_2024,km_survival_v1,fcf4949,2026-09-28T14:48:59Z,cox_km_survival,fitted,fitted,fitted,24,fitted from 24 stints via cox_km_survival
monaco_grand_prix,HARD,2024,0.97,0.2678,76,108,13.0,1.08,2026-09-28,2018_to_2024,km_survival_v1,fcf4949,2026-09-28T14:48:59Z,cox_km_survival,fitted,fitted,fitted,39,fitted from 39 stints via cox_km_survival
monaco_grand_prix,HYPERSOFT,2018,1.09,0.115,82,108,10.0,1.5,2026-09-28,2018_to_2024,km_survival_v1,fcf4949,2026-09-28T14:48:59Z,compound_class_default,class_default,class_default,class_default,0,insufficient data (0 stints); used class defaults
monaco_grand_prix,INTERMEDIATE,2023,0.98,0.055,15,50,25.0,1.3,2026-09-28,2018_to_2024,km_survival_v1,fcf4949,2026-09-28T14:48:59Z,compound_class_default,class_default,class_default,class_default,0,insufficient data (0 stints); used class defaults
monaco_grand_prix,MEDIUM,2019,1.0,0.04,78,105,33.0,1.4,2026-09-28,2018_to_2024,km_survival_v1,fcf4949,2026-09-28T14:48:59Z,compound_class_default,class_default,class_default,class_default,0,insufficient data (0 stints); used class defaults
monaco_grand_prix,MEDIUM,2021,1.0,0.04,78,105,13.0,1.29,2026-09-28,2018_to_2024,km_survival_v1,fcf4949,2026-09-28T14:48:59Z,cox_km_survival,fitted,class_default,fitted,17,17 stints via cox_km_survival; no usable estimate for gradient: class default used
monaco_grand_prix,MEDIUM,2023,1.0,0.2294,78,105,16.0,1.16,2026-09-28,2018_to_2024,km_survival_v1,fcf4949,2026-09-28T14:48:59Z,cox_km_survival,fitted,fitted,fitted,23,fitted from 23 stints via cox_km_survival
monaco_grand_prix,MEDIUM,2024,1.0,0.04,78,105,14.0,1.15,2026-09-28,2018_to_2024,km_survival_v1,fcf4949,2026-09-28T14:48:59Z,cox_km_survival,fitted,class_default,fitted,35,35 stints via cox_km_survival; no usable estimate for gradient: class default used
monaco_grand_prix,SOFT,2019,1.03,0.07,82,108,22.0,1.5,2026-09-28,2018_to_2024,km_survival_v1,fcf4949,2026-09-28T14:48:59Z,compound_class_default,class_default,class_default,class_default,0,insufficient data (0 stints); used class defaults
monaco_grand_prix,SOFT,2021,1.03,0.1759,82,108,16.0,1.14,2026-09-28,2018_to_2024,km_survival_v1,fcf4949,2026-09-28T14:48:59Z,cox_km_survival,fitted,fitted,fitted,15,fitted from 15 stints via cox_km_survival
monaco_grand_prix,SOFT,2023,1.03,0.1261,82,108,22.0,1.22,2026-09-28,2018_to_2024,km_survival_v1,fcf4949,2026-09-28T14:48:59Z,cox_km_survival,fitted,fitted,fitted,31,fitted from 31 stints via cox_km_survival
monaco_grand_prix,SOFT,2024,1.03,0.1857,82,108,19.0,1.23,2026-09-28,2018_to_2024,km_survival_v1,fcf4949,2026-09-28T14:48:59Z,cox_km_survival,fitted,fitted,fitted,32,fitted from 32 stints via cox_km_survival
monaco_grand_prix,SUPERSOFT,2018,1.05,0.085,82,108,18.0,1.5,2026-09-28,2018_to_2024,km_survival_v1,fcf4949,2026-09-28T14:48:59Z,compound_class_default,class_default,class_default,class_default,0,insufficient data (0 stints); used class defaults
monaco_grand_prix,ULTRASOFT,2018,1.07,0.1,82,108,14.0,1.5,2026-09-28,2018_to_2024,km_survival_v1,fcf4949,2026-09-28T14:48:59Z,compound_class_default,class_default,class_default,class_default,0,insufficient data (0 stints); used class defaults
monaco_grand_prix,WET,2023,0.95,0.08,10,40,20.0,1.45,2026-09-28,2018_to_2024,km_survival_v1,fcf4949,2026-09-28T14:48:59Z,compound_class_default,class_default,class_default,class_default,0,insufficient data (0 stints); used class defaults
portuguese_grand_prix,HARD,2020,0.97,0.022,76,108,50.0,1.2,2026-09-28,2018_to_2024,km_survival_v1,fcf4949,2026-09-28T14:48:59Z,compound_class_default,class_default,class_default,class_default,0,insufficient data (0 stints); used class defaults
portuguese_grand_prix,HARD,2021,0.97,0.2304,76,108,9.0,0.45,2026-09-28,2018_to_2024,km_survival_v1,fcf4949,2026-09-28T14:48:59Z,cox_km_survival,fitted,fitted,fitted,12,fitted from 12 stints via cox_km_survival
portuguese_grand_prix,MEDIUM,2020,1.0,0.04,78,105,33.0,1.4,2026-09-28,2018_to_2024,km_survival_v1,fcf4949,2026-09-28T14:48:59Z,compound_class_default,class_default,class_default,class_default,0,insufficient data (0 stints); used class defaults
portuguese_grand_prix,MEDIUM,2021,1.0,0.0287,78,105,34.0,0.67,2026-09-28,2018_to_2024,km_survival_v1,fcf4949,2026-09-28T14:48:59Z,cox_km_survival,fitted,fitted,fitted,20,fitted from 20 stints via cox_km_survival
portuguese_grand_prix,SOFT,2020,1.03,0.07,82,108,22.0,1.5,2026-09-28,2018_to_2024,km_survival_v1,fcf4949,2026-09-28T14:48:59Z,compound_class_default,class_default,class_default,class_default,0,insufficient data (0 stints); used class defaults
portuguese_grand_prix,SOFT,2021,1.03,0.232,82,108,15.0,0.71,2026-09-28,2018_to_2024,km_survival_v1,fcf4949,2026-09-28T14:48:59Z,cox_km_survival,fitted,fitted,fitted,12,fitted from 12 stints via cox_km_survival
qatar_grand_prix,HARD,2021,0.97,0.022,76,108,50.0,1.2,2026-09-28,2018_to_2024,km_survival_v1,fcf4949,2026-09-28T14:48:59Z,compound_class_default,class_default,class_default,class_default,0,insufficient data (0 stints); used class defaults
qatar_grand_prix,HARD,2023,0.97,0.1095,76,108,22.0,0.81,2026-09-28,2018_to_2024,km_survival_v1,fcf4949,2026-09-28T14:48:59Z,cox_km_survival,fitted,fitted,fitted,15,fitted from 15 stints via cox_km_survival
qatar_grand_prix,HARD,2024,0.97,0.1293,76,108,27.0,0.78,2026-09-28,2018_to_2024,km_survival_v1,fcf4949,2026-09-28T14:48:59Z,cox_km_survival,fitted,fitted,fitted,40,fitted from 40 stints via cox_km_survival
qatar_grand_prix,MEDIUM,2021,1.0,0.04,78,105,33.0,1.4,2026-09-28,2018_to_2024,km_survival_v1,fcf4949,2026-09-28T14:48:59Z,compound_class_default,class_default,class_default,class_default,0,insufficient data (0 stints); used class defaults
qatar_grand_prix,MEDIUM,2023,1.0,0.1007,78,105,19.5,0.46,2026-09-28,2018_to_2024,km_survival_v1,fcf4949,2026-09-28T14:48:59Z,cox_km_survival,fitted,fitted,fitted,21,fitted from 21 stints via cox_km_survival
qatar_grand_prix,MEDIUM,2024,1.0,0.089,78,105,17.0,0.75,2026-09-28,2018_to_2024,km_survival_v1,fcf4949,2026-09-28T14:48:59Z,cox_km_survival,fitted,fitted,fitted,61,fitted from 61 stints via cox_km_survival
qatar_grand_prix,SOFT,2021,1.03,0.07,82,108,22.0,1.5,2026-09-28,2018_to_2024,km_survival_v1,fcf4949,2026-09-28T14:48:59Z,compound_class_default,class_default,class_default,class_default,0,insufficient data (0 stints); used class defaults
qatar_grand_prix,SOFT,2023,1.03,0.2347,82,108,11.0,0.51,2026-09-28,2018_to_2024,km_survival_v1,fcf4949,2026-09-28T14:48:59Z,cox_km_survival,fitted,fitted,fitted,13,fitted from 13 stints via cox_km_survival
qatar_grand_prix,SOFT,2024,1.03,0.2347,82,108,11.0,0.51,2026-09-28,2018_to_2024,km_survival_v1,fcf4949,2026-09-28T14:48:59Z,cox_km_survival,fitted,fitted,fitted,15,fitted from 15 stints via cox_km_survival
russian_grand_prix,HARD,2019,0.97,0.022,76,108,50.0,1.2,2026-09-28,2018_to_2024,km_survival_v1,fcf4949,2026-09-28T14:48:59Z,compound_class_default,class_default,class_default,class_default,0,insufficient data (0 stints); used class defaults
russian_grand_prix,HARD,2020,0.97,0.022,76,108,50.0,1.2,2026-09-28,2018_to_2024,km_survival_v1,fcf4949,2026-09-28T14:48:59Z,compound_class_default,class_default,class_default,class_default,2,insufficient data (2 stints); used class defaults
russian_grand_prix,HARD,2021,0.97,0.0792,76,108,32.0,0.83,2026-09-28,2018_to_2024,km_survival_v1,fcf4949,2026-09-28T14:48:59Z,cox_km_survival,fitted,fitted,fitted,20,fitted from 20 stints via cox_km_survival
russian_grand_prix,HYPERSOFT,2018,1.09,0.115,82,108,10.0,1.5,2026-09-28,2018_to_2024,km_survival_v1,fcf4949,2026-09-28T14:48:59Z,compound_class_default,class_default,class_default,class_default,0,insufficient data (0 stints); used class defaults
russian_grand_prix,INTERMEDIATE,2021,0.98,0.055,15,50,25.0,1.3,2026-09-28,2018_to_2024,km_survival_v1,fcf4949,2026-09-28T14:48:59Z,compound_class_default,class_default,class_default,class_default,0,insufficient data (0 stints); used class defaults
russian_grand_prix,MEDIUM,2019,1.0,0.04,78,105,33.0,1.4,2026-09-28,2018_to_2024,km_survival_v1,fcf4949,2026-09-28T14:48:59Z,compound_class_default,class_default,class_default,class_default,0,insufficient data (0 stints); used class defaults
russian_grand_prix,MEDIUM,2020,1.0,0.04,78,105,22.5,0.86,2026-09-28,2018_to_2024,km_survival_v1,fcf4949,2026-09-28T14:48:59Z,cox_km_survival,fitted,class_default,fitted,18,18 stints via cox_km_survival; no usable estimate for gradient: class default used
russian_grand_prix,MEDIUM,2021,1.0,0.1752,78,105,22.0,1.14,2026-09-28,2018_to_2024,km_survival_v1,fcf4949,2026-09-28T14:48:59Z,cox_km_survival,fitted,fitted,fitted,33,fitted from 33 stints via cox_km_survival
russian_grand_prix,SOFT,2018,1.03,0.07,82,108,22.0,1.5,2026-09-28,2018_to_2024,km_survival_v1,fcf4949,2026-09-28T14:48:59Z,compound_class_default,class_default,class_default,class_default,0,insufficient data (0 stints); used class defaults
russian_grand_prix,SOFT,2019,1.03,0.0235,82,108,22.0,0.81,2026-09-28,2018_to_2024,km_survival_v1,fcf4949,2026-09-28T14:48:59Z,cox_km_survival,fitted,fitted,fitted,18,fitted from 18 stints via cox_km_survival
russian_grand_prix,SOFT,2020,1.03,0.07,82,108,33.0,0.76,2026-09-28,2018_to_2024,km_survival_v1,fcf4949,2026-09-28T14:48:59Z,cox_km_survival,fitted,class_default,fitted,35,35 stints via cox_km_survival; no usable estimate for gradient: class default used
russian_grand_prix,ULTRASOFT,2018,1.07,0.1,82,108,14.0,1.5,2026-09-28,2018_to_2024,km_survival_v1,fcf4949,2026-09-28T14:48:59Z,compound_class_default,class_default,class_default,class_default,0,insufficient data (0 stints); used class defaults
sakhir_grand_prix,HARD,2020,0.97,0.022,76,108,50.0,1.2,2026-09-28,2018_to_2024,km_survival_v1,fcf4949,2026-09-28T14:48:59Z,compound_class_default,class_default,class_default,class_default,0,insufficient data (0 stints); used class defaults
sakhir_grand_prix,MEDIUM,2020,1.0,0.04,78,105,33.0,1.4,2026-09-28,2018_to_2024,km_survival_v1,fcf4949,2026-09-28T14:48:59Z,compound_class_default,class_default,class_default,class_default,0,insufficient data (0 stints); used class defaults
sakhir_grand_prix,SOFT,2020,1.03,0.07,82,108,22.0,1.5,2026-09-28,2018_to_2024,km_survival_v1,fcf4949,2026-09-28T14:48:59Z,compound_class_default,class_default,class_default,class_default,0,insufficient data (0 stints); used class defaults
saudi_arabian_grand_prix,HARD,2021,0.97,0.022,76,108,50.0,1.2,2026-09-28,2018_to_2024,km_survival_v1,fcf4949,2026-09-28T14:48:59Z,compound_class_default,class_default,class_default,class_default,0,insufficient data (0 stints); used class defaults
saudi_arabian_grand_prix,HARD,2022,0.97,0.022,76,108,27.0,1.1,2026-09-28,2018_to_2024,km_survival_v1,fcf4949,2026-09-28T14:48:59Z,cox_km_survival,fitted,class_default,fitted,13,13 stints via cox_km_survival; no usable estimate for gradient: class default used
saudi_arabian_grand_prix,HARD,2023,0.97,0.0336,76,108,32.0,1.05,2026-09-28,2018_to_2024,km_survival_v1,fcf4949,2026-09-28T14:48:59Z,cox_km_survival,fitted,fitted,fitted,31,fitted from 31 stints via cox_km_survival
saudi_arabian_grand_prix,HARD,2024,0.97,0.0336,76,108,32.0,1.05,2026-09-28,2018_to_2024,km_survival_v1,fcf4949,2026-09-28T14:48:59Z,cox_km_survival,fitted,fitted,fitted,50,fitted from 50 stints via cox_km_survival
saudi_arabian_grand_prix,MEDIUM,2021,1.0,0.04,78,105,33.0,1.4,2026-09-28,2018_to_2024,km_survival_v1,fcf4949,2026-09-28T14:48:59Z,compound_class_default,class_default,class_default,class_default,0,insufficient data (0 stints); used class defaults
saudi_arabian_grand_prix,MEDIUM,2022,1.0,0.04,78,105,23.0,1.19,2026-09-28,2018_to_2024,km_survival_v1,fcf4949,2026-09-28T14:48:59Z,cox_km_survival,fitted,class_default,fitted,24,24 stints via cox_km_survival; no usable estimate for gradient: class default used
saudi_arabian_grand_prix,MEDIUM,2023,1.0,0.146,78,105,22.0,1.13,2026-09-28,2018_to_2024,km_survival_v1,fcf4949,2026-09-28T14:48:59Z,cox_km_survival,fitted,fitted,fitted,42,fitted from 42 stints via cox_km_survival
saudi_arabian_grand_prix,MEDIUM,2024,1.0,0.1269,78,105,23.0,1.0,2026-09-28,2018_to_2024,km_survival_v1,fcf4949,2026-09-28T14:48:59Z,cox_km_survival,fitted,fitted,fitted,62,fitted from 62 stints via cox_km_survival
saudi_arabian_grand_prix,SOFT,2021,1.03,0.07,82,108,22.0,1.5,2026-09-28,2018_to_2024,km_survival_v1,fcf4949,2026-09-28T14:48:59Z,compound_class_default,class_default,class_default,class_default,0,insufficient data (0 stints); used class defaults
saudi_arabian_grand_prix,SOFT,2023,1.03,0.07,82,108,22.0,1.5,2026-09-28,2018_to_2024,km_survival_v1,fcf4949,2026-09-28T14:48:59Z,compound_class_default,class_default,class_default,class_default,2,insufficient data (2 stints); used class defaults
saudi_arabian_grand_prix,SOFT,2024,1.03,0.07,82,108,22.0,1.5,2026-09-28,2018_to_2024,km_survival_v1,fcf4949,2026-09-28T14:48:59Z,compound_class_default,class_default,class_default,class_default,4,insufficient data (4 stints); used class defaults
singapore_grand_prix,HARD,2019,0.97,0.022,76,108,50.0,1.2,2026-09-28,2018_to_2024,km_survival_v1,fcf4949,2026-09-28T14:48:59Z,compound_class_default,class_default,class_default,class_default,0,insufficient data (0 stints); used class defaults
singapore_grand_prix,HARD,2023,0.97,0.272,76,108,11.0,1.3,2026-09-28,2018_to_2024,km_survival_v1,fcf4949,2026-09-28T14:48:59Z,cox_km_survival,fitted,fitted,fitted,19,fitted from 19 stints via cox_km_survival
singapore_grand_prix,HARD,2024,0.97,0.2327,76,108,12.0,1.09,2026-09-28,2018_to_2024,km_survival_v1,fcf4949,2026-09-28T14:48:59Z,cox_km_survival,fitted,fitted,fitted,37,fitted from 37 stints via cox_km_survival
singapore_grand_prix,HYPERSOFT,2018,1.09,0.115,82,108,10.0,1.5,2026-09-28,2018_to_2024,km_survival_v1,fcf4949,2026-09-28T14:48:59Z,compound_class_default,class_default,class_default,class_default,0,insufficient data (0 stints); used class defaults
singapore_grand_prix,INTERMEDIATE,2022,0.98,0.055,15,50,25.0,1.3,2026-09-28,2018_to_2024,km_survival_v1,fcf4949,2026-09-28T14:48:59Z,compound_class_default,class_default,class_default,class_default,0,insufficient data (0 stints); used class defaults
singapore_grand_prix,MEDIUM,2019,1.0,0.04,78,105,33.0,1.4,2026-09-28,2018_to_2024,km_survival_v1,fcf4949,2026-09-28T14:48:59Z,compound_class_default,class_default,class_default,class_default,0,insufficient data (0 stints); used class defaults
singapore_grand_prix,MEDIUM,2022,1.0,0.0776,78,105,29.0,1.35,2026-09-28,2018_to_2024,km_survival_v1,fcf4949,2026-09-28T14:48:59Z,cox_km_survival,fitted,fitted,fitted,13,fitted from 13 stints via cox_km_survival
singapore_grand_prix,MEDIUM,2023,1.0,0.0776,78,105,29.0,1.27,2026-09-28,2018_to_2024,km_survival_v1,fcf4949,2026-09-28T14:48:59Z,cox_km_survival,fitted,fitted,fitted,23,fitted from 23 stints via cox_km_survival
singapore_grand_prix,MEDIUM,2024,1.0,0.1778,78,105,24.0,1.17,2026-09-28,2018_to_2024,km_survival_v1,fcf4949,2026-09-28T14:48:59Z,cox_km_survival,fitted,fitted,fitted,44,fitted from 44 stints via cox_km_survival
singapore_grand_prix,SOFT,2018,1.03,0.07,82,108,22.0,1.5,2026-09-28,2018_to_2024,km_survival_v1,fcf4949,2026-09-28T14:48:59Z,compound_class_default,class_default,class_default,class_default,0,insufficient data (0 stints); used class defaults
singapore_grand_prix,SOFT,2019,1.03,0.0271,82,108,11.0,1.04,2026-09-28,2018_to_2024,km_survival_v1,fcf4949,2026-09-28T14:48:59Z,cox_km_survival,fitted,fitted,fitted,11,fitted from 11 stints via cox_km_survival
singapore_grand_prix,SOFT,2022,1.03,0.0669,82,108,16.0,1.0,2026-09-28,2018_to_2024,km_survival_v1,fcf4949,2026-09-28T14:48:59Z,cox_km_survival,fitted,fitted,fitted,23,fitted from 23 stints via cox_km_survival
singapore_grand_prix,SOFT,2023,1.03,0.0669,82,108,16.0,0.97,2026-09-28,2018_to_2024,km_survival_v1,fcf4949,2026-09-28T14:48:59Z,cox_km_survival,fitted,fitted,fitted,29,fitted from 29 stints via cox_km_survival
singapore_grand_prix,SOFT,2024,1.03,0.065,82,108,17.0,1.09,2026-09-28,2018_to_2024,km_survival_v1,fcf4949,2026-09-28T14:48:59Z,cox_km_survival,fitted,fitted,fitted,32,fitted from 32 stints via cox_km_survival
singapore_grand_prix,ULTRASOFT,2018,1.07,0.1,82,108,14.0,1.5,2026-09-28,2018_to_2024,km_survival_v1,fcf4949,2026-09-28T14:48:59Z,compound_class_default,class_default,class_default,class_default,0,insufficient data (0 stints); used class defaults
spanish_grand_prix,HARD,2019,0.97,0.022,76,108,50.0,1.2,2026-09-28,2018_to_2024,km_survival_v1,fcf4949,2026-09-28T14:48:59Z,compound_class_default,class_default,class_default,class_default,0,insufficient data (0 stints); used class defaults
spanish_grand_prix,HARD,2020,0.97,0.022,76,108,50.0,1.2,2026-09-28,2018_to_2024,km_survival_v1,fcf4949,2026-09-28T14:48:59Z,compound_class_default,class_default,class_default,class_default,4,insufficient data (4 stints); used class defaults
spanish_grand_prix,HARD,2022,0.97,0.022,76,108,50.0,1.2,2026-09-28,2018_to_2024,km_survival_v1,fcf4949,2026-09-28T14:48:59Z,compound_class_default,class_default,class_default,class_default,5,insufficient data (5 stints); used class defaults
spanish_grand_prix,HARD,2023,0.97,0.022,76,108,50.0,1.2,2026-09-28,2018_to_2024,km_survival_v1,fcf4949,2026-09-28T14:48:59Z,compound_class_default,class_default,class_default,class_default,6,insufficient data (6 stints); used class defaults
spanish_grand_prix,HARD,2024,0.97,0.076,76,108,22.0,1.11,2026-09-28,2018_to_2024,km_survival_v1,fcf4949,2026-09-28T14:48:59Z,cox_km_survival,fitted,fitted,fitted,28,fitted from 28 stints via cox_km_survival
spanish_grand_prix,MEDIUM,2018,1.0,0.04,78,105,33.0,1.4,2026-09-28,2018_to_2024,km_survival_v1,fcf4949,2026-09-28T14:48:59Z,compound_class_default,class_default,class_default,class_default,0,insufficient data (0 stints); used class defaults
spanish_grand_prix,MEDIUM,2019,1.0,0.075,78,105,22.0,0.47,2026-09-28,2018_to_2024,km_survival_v1,fcf4949,2026-09-28T14:48:59Z,cox_km_survival,fitted,fitted,fitted,15,fitted from 15 stints via cox_km_survival
spanish_grand_prix,MEDIUM,2020,1.0,0.0475,78,105,27.0,0.6,2026-09-28,2018_to_2024,km_survival_v1,fcf4949,2026-09-28T14:48:59Z,cox_km_survival,fitted,fitted,fitted,39,fitted from 39 stints via cox_km_survival
spanish_grand_prix,MEDIUM,2021,1.0,0.0579,78,105,23.0,0.83,2026-09-28,2018_to_2024,km_survival_v1,fcf4949,2026-09-28T14:48:59Z,cox_km_survival,fitted,fitted,fitted,67,fitted from 67 stints via cox_km_survival
spanish_grand_prix,MEDIUM,2022,1.0,0.0737,78,105,22.0,0.99,2026-09-28,2018_to_2024,km_survival_v1,fcf4949,2026-09-28T14:48:59Z,cox_km_survival,fitted,fitted,fitted,91,fitted from 91 stints via cox_km_survival
spanish_grand_prix,MEDIUM,2023,1.0,0.0878,78,105,19.0,1.0,2026-09-28,2018_to_2024,km_survival_v1,fcf4949,2026-09-28T14:48:59Z,cox_km_survival,fitted,fitted,fitted,117,fitted from 117 stints via cox_km_survival
spanish_grand_prix,MEDIUM,2024,1.0,0.0839,78,105,19.0,0.99,2026-09-28,2018_to_2024,km_survival_v1,fcf4949,2026-09-28T14:48:59Z,cox_km_survival,fitted,fitted,fitted,134,fitted from 134 stints via cox_km_survival
spanish_grand_prix,SOFT,2018,1.03,0.07,82,108,22.0,1.5,2026-09-28,2018_to_2024,km_survival_v1,fcf4949,2026-09-28T14:48:59Z,compound_class_default,class_default,class_default,class_default,0,insufficient data (0 stints); used class defaults
spanish_grand_prix,SOFT,2019,1.03,0.07,82,108,22.0,1.19,2026-09-28,2018_to_2024,km_survival_v1,fcf4949,2026-09-28T14:48:59Z,cox_km_survival,class_default,class_default,fitted,15,"15 stints via cox_km_survival; no usable estimate for onset, gradient: class default used"
spanish_grand_prix,SOFT,2020,1.03,0.1343,82,108,22.2,0.83,2026-09-28,2018_to_2024,km_survival_v1,fcf4949,2026-09-28T14:48:59Z,cox_km_survival,fitted,fitted,fitted,44,fitted from 44 stints via cox_km_survival
spanish_grand_prix,SOFT,2021,1.03,0.0832,82,108,29.0,0.8,2026-09-28,2018_to_2024,km_survival_v1,fcf4949,2026-09-28T14:48:59Z,cox_km_survival,fitted,fitted,fitted,68,fitted from 68 stints via cox_km_survival
spanish_grand_prix,SOFT,2022,1.03,0.0524,82,108,29.0,0.99,2026-09-28,2018_to_2024,km_survival_v1,fcf4949,2026-09-28T14:48:59Z,cox_km_survival,fitted,fitted,fitted,101,fitted from 101 stints via cox_km_survival
spanish_grand_prix,SOFT,2023,1.03,0.1038,82,108,21.0,1.08,2026-09-28,2018_to_2024,km_survival_v1,fcf4949,2026-09-28T14:48:59Z,cox_km_survival,fitted,fitted,fitted,145,fitted from 145 stints via cox_km_survival
spanish_grand_prix,SOFT,2024,1.03,0.1087,82,108,21.0,1.06,2026-09-28,2018_to_2024,km_survival_v1,fcf4949,2026-09-28T14:48:59Z,cox_km_survival,fitted,fitted,fitted,168,fitted from 168 stints via cox_km_survival
spanish_grand_prix,SUPERSOFT,2018,1.05,0.085,82,108,18.0,1.5,2026-09-28,2018_to_2024,km_survival_v1,fcf4949,2026-09-28T14:48:59Z,compound_class_default,class_default,class_default,class_default,0,insufficient data (0 stints); used class defaults
styrian_grand_prix,HARD,2020,0.97,0.0258,76,108,45.0,1.21,2026-09-28,2018_to_2024,km_survival_v1,fcf4949,2026-09-28T14:48:59Z,cross_season_fallback,cross_season_fallback,cross_season_fallback,cross_season_fallback,18,insufficient season stints (0); used 18 cross-season stints
styrian_grand_prix,HARD,2021,0.97,0.026,76,108,46.0,1.16,2026-09-28,2018_to_2024,km_survival_v1,fcf4949,2026-09-28T14:48:59Z,cross_season_fallback,cross_season_fallback,cross_season_fallback,cross_season_fallback,37,insufficient season stints (2); used 37 cross-season stints
styrian_grand_prix,MEDIUM,2020,1.0,0.04,78,105,31.0,0.28,2026-09-28,2018_to_2024,km_survival_v1,fcf4949,2026-09-28T14:48:59Z,cross_season_fallback,cross_season_fallback,class_default,cross_season_fallback,14,insufficient season stints (0); used 14 cross-season stints; no usable estimate for gradient: class default used
styrian_grand_prix,MEDIUM,2021,1.0,0.0137,78,105,31.0,0.7,2026-09-28,2018_to_2024,km_survival_v1,fcf4949,2026-09-28T14:48:59Z,cox_km_survival,fitted,fitted,fitted,16,fitted from 16 stints via cox_km_survival
styrian_grand_prix,SOFT,2020,1.03,0.0319,82,108,33.0,0.63,2026-09-28,2018_to_2024,km_survival_v1,fcf4949,2026-09-28T14:48:59Z,cross_season_fallback,cross_season_fallback,cross_season_fallback,cross_season_fallback,28,insufficient season stints (0); used 28 cross-season stints
styrian_grand_prix,SOFT,2021,1.03,0.0455,82,108,33.0,0.89,2026-09-28,2018_to_2024,km_survival_v1,fcf4949,2026-09-28T14:48:59Z,cox_km_survival,fitted,fitted,fitted,19,fitted from 19 stints via cox_km_survival
são_paulo_grand_prix,HARD,2021,0.97,0.022,76,108,50.0,1.2,2026-09-28,2018_to_2024,km_survival_v1,fcf4949,2026-09-28T14:48:59Z,compound_class_default,class_default,class_default,class_default,0,insufficient data (0 stints); used class defaults
são_paulo_grand_prix,HARD,2022,0.97,0.0911,76,108,20.0,0.87,2026-09-28,2018_to_2024,km_survival_v1,fcf4949,2026-09-28T14:48:59Z,cox_km_survival,fitted,fitted,fitted,29,fitted from 29 stints via cox_km_survival
são_paulo_grand_prix,INTERMEDIATE,2024,0.98,0.055,15,50,25.0,1.3,2026-09-28,2018_to_2024,km_survival_v1,fcf4949,2026-09-28T14:48:59Z,compound_class_default,class_default,class_default,class_default,0,insufficient data (0 stints); used class defaults
são_paulo_grand_prix,MEDIUM,2021,1.0,0.0526,78,105,23.0,0.95,2026-09-28,2018_to_2024,km_survival_v1,fcf4949,2026-09-28T14:48:59Z,cross_season_fallback,cross_season_fallback,cross_season_fallback,cross_season_fallback,35,insufficient season stints (0); used 35 cross-season stints
são_paulo_grand_prix,MEDIUM,2022,1.0,0.0591,78,105,28.0,0.62,2026-09-28,2018_to_2024,km_survival_v1,fcf4949,2026-09-28T14:48:59Z,cox_km_survival,fitted,fitted,fitted,40,fitted from 40 stints via cox_km_survival
são_paulo_grand_prix,MEDIUM,2023,1.0,0.0901,78,105,22.0,0.72,2026-09-28,2018_to_2024,km_survival_v1,fcf4949,2026-09-28T14:48:59Z,cox_km_survival,fitted,fitted,fitted,69,fitted from 69 stints via cox_km_survival
são_paulo_grand_prix,SOFT,2021,1.03,0.0788,82,108,26.0,0.85,2026-09-28,2018_to_2024,km_survival_v1,fcf4949,2026-09-28T14:48:59Z,cross_season_fallback,cross_season_fallback,cross_season_fallback,cross_season_fallback,48,insufficient season stints (0); used 48 cross-season stints
são_paulo_grand_prix,SOFT,2022,1.03,0.0788,82,108,26.0,0.85,2026-09-28,2018_to_2024,km_survival_v1,fcf4949,2026-09-28T14:48:59Z,cross_season_fallback,cross_season_fallback,cross_season_fallback,cross_season_fallback,48,insufficient season stints (0); used 48 cross-season stints
são_paulo_grand_prix,SOFT,2023,1.03,0.0815,82,108,25.0,0.69,2026-09-28,2018_to_2024,km_survival_v1,fcf4949,2026-09-28T14:48:59Z,cox_km_survival,fitted,fitted,fitted,29,fitted from 29 stints via cox_km_survival
são_paulo_grand_prix,WET,2024,0.95,0.08,10,40,20.0,1.45,2026-09-28,2018_to_2024,km_survival_v1,fcf4949,2026-09-28T14:48:59Z,compound_class_default,class_default,class_default,class_default,0,insufficient data (0 stints); used class defaults
turkish_grand_prix,INTERMEDIATE,2020,0.98,0.055,15,50,25.0,1.3,2026-09-28,2018_to_2024,km_survival_v1,fcf4949,2026-09-28T14:48:59Z,compound_class_default,class_default,class_default,class_default,0,insufficient data (0 stints); used class defaults
turkish_grand_prix,INTERMEDIATE,2021,0.98,0.152,15,50,17.0,0.95,2026-09-28,2018_to_2024,km_survival_v1,fcf4949,2026-09-28T14:48:59Z,cox_km_survival,fitted,fitted,fitted,36,fitted from 36 stints via cox_km_survival
turkish_grand_prix,WET,2020,0.95,0.08,10,40,20.0,1.45,2026-09-28,2018_to_2024,km_survival_v1,fcf4949,2026-09-28T14:48:59Z,compound_class_default,class_default,class_default,class_default,0,insufficient data (0 stints); used class defaults
tuscan_grand_prix,HARD,2020,0.97,0.022,76,108,50.0,1.2,2026-09-28,2018_to_2024,km_survival_v1,fcf4949,2026-09-28T14:48:59Z,compound_class_default,class_default,class_default,class_default,0,insufficient data (0 stints); used class defaults
tuscan_grand_prix,MEDIUM,2020,1.0,0.04,78,105,33.0,1.4,2026-09-28,2018_to_2024,km_survival_v1,fcf4949,2026-09-28T14:48:59Z,compound_class_default,class_default,class_default,class_default,0,insufficient data (0 stints); used class defaults
tuscan_grand_prix,SOFT,2020,1.03,0.07,82,108,22.0,1.5,2026-09-28,2018_to_2024,km_survival_v1,fcf4949,2026-09-28T14:48:59Z,compound_class_default,class_default,class_default,class_default,0,insufficient data (0 stints); used class defaults
united_states_grand_prix,HARD,2019,0.97,0.022,76,108,50.0,1.2,2026-09-28,2018_to_2024,km_survival_v1,fcf4949,2026-09-28T14:48:59Z,compound_class_default,class_default,class_default,class_default,0,insufficient data (0 stints); used class defaults
united_states_grand_prix,HARD,2021,0.97,0.0856,76,108,17.0,1.01,2026-09-28,2018_to_2024,km_survival_v1,fcf4949,2026-09-28T14:48:59Z,cox_km_survival,fitted,fitted,fitted,18,fitted from 18 stints via cox_km_survival
united_states_grand_prix,HARD,2022,0.97,0.1005,76,108,12.0,0.94,2026-09-28,2018_to_2024,km_survival_v1,fcf4949,2026-09-28T14:48:59Z,cox_km_survival,fitted,fitted,fitted,48,fitted from 48 stints via cox_km_survival
united_states_grand_prix,HARD,2023,0.97,0.0742,76,108,16.0,0.9,2026-09-28,2018_to_2024,km_survival_v1,fcf4949,2026-09-28T14:48:59Z,cox_km_survival,fitted,fitted,fitted,75,fitted from 75 stints via cox_km_survival
united_states_grand_prix,HARD,2024,0.97,0.0848,76,108,15.0,0.91,2026-09-28,2018_to_2024,km_survival_v1,fcf4949,2026-09-28T14:48:59Z,cox_km_survival,fitted,fitted,fitted,96,fitted from 96 stints via cox_km_survival
united_states_grand_prix,MEDIUM,2019,1.0,0.04,78,105,33.0,1.4,2026-09-28,2018_to_2024,km_survival_v1,fcf4949,2026-09-28T14:48:59Z,compound_class_default,class_default,class_default,class_default,0,insufficient data (0 stints); used class defaults
united_states_grand_prix,MEDIUM,2021,1.0,0.2392,78,105,10.0,1.09,2026-09-28,2018_to_2024,km_survival_v1,fcf4949,2026-09-28T14:48:59Z,cox_km_survival,fitted,fitted,fitted,19,fitted from 19 stints via cox_km_survival
united_states_grand_prix,MEDIUM,2022,1.0,0.105,78,105,14.0,1.04,2026-09-28,2018_to_2024,km_survival_v1,fcf4949,2026-09-28T14:48:59Z,cox_km_survival,fitted,fitted,fitted,45,fitted from 45 stints via cox_km_survival
united_states_grand_prix,MEDIUM,2023,1.0,0.1062,78,105,14.0,0.98,2026-09-28,2018_to_2024,km_survival_v1,fcf4949,2026-09-28T14:48:59Z,cox_km_survival,fitted,fitted,fitted,70,fitted from 70 stints via cox_km_survival
united_states_grand_prix,MEDIUM,2024,1.0,0.0961,78,105,14.0,0.85,2026-09-28,2018_to_2024,km_survival_v1,fcf4949,2026-09-28T14:48:59Z,cox_km_survival,fitted,fitted,fitted,103,fitted from 103 stints via cox_km_survival
united_states_grand_prix,SOFT,2018,1.03,0.07,82,108,22.0,1.5,2026-09-28,2018_to_2024,km_survival_v1,fcf4949,2026-09-28T14:48:59Z,compound_class_default,class_default,class_default,class_default,0,insufficient data (0 stints); used class defaults
united_states_grand_prix,SOFT,2019,1.03,0.109,82,108,21.0,1.27,2026-09-28,2018_to_2024,km_survival_v1,fcf4949,2026-09-28T14:48:59Z,cox_km_survival,fitted,fitted,fitted,17,fitted from 17 stints via cox_km_survival
united_states_grand_prix,SOFT,2021,1.03,0.1067,82,108,14.0,1.16,2026-09-28,2018_to_2024,km_survival_v1,fcf4949,2026-09-28T14:48:59Z,cox_km_survival,fitted,fitted,fitted,31,fitted from 31 stints via cox_km_survival
united_states_grand_prix,SOFT,2022,1.03,0.0837,82,108,15.0,1.16,2026-09-28,2018_to_2024,km_survival_v1,fcf4949,2026-09-28T14:48:59Z,cox_km_survival,fitted,fitted,fitted,33,fitted from 33 stints via cox_km_survival
united_states_grand_prix,SOFT,2023,1.03,0.0837,82,108,15.0,1.16,2026-09-28,2018_to_2024,km_survival_v1,fcf4949,2026-09-28T14:48:59Z,cox_km_survival,fitted,fitted,fitted,33,fitted from 33 stints via cox_km_survival
united_states_grand_prix,SOFT,2024,1.03,0.1171,82,108,14.0,1.17,2026-09-28,2018_to_2024,km_survival_v1,fcf4949,2026-09-28T14:48:59Z,cox_km_survival,fitted,fitted,fitted,34,fitted from 34 stints via cox_km_survival
united_states_grand_prix,SUPERSOFT,2018,1.05,0.085,82,108,18.0,1.5,2026-09-28,2018_to_2024,km_survival_v1,fcf4949,2026-09-28T14:48:59Z,compound_class_default,class_default,class_default,class_default,0,insufficient data (0 stints); used class defaults
united_states_grand_prix,ULTRASOFT,2018,1.07,0.1,82,108,14.0,1.5,2026-09-28,2018_to_2024,km_survival_v1,fcf4949,2026-09-28T14:48:59Z,compound_class_default,class_default,class_default,class_default,0,insufficient data (0 stints); used class defaults
abu_dhabi_grand_prix,HARD,2025,0.97,0.0571,76,108,22.0,0.8,2026-09-28,2018_to_2024,km_survival_v1,fcf4949,2026-09-28T14:51:22Z,carried_forward_2024,carried_forward,carried_forward,carried_forward,117,No 2025 cell for this venue and compound: the 2024 cell (the latest earlier season with one; fit_source cox_km_survival) carried forward unchanged. Parameters that were class defaults there stay marked class_default. data_window/fit_method are the source fit's.
abu_dhabi_grand_prix,MEDIUM,2025,1.0,0.1516,78,105,15.0,0.97,2026-09-28,2018_to_2024,km_survival_v1,fcf4949,2026-09-28T14:51:22Z,carried_forward_2024,carried_forward,carried_forward,carried_forward,92,No 2025 cell for this venue and compound: the 2024 cell (the latest earlier season with one; fit_source cox_km_survival) carried forward unchanged. Parameters that were class defaults there stay marked class_default. data_window/fit_method are the source fit's.
abu_dhabi_grand_prix,SOFT,2025,1.03,0.1024,82,108,16.0,1.19,2026-09-28,2018_to_2024,km_survival_v1,fcf4949,2026-09-28T14:51:22Z,carried_forward_2024,carried_forward,carried_forward,carried_forward,26,No 2025 cell for this venue and compound: the 2024 cell (the latest earlier season with one; fit_source cox_km_survival) carried forward unchanged. Parameters that were class defaults there stay marked class_default. data_window/fit_method are the source fit's.
australian_grand_prix,HARD,2025,0.97,0.0298,76,108,24.0,0.93,2026-09-28,2018_to_2024,km_survival_v1,fcf4949,2026-09-28T14:51:22Z,carried_forward_2024,carried_forward,carried_forward,carried_forward,52,No 2025 cell for this venue and compound: the 2024 cell (the latest earlier season with one; fit_source cox_km_survival) carried forward unchanged. Parameters that were class defaults there stay marked class_default. data_window/fit_method are the source fit's.
australian_grand_prix,INTERMEDIATE,2025,0.98,0.055,15,50,25.0,1.3,2026-09-28,2018_to_2024,km_survival_v1,fcf4949,2026-09-28T14:51:22Z,compound_class_default,class_default,class_default,class_default,0,No 2025 cell and no earlier season's cell for this venue and compound to carry forward: compound-class defaults (COMPOUND_DEFAULTS).
australian_grand_prix,MEDIUM,2025,1.0,0.0698,78,105,22.0,0.96,2026-09-28,2018_to_2024,km_survival_v1,fcf4949,2026-09-28T14:51:22Z,carried_forward_2024,carried_forward,carried_forward,carried_forward,45,No 2025 cell for this venue and compound: the 2024 cell (the latest earlier season with one; fit_source cox_km_survival) carried forward unchanged. Parameters that were class defaults there stay marked class_default. data_window/fit_method are the source fit's.
austrian_grand_prix,HARD,2025,0.97,0.0479,76,108,45.0,1.0,2026-09-28,2018_to_2024,km_survival_v1,fcf4949,2026-09-28T14:51:22Z,carried_forward_2024,carried_forward,carried_forward,carried_forward,91,No 2025 cell for this venue and compound: the 2024 cell (the latest earlier season with one; fit_source cox_km_survival) carried forward unchanged. Parameters that were class defaults there stay marked class_default. data_window/fit_method are the source fit's.
austrian_grand_prix,MEDIUM,2025,1.0,0.0845,78,105,42.0,0.65,2026-09-28,2018_to_2024,km_survival_v1,fcf4949,2026-09-28T14:51:22Z,carried_forward_2024,carried_forward,carried_forward,carried_forward,72,No 2025 cell for this venue and compound: the 2024 cell (the latest earlier season with one; fit_source cox_km_survival) carried forward unchanged. Parameters that were class defaults there stay marked class_default. data_window/fit_method are the source fit's.
austrian_grand_prix,SOFT,2025,1.03,0.0319,82,108,33.0,0.64,2026-09-28,2018_to_2024,km_survival_v1,fcf4949,2026-09-28T14:51:22Z,carried_forward_2024,carried_forward,carried_forward,carried_forward,45,No 2025 cell for this venue and compound: the 2024 cell (the latest earlier season with one; fit_source cox_km_survival) carried forward unchanged. Parameters that were class defaults there stay marked class_default. data_window/fit_method are the source fit's.
azerbaijan_grand_prix,HARD,2025,0.97,0.0609,76,108,24.0,0.74,2026-09-28,2018_to_2024,km_survival_v1,fcf4949,2026-09-28T14:51:22Z,carried_forward_2024,carried_forward,carried_forward,carried_forward,67,No 2025 cell for this venue and compound: the 2024 cell (the latest earlier season with one; fit_source cox_km_survival) carried forward unchanged. Parameters that were class defaults there stay marked class_default. data_window/fit_method are the source fit's.
azerbaijan_grand_prix,MEDIUM,2025,1.0,0.086,78,105,14.0,1.01,2026-09-28,2018_to_2024,km_survival_v1,fcf4949,2026-09-28T14:51:22Z,carried_forward_2024,carried_forward,carried_forward,carried_forward,63,No 2025 cell for this venue and compound: the 2024 cell (the latest earlier season with one; fit_source cox_km_survival) carried forward unchanged. Parameters that were class defaults there stay marked class_default. data_window/fit_method are the source fit's.
bahrain_grand_prix,HARD,2025,0.97,0.1176,76,108,15.0,0.9,2026-09-28,2018_to_2024,km_survival_v1,fcf4949,2026-09-28T14:51:22Z,carried_forward_2024,carried_forward,carried_forward,carried_forward,87,No 2025 cell for this venue and compound: the 2024 cell (the latest earlier season with one; fit_source cox_km_survival) carried forward unchanged. Parameters that were class defaults there stay marked class_default. data_window/fit_method are the source fit's.
bahrain_grand_prix,MEDIUM,2025,1.0,0.1813,78,105,12.0,1.1,2026-09-28,2018_to_2024,km_survival_v1,fcf4949,2026-09-28T14:51:22Z,carried_forward_2023,carried_forward,carried_forward,carried_forward,108,No 2025 cell for this venue and compound: the 2023 cell (the latest earlier season with one; fit_source cox_km_survival) carried forward unchanged. Parameters that were class defaults there stay marked class_default. data_window/fit_method are the source fit's.
bahrain_grand_prix,SOFT,2025,1.03,0.1874,82,108,12.0,1.15,2026-09-28,2018_to_2024,km_survival_v1,fcf4949,2026-09-28T14:51:22Z,carried_forward_2024,carried_forward,carried_forward,carried_forward,136,No 2025 cell for this venue and compound: the 2024 cell (the latest earlier season with one; fit_source cox_km_survival) carried forward unchanged. Parameters that were class defaults there stay marked class_default. data_window/fit_method are the source fit's.
belgian_grand_prix,HARD,2025,0.97,0.2182,76,108,13.0,1.28,2026-09-28,2018_to_2024,km_survival_v1,fcf4949,2026-09-28T14:51:22Z,carried_forward_2024,carried_forward,carried_forward,carried_forward,32,No 2025 cell for this venue and compound: the 2024 cell (the latest earlier season with one; fit_source cox_km_survival) carried forward unchanged. Parameters that were class defaults there stay marked class_default. data_window/fit_method are the source fit's.
belgian_grand_prix,INTERMEDIATE,2025,0.98,0.055,15,50,25.0,1.3,2026-09-28,2018_to_2024,km_survival_v1,fcf4949,2026-09-28T14:51:22Z,compound_class_default,class_default,class_default,class_default,0,No 2025 cell and no earlier season's cell for this venue and compound to carry forward: compound-class defaults (COMPOUND_DEFAULTS).
belgian_grand_prix,MEDIUM,2025,1.0,0.294,78,105,9.0,1.35,2026-09-28,2018_to_2024,km_survival_v1,fcf4949,2026-09-28T14:51:22Z,carried_forward_2024,carried_forward,carried_forward,carried_forward,95,No 2025 cell for this venue and compound: the 2024 cell (the latest earlier season with one; fit_source cox_km_survival) carried forward unchanged. Parameters that were class defaults there stay marked class_default. data_window/fit_method are the source fit's.
british_grand_prix,HARD,2025,0.97,0.0426,76,108,33.0,0.92,2026-09-28,2018_to_2024,km_survival_v1,fcf4949,2026-09-28T14:51:22Z,carried_forward_2024,carried_forward,carried_forward,carried_forward,74,No 2025 cell for this venue and compound: the 2024 cell (the latest earlier season with one; fit_source cox_km_survival) carried forward unchanged. Parameters that were class defaults there stay marked class_default. data_window/fit_method are the source fit's.
british_grand_prix,INTERMEDIATE,2025,0.98,0.055,15,50,25.0,1.3,2026-09-28,2018_to_2024,km_survival_v1,fcf4949,2026-09-28T14:51:22Z,carried_forward_2024,class_default,class_default,class_default,0,No 2025 cell for this venue and compound: the 2024 cell (the latest earlier season with one; fit_source compound_class_default) carried forward unchanged. Parameters that were class defaults there stay marked class_default. data_window/fit_method are the source fit's.
british_grand_prix,MEDIUM,2025,1.0,0.0984,78,105,14.2,0.68,2026-09-28,2018_to_2024,km_survival_v1,fcf4949,2026-09-28T14:51:22Z,carried_forward_2024,carried_forward,carried_forward,carried_forward,106,No 2025 cell for this venue and compound: the 2024 cell (the latest earlier season with one; fit_source cox_km_survival) carried forward unchanged. Parameters that were class defaults there stay marked class_default. data_window/fit_method are the source fit's.
british_grand_prix,SOFT,2025,1.03,0.076,82,108,22.0,0.93,2026-09-28,2018_to_2024,km_survival_v1,fcf4949,2026-09-28T14:51:22Z,carried_forward_2024,carried_forward,carried_forward,carried_forward,76,No 2025 cell for this venue and compound: the 2024 cell (the latest earlier season with one; fit_source cox_km_survival) carried forward unchanged. Parameters that were class defaults there stay marked class_default. data_window/fit_method are the source fit's.
canadian_grand_prix,HARD,2025,0.97,0.0427,76,108,32.0,0.69,2026-09-28,2018_to_2024,km_survival_v1,fcf4949,2026-09-28T14:51:22Z,carried_forward_2024,carried_forward,carried_forward,carried_forward,77,No 2025 cell for this venue and compound: the 2024 cell (the latest earlier season with one; fit_source cox_km_survival) carried forward unchanged. Parameters that were class defaults there stay marked class_default. data_window/fit_method are the source fit's.
canadian_grand_prix,MEDIUM,2025,1.0,0.0777,78,105,22.8,0.78,2026-09-28,2018_to_2024,km_survival_v1,fcf4949,2026-09-28T14:51:22Z,carried_forward_2024,carried_forward,carried_forward,carried_forward,56,No 2025 cell for this venue and compound: the 2024 cell (the latest earlier season with one; fit_source cox_km_survival) carried forward unchanged. Parameters that were class defaults there stay marked class_default. data_window/fit_method are the source fit's.
chinese_grand_prix,HARD,2025,0.97,0.1139,76,108,13.0,0.88,2026-09-28,2018_to_2024,km_survival_v1,fcf4949,2026-09-28T14:51:22Z,carried_forward_2024,carried_forward,carried_forward,carried_forward,19,No 2025 cell for this venue and compound: the 2024 cell (the latest earlier season with one; fit_source cox_km_survival) carried forward unchanged. Parameters that were class defaults there stay marked class_default. data_window/fit_method are the source fit's.
chinese_grand_prix,MEDIUM,2025,1.0,0.0993,78,105,15.0,0.94,2026-09-28,2018_to_2024,km_survival_v1,fcf4949,2026-09-28T14:51:22Z,carried_forward_2024,carried_forward,carried_forward,carried_forward,23,No 2025 cell for this venue and compound: the 2024 cell (the latest earlier season with one; fit_source cox_km_survival) carried forward unchanged. Parameters that were class defaults there stay marked class_default. data_window/fit_method are the source fit's.
dutch_grand_prix,HARD,2025,0.97,0.1231,76,108,13.0,1.11,2026-09-28,2018_to_2024,km_survival_v1,fcf4949,2026-09-28T14:51:22Z,carried_forward_2024,carried_forward,carried_forward,carried_forward,32,No 2025 cell for this venue and compound: the 2024 cell (the latest earlier season with one; fit_source cox_km_survival) carried forward unchanged. Parameters that were class defaults there stay marked class_default. data_window/fit_method are the source fit's.
dutch_grand_prix,MEDIUM,2025,1.0,0.0632,78,105,18.0,0.72,2026-09-28,2018_to_2024,km_survival_v1,fcf4949,2026-09-28T14:51:22Z,carried_forward_2024,carried_forward,carried_forward,carried_forward,50,No 2025 cell for this venue and compound: the 2024 cell (the latest earlier season with one; fit_source cox_km_survival) carried forward unchanged. Parameters that were class defaults there stay marked class_default. data_window/fit_method are the source fit's.
dutch_grand_prix,SOFT,2025,1.03,0.1228,82,108,35.0,0.93,2026-09-28,2018_to_2024,km_survival_v1,fcf4949,2026-09-28T14:51:22Z,carried_forward_2024,carried_forward,carried_forward,carried_forward,86,No 2025 cell for this venue and compound: the 2024 cell (the latest earlier season with one; fit_source cox_km_survival) carried forward unchanged. Parameters that were class defaults there stay marked class_default. data_window/fit_method are the source fit's.
emilia_romagna_grand_prix,HARD,2025,0.97,0.0401,76,108,32.0,0.4,2026-09-28,2018_to_2024,km_survival_v1,fcf4949,2026-09-28T14:51:22Z,carried_forward_2024,carried_forward,carried_forward,carried_forward,16,No 2025 cell for this venue and compound: the 2024 cell (the latest earlier season with one; fit_source cox_km_survival) carried forward unchanged. Parameters that were class defaults there stay marked class_default. data_window/fit_method are the source fit's.
emilia_romagna_grand_prix,MEDIUM,2025,1.0,0.0109,78,105,48.0,0.51,2026-09-28,2018_to_2024,km_survival_v1,fcf4949,2026-09-28T14:51:22Z,carried_forward_2024,carried_forward,carried_forward,carried_forward,51,No 2025 cell for this venue and compound: the 2024 cell (the latest earlier season with one; fit_source cox_km_survival) carried forward unchanged. Parameters that were class defaults there stay marked class_default. data_window/fit_method are the source fit's.
hungarian_grand_prix,HARD,2025,0.97,0.0859,76,108,16.0,1.03,2026-09-28,2018_to_2024,km_survival_v1,fcf4949,2026-09-28T14:51:22Z,carried_forward_2024,carried_forward,carried_forward,carried_forward,81,No 2025 cell for this venue and compound: the 2024 cell (the latest earlier season with one; fit_source cox_km_survival) carried forward unchanged. Parameters that were class defaults there stay marked class_default. data_window/fit_method are the source fit's.
hungarian_grand_prix,MEDIUM,2025,1.0,0.1115,78,105,17.0,0.83,2026-09-28,2018_to_2024,km_survival_v1,fcf4949,2026-09-28T14:51:22Z,carried_forward_2024,carried_forward,carried_forward,carried_forward,117,No 2025 cell for this venue and compound: the 2024 cell (the latest earlier season with one; fit_source cox_km_survival) carried forward unchanged. Parameters that were class defaults there stay marked class_default. data_window/fit_method are the source fit's.
hungarian_grand_prix,SOFT,2025,1.03,0.1032,82,108,14.0,1.15,2026-09-28,2018_to_2024,km_survival_v1,fcf4949,2026-09-28T14:51:22Z,carried_forward_2024,carried_forward,carried_forward,carried_forward,56,No 2025 cell for this venue and compound: the 2024 cell (the latest earlier season with one; fit_source cox_km_survival) carried forward unchanged. Parameters that were class defaults there stay marked class_default. data_window/fit_method are the source fit's.
italian_grand_prix,HARD,2025,0.97,0.055,76,108,25.0,0.76,2026-09-28,2018_to_2024,km_survival_v1,fcf4949,2026-09-28T14:51:22Z,carried_forward_2024,carried_forward,carried_forward,carried_forward,56,No 2025 cell for this venue and compound: the 2024 cell (the latest earlier season with one; fit_source cox_km_survival) carried forward unchanged. Parameters that were class defaults there stay marked class_default. data_window/fit_method are the source fit's.
italian_grand_prix,MEDIUM,2025,1.0,0.0753,78,105,21.0,0.78,2026-09-28,2018_to_2024,km_survival_v1,fcf4949,2026-09-28T14:51:22Z,carried_forward_2024,carried_forward,carried_forward,carried_forward,97,No 2025 cell for this venue and compound: the 2024 cell (the latest earlier season with one; fit_source cox_km_survival) carried forward unchanged. Parameters that were class defaults there stay marked class_default. data_window/fit_method are the source fit's.
italian_grand_prix,SOFT,2025,1.03,0.0652,82,108,29.0,0.72,2026-09-28,2018_to_2024,km_survival_v1,fcf4949,2026-09-28T14:51:22Z,carried_forward_2024,carried_forward,carried_forward,carried_forward,63,No 2025 cell for this venue and compound: the 2024 cell (the latest earlier season with one; fit_source cox_km_survival) carried forward unchanged. Parameters that were class defaults there stay marked class_default. data_window/fit_method are the source fit's.
japanese_grand_prix,HARD,2025,0.97,0.174,76,108,11.0,1.05,2026-09-28,2018_to_2024,km_survival_v1,fcf4949,2026-09-28T14:51:22Z,carried_forward_2024,carried_forward,carried_forward,carried_forward,30,No 2025 cell for this venue and compound: the 2024 cell (the latest earlier season with one; fit_source cox_km_survival) carried forward unchanged. Parameters that were class defaults there stay marked class_default. data_window/fit_method are the source fit's.
japanese_grand_prix,MEDIUM,2025,1.0,0.2218,78,105,10.0,0.96,2026-09-28,2018_to_2024,km_survival_v1,fcf4949,2026-09-28T14:51:22Z,carried_forward_2024,carried_forward,carried_forward,carried_forward,52,No 2025 cell for this venue and compound: the 2024 cell (the latest earlier season with one; fit_source cox_km_survival) carried forward unchanged. Parameters that were class defaults there stay marked class_default. data_window/fit_method are the source fit's.
japanese_grand_prix,SOFT,2025,1.03,0.1116,82,108,19.0,1.03,2026-09-28,2018_to_2024,km_survival_v1,fcf4949,2026-09-28T14:51:22Z,carried_forward_2024,carried_forward,carried_forward,carried_forward,44,No 2025 cell for this venue and compound: the 2024 cell (the latest earlier season with one; fit_source cox_km_survival) carried forward unchanged. Parameters that were class defaults there stay marked class_default. data_window/fit_method are the source fit's.
las_vegas_grand_prix,HARD,2025,0.97,0.0247,76,108,20.0,0.82,2026-09-28,2018_to_2024,km_survival_v1,fcf4949,2026-09-28T14:51:22Z,carried_forward_2024,carried_forward,carried_forward,carried_forward,29,No 2025 cell for this venue and compound: the 2024 cell (the latest earlier season with one; fit_source cox_km_survival) carried forward unchanged. Parameters that were class defaults there stay marked class_default. data_window/fit_method are the source fit's.
las_vegas_grand_prix,MEDIUM,2025,1.0,0.1765,78,105,16.0,1.17,2026-09-28,2018_to_2024,km_survival_v1,fcf4949,2026-09-28T14:51:22Z,carried_forward_2024,carried_forward,carried_forward,carried_forward,15,No 2025 cell for this venue and compound: the 2024 cell (the latest earlier season with one; fit_source cox_km_survival) carried forward unchanged. Parameters that were class defaults there stay marked class_default. data_window/fit_method are the source fit's.
mexico_city_grand_prix,HARD,2025,0.97,0.1365,76,108,13.0,0.65,2026-09-28,2018_to_2024,km_survival_v1,fcf4949,2026-09-28T14:51:22Z,carried_forward_2024,carried_forward,carried_forward,carried_forward,49,No 2025 cell for this venue and compound: the 2024 cell (the latest earlier season with one; fit_source cox_km_survival) carried forward unchanged. Parameters that were class defaults there stay marked class_default. data_window/fit_method are the source fit's.
mexico_city_grand_prix,MEDIUM,2025,1.0,0.0647,78,105,33.0,0.77,2026-09-28,2018_to_2024,km_survival_v1,fcf4949,2026-09-28T14:51:22Z,carried_forward_2024,carried_forward,carried_forward,carried_forward,63,No 2025 cell for this venue and compound: the 2024 cell (the latest earlier season with one; fit_source cox_km_survival) carried forward unchanged. Parameters that were class defaults there stay marked class_default. data_window/fit_method are the source fit's.
mexico_city_grand_prix,SOFT,2025,1.03,0.0659,82,108,23.0,1.13,2026-09-28,2018_to_2024,km_survival_v1,fcf4949,2026-09-28T14:51:22Z,carried_forward_2024,carried_forward,carried_forward,carried_forward,18,No 2025 cell for this venue and compound: the 2024 cell (the latest earlier season with one; fit_source cox_km_survival) carried forward unchanged. Parameters that were class defaults there stay marked class_default. data_window/fit_method are the source fit's.
monaco_grand_prix,HARD,2025,0.97,0.2678,76,108,13.0,1.08,2026-09-28,2018_to_2024,km_survival_v1,fcf4949,2026-09-28T14:51:22Z,carried_forward_2024,carried_forward,carried_forward,carried_forward,39,No 2025 cell for this venue and compound: the 2024 cell (the latest earlier season with one; fit_source cox_km_survival) carried forward unchanged. Parameters that were class defaults there stay marked class_default. data_window/fit_method are the source fit's.
monaco_grand_prix,MEDIUM,2025,1.0,0.04,78,105,14.0,1.15,2026-09-28,2018_to_2024,km_survival_v1,fcf4949,2026-09-28T14:51:22Z,carried_forward_2024,carried_forward,class_default,carried_forward,35,No 2025 cell for this venue and compound: the 2024 cell (the latest earlier season with one; fit_source cox_km_survival) carried forward unchanged. Parameters that were class defaults there stay marked class_default. data_window/fit_method are the source fit's.
monaco_grand_prix,SOFT,2025,1.03,0.1857,82,108,19.0,1.23,2026-09-28,2018_to_2024,km_survival_v1,fcf4949,2026-09-28T14:51:22Z,carried_forward_2024,carried_forward,carried_forward,carried_forward,32,No 2025 cell for this venue and compound: the 2024 cell (the latest earlier season with one; fit_source cox_km_survival) carried forward unchanged. Parameters that were class defaults there stay marked class_default. data_window/fit_method are the source fit's.
qatar_grand_prix,HARD,2025,0.97,0.1293,76,108,27.0,0.78,2026-09-28,2018_to_2024,km_survival_v1,fcf4949,2026-09-28T14:51:22Z,carried_forward_2024,carried_forward,carried_forward,carried_forward,40,No 2025 cell for this venue and compound: the 2024 cell (the latest earlier season with one; fit_source cox_km_survival) carried forward unchanged. Parameters that were class defaults there stay marked class_default. data_window/fit_method are the source fit's.
qatar_grand_prix,MEDIUM,2025,1.0,0.089,78,105,17.0,0.75,2026-09-28,2018_to_2024,km_survival_v1,fcf4949,2026-09-28T14:51:22Z,carried_forward_2024,carried_forward,carried_forward,carried_forward,61,No 2025 cell for this venue and compound: the 2024 cell (the latest earlier season with one; fit_source cox_km_survival) carried forward unchanged. Parameters that were class defaults there stay marked class_default. data_window/fit_method are the source fit's.
qatar_grand_prix,SOFT,2025,1.03,0.2347,82,108,11.0,0.51,2026-09-28,2018_to_2024,km_survival_v1,fcf4949,2026-09-28T14:51:22Z,carried_forward_2024,carried_forward,carried_forward,carried_forward,15,No 2025 cell for this venue and compound: the 2024 cell (the latest earlier season with one; fit_source cox_km_survival) carried forward unchanged. Parameters that were class defaults there stay marked class_default. data_window/fit_method are the source fit's.
saudi_arabian_grand_prix,HARD,2025,0.97,0.0336,76,108,32.0,1.05,2026-09-28,2018_to_2024,km_survival_v1,fcf4949,2026-09-28T14:51:22Z,carried_forward_2024,carried_forward,carried_forward,carried_forward,50,No 2025 cell for this venue and compound: the 2024 cell (the latest earlier season with one; fit_source cox_km_survival) carried forward unchanged. Parameters that were class defaults there stay marked class_default. data_window/fit_method are the source fit's.
saudi_arabian_grand_prix,MEDIUM,2025,1.0,0.1269,78,105,23.0,1.0,2026-09-28,2018_to_2024,km_survival_v1,fcf4949,2026-09-28T14:51:22Z,carried_forward_2024,carried_forward,carried_forward,carried_forward,62,No 2025 cell for this venue and compound: the 2024 cell (the latest earlier season with one; fit_source cox_km_survival) carried forward unchanged. Parameters that were class defaults there stay marked class_default. data_window/fit_method are the source fit's.
singapore_grand_prix,HARD,2025,0.97,0.2327,76,108,12.0,1.09,2026-09-28,2018_to_2024,km_survival_v1,fcf4949,2026-09-28T14:51:22Z,carried_forward_2024,carried_forward,carried_forward,carried_forward,37,No 2025 cell for this venue and compound: the 2024 cell (the latest earlier season with one; fit_source cox_km_survival) carried forward unchanged. Parameters that were class defaults there stay marked class_default. data_window/fit_method are the source fit's.
singapore_grand_prix,MEDIUM,2025,1.0,0.1778,78,105,24.0,1.17,2026-09-28,2018_to_2024,km_survival_v1,fcf4949,2026-09-28T14:51:22Z,carried_forward_2024,carried_forward,carried_forward,carried_forward,44,No 2025 cell for this venue and compound: the 2024 cell (the latest earlier season with one; fit_source cox_km_survival) carried forward unchanged. Parameters that were class defaults there stay marked class_default. data_window/fit_method are the source fit's.
singapore_grand_prix,SOFT,2025,1.03,0.065,82,108,17.0,1.09,2026-09-28,2018_to_2024,km_survival_v1,fcf4949,2026-09-28T14:51:22Z,carried_forward_2024,carried_forward,carried_forward,carried_forward,32,No 2025 cell for this venue and compound: the 2024 cell (the latest earlier season with one; fit_source cox_km_survival) carried forward unchanged. Parameters that were class defaults there stay marked class_default. data_window/fit_method are the source fit's.
spanish_grand_prix,HARD,2025,0.97,0.076,76,108,22.0,1.11,2026-09-28,2018_to_2024,km_survival_v1,fcf4949,2026-09-28T14:51:22Z,carried_forward_2024,carried_forward,carried_forward,carried_forward,28,No 2025 cell for this venue and compound: the 2024 cell (the latest earlier season with one; fit_source cox_km_survival) carried forward unchanged. Parameters that were class defaults there stay marked class_default. data_window/fit_method are the source fit's.
spanish_grand_prix,MEDIUM,2025,1.0,0.0839,78,105,19.0,0.99,2026-09-28,2018_to_2024,km_survival_v1,fcf4949,2026-09-28T14:51:22Z,carried_forward_2024,carried_forward,carried_forward,carried_forward,134,No 2025 cell for this venue and compound: the 2024 cell (the latest earlier season with one; fit_source cox_km_survival) carried forward unchanged. Parameters that were class defaults there stay marked class_default. data_window/fit_method are the source fit's.
spanish_grand_prix,SOFT,2025,1.03,0.1087,82,108,21.0,1.06,2026-09-28,2018_to_2024,km_survival_v1,fcf4949,2026-09-28T14:51:22Z,carried_forward_2024,carried_forward,carried_forward,carried_forward,168,No 2025 cell for this venue and compound: the 2024 cell (the latest earlier season with one; fit_source cox_km_survival) carried forward unchanged. Parameters that were class defaults there stay marked class_default. data_window/fit_method are the source fit's.
são_paulo_grand_prix,HARD,2025,0.97,0.0911,76,108,20.0,0.87,2026-09-28,2018_to_2024,km_survival_v1,fcf4949,2026-09-28T14:51:22Z,carried_forward_2022,carried_forward,carried_forward,carried_forward,29,No 2025 cell for this venue and compound: the 2022 cell (the latest earlier season with one; fit_source cox_km_survival) carried forward unchanged. Parameters that were class defaults there stay marked class_default. data_window/fit_method are the source fit's.
são_paulo_grand_prix,MEDIUM,2025,1.0,0.0901,78,105,22.0,0.72,2026-09-28,2018_to_2024,km_survival_v1,fcf4949,2026-09-28T14:51:22Z,carried_forward_2023,carried_forward,carried_forward,carried_forward,69,No 2025 cell for this venue and compound: the 2023 cell (the latest earlier season with one; fit_source cox_km_survival) carried forward unchanged. Parameters that were class defaults there stay marked class_default. data_window/fit_method are the source fit's.
são_paulo_grand_prix,SOFT,2025,1.03,0.0815,82,108,25.0,0.69,2026-09-28,2018_to_2024,km_survival_v1,fcf4949,2026-09-28T14:51:22Z,carried_forward_2023,carried_forward,carried_forward,carried_forward,29,No 2025 cell for this venue and compound: the 2023 cell (the latest earlier season with one; fit_source cox_km_survival) carried forward unchanged. Parameters that were class defaults there stay marked class_default. data_window/fit_method are the source fit's.
united_states_grand_prix,HARD,2025,0.97,0.0848,76,108,15.0,0.91,2026-09-28,2018_to_2024,km_survival_v1,fcf4949,2026-09-28T14:51:22Z,carried_forward_2024,carried_forward,carried_forward,carried_forward,96,No 2025 cell for this venue and compound: the 2024 cell (the latest earlier season with one; fit_source cox_km_survival) carried forward unchanged. Parameters that were class defaults there stay marked class_default. data_window/fit_method are the source fit's.
united_states_grand_prix,MEDIUM,2025,1.0,0.0961,78,105,14.0,0.85,2026-09-28,2018_to_2024,km_survival_v1,fcf4949,2026-09-28T14:51:22Z,carried_forward_2024,carried_forward,carried_forward,carried_forward,103,No 2025 cell for this venue and compound: the 2024 cell (the latest earlier season with one; fit_source cox_km_survival) carried forward unchanged. Parameters that were class defaults there stay marked class_default. data_window/fit_method are the source fit's.
united_states_grand_prix,SOFT,2025,1.03,0.1171,82,108,14.0,1.17,2026-09-28,2018_to_2024,km_survival_v1,fcf4949,2026-09-28T14:51:22Z,carried_forward_2024,carried_forward,carried_forward,carried_forward,34,No 2025 cell for this venue and compound: the 2024 cell (the latest earlier season with one; fit_source cox_km_survival) carried forward unchanged. Parameters that were class defaults there stay marked class_default. data_window/fit_method are the source fit's.
austrian_grand_prix,HARD,2022,0.97,0.026,76,108,46.0,1.21,2026-10-03,2018_to_2024,km_survival_v1,99c2821,2026-10-03T15:11:02Z,carried_forward_2021,carried_forward,carried_forward,carried_forward,35,No 2022 cell for this venue and compound: the 2021 cell (the latest earlier season with one; fit_source cox_km_survival) carried forward unchanged. Parameters that were class defaults there stay marked class_default. data_window/fit_method are the source fit's.
austrian_grand_prix,MEDIUM,2022,1.0,0.04,78,105,42.0,0.4,2026-10-03,2018_to_2024,km_survival_v1,99c2821,2026-10-03T15:11:02Z,carried_forward_2021,carried_forward,class_default,carried_forward,28,No 2022 cell for this venue and compound: the 2021 cell (the latest earlier season with one; fit_source cox_km_survival) carried forward unchanged. Parameters that were class defaults there stay marked class_default. data_window/fit_method are the source fit's.
monaco_grand_prix,HARD,2022,0.97,0.0349,76,108,50.0,0.77,2026-10-03,2018_to_2024,km_survival_v1,99c2821,2026-10-03T15:11:02Z,carried_forward_2021,class_default,carried_forward,carried_forward,8,No 2022 cell for this venue and compound: the 2021 cell (the latest earlier season with one; fit_source cox_km_survival) carried forward unchanged. Parameters that were class defaults there stay marked class_default. data_window/fit_method are the source fit's.
monaco_grand_prix,INTERMEDIATE,2022,0.98,0.055,15,50,25.0,1.3,2026-10-03,2018_to_2021,km_survival_v1,99c2821,2026-10-03T15:11:02Z,compound_class_default,class_default,class_default,class_default,0,No 2022 cell and no earlier season's cell for this venue and compound to carry forward: compound-class defaults (COMPOUND_DEFAULTS).
monaco_grand_prix,MEDIUM,2022,1.0,0.04,78,105,13.0,1.29,2026-10-03,2018_to_2024,km_survival_v1,99c2821,2026-10-03T15:11:02Z,carried_forward_2021,carried_forward,class_default,carried_forward,17,No 2022 cell for this venue and compound: the 2021 cell (the latest earlier season with one; fit_source cox_km_survival) carried forward unchanged. Parameters that were class defaults there stay marked class_default. data_window/fit_method are the source fit's.
monaco_grand_prix,SOFT,2022,1.03,0.1759,82,108,16.0,1.14,2026-10-03,2018_to_2024,km_survival_v1,99c2821,2026-10-03T15:11:02Z,carried_forward_2021,carried_forward,carried_forward,carried_forward,15,No 2022 cell for this venue and compound: the 2021 cell (the latest earlier season with one; fit_source cox_km_survival) carried forward unchanged. Parameters that were class defaults there stay marked class_default. data_window/fit_method are the source fit's.
monaco_grand_prix,WET,2022,0.95,0.08,10,40,20.0,1.45,2026-10-03,2018_to_2021,km_survival_v1,99c2821,2026-10-03T15:11:02Z,compound_class_default,class_default,class_default,class_default,0,No 2022 cell and no earlier season's cell for this venue and compound to carry forward: compound-class defaults (COMPOUND_DEFAULTS).
