{
  "colsample_bytree": 0.8047002686470622,
  "gamma": 0.1650384951853549,
  "learning_rate": 0.03956844592849967,
  "max_depth": 5,
  "min_child_weight": 15,
  "n_estimators": 600,
  "reg_alpha": 0.007127026660949176,
  "reg_lambda": 0.006624369168909375,
  "subsample": 0.9138877364644629
}